url	md5	Data collection	Data type	Analysis group	Sample	Population	Data reuse policy
ftp://ftp.sra.ebi.ac.uk/vol1/fastq/SRR197/065/SRR19762165/SRR19762165_1.fastq.gz	f97bfb0642343e20446f7427ed6fb280	MAGE RNA-seq	sequence	mRNA	NA19717	Mexican Ancestry in Los Angeles, California	https://ftp.1000genomes.ebi.ac.uk/vol1/ftp/data_collections/mage_rnaseq/
ftp://ftp.sra.ebi.ac.uk/vol1/fastq/SRR197/065/SRR19762165/SRR19762165_2.fastq.gz	f97bfb0642343e20446f7427ed6fb280	MAGE RNA-seq	sequence	mRNA	NA19717	Mexican Ancestry in Los Angeles, California	https://ftp.1000genomes.ebi.ac.uk/vol1/ftp/data_collections/mage_rnaseq/
ftp://ftp.sra.ebi.ac.uk/vol1/fastq/SRR197/077/SRR19762177/SRR19762177_1.fastq.gz	60d5efcdcd9b873a2d59109a55e0431c	MAGE RNA-seq	sequence	mRNA	NA19308	Luhya in Webuye, Kenya	https://ftp.1000genomes.ebi.ac.uk/vol1/ftp/data_collections/mage_rnaseq/
ftp://ftp.sra.ebi.ac.uk/vol1/fastq/SRR197/077/SRR19762177/SRR19762177_2.fastq.gz	60d5efcdcd9b873a2d59109a55e0431c	MAGE RNA-seq	sequence	mRNA	NA19308	Luhya in Webuye, Kenya	https://ftp.1000genomes.ebi.ac.uk/vol1/ftp/data_collections/mage_rnaseq/
ftp://ftp.sra.ebi.ac.uk/vol1/fastq/SRR197/079/SRR19762179/SRR19762179_1.fastq.gz	72e3b20a36c49a1dd3a967536deab940	MAGE RNA-seq	sequence	mRNA	NA19238	Yoruba in Ibadan, Nigeria	https://ftp.1000genomes.ebi.ac.uk/vol1/ftp/data_collections/mage_rnaseq/
ftp://ftp.sra.ebi.ac.uk/vol1/fastq/SRR197/079/SRR19762179/SRR19762179_2.fastq.gz	72e3b20a36c49a1dd3a967536deab940	MAGE RNA-seq	sequence	mRNA	NA19238	Yoruba in Ibadan, Nigeria	https://ftp.1000genomes.ebi.ac.uk/vol1/ftp/data_collections/mage_rnaseq/
ftp://ftp.sra.ebi.ac.uk/vol1/fastq/SRR197/085/SRR19762185/SRR19762185_1.fastq.gz	a9ee2e544273e54543654571f1303037	MAGE RNA-seq	sequence	mRNA	NA19129	Yoruba in Ibadan, Nigeria	https://ftp.1000genomes.ebi.ac.uk/vol1/ftp/data_collections/mage_rnaseq/
ftp://ftp.sra.ebi.ac.uk/vol1/fastq/SRR197/085/SRR19762185/SRR19762185_2.fastq.gz	a9ee2e544273e54543654571f1303037	MAGE RNA-seq	sequence	mRNA	NA19129	Yoruba in Ibadan, Nigeria	https://ftp.1000genomes.ebi.ac.uk/vol1/ftp/data_collections/mage_rnaseq/
ftp://ftp.sra.ebi.ac.uk/vol1/fastq/SRR197/091/SRR19762191/SRR19762191_1.fastq.gz	7b92ff56bd7258f2793597afd3df573f	MAGE RNA-seq	sequence	mRNA	NA18934	Yoruba in Ibadan, Nigeria	https://ftp.1000genomes.ebi.ac.uk/vol1/ftp/data_collections/mage_rnaseq/
ftp://ftp.sra.ebi.ac.uk/vol1/fastq/SRR197/091/SRR19762191/SRR19762191_2.fastq.gz	7b92ff56bd7258f2793597afd3df573f	MAGE RNA-seq	sequence	mRNA	NA18934	Yoruba in Ibadan, Nigeria	https://ftp.1000genomes.ebi.ac.uk/vol1/ftp/data_collections/mage_rnaseq/
ftp://ftp.sra.ebi.ac.uk/vol1/fastq/SRR197/096/SRR19762196/SRR19762196_1.fastq.gz	e779f4a4a1ed0bc823a30f2b22918a1c	MAGE RNA-seq	sequence	mRNA	NA18881	Yoruba in Ibadan, Nigeria	https://ftp.1000genomes.ebi.ac.uk/vol1/ftp/data_collections/mage_rnaseq/
ftp://ftp.sra.ebi.ac.uk/vol1/fastq/SRR197/096/SRR19762196/SRR19762196_2.fastq.gz	e779f4a4a1ed0bc823a30f2b22918a1c	MAGE RNA-seq	sequence	mRNA	NA18881	Yoruba in Ibadan, Nigeria	https://ftp.1000genomes.ebi.ac.uk/vol1/ftp/data_collections/mage_rnaseq/
ftp://ftp.sra.ebi.ac.uk/vol1/fastq/SRR197/099/SRR19762199/SRR19762199_1.fastq.gz	61a48ed7219d5e989546f01bf4f8bfca	MAGE RNA-seq	sequence	mRNA	NA18876	Yoruba in Ibadan, Nigeria	https://ftp.1000genomes.ebi.ac.uk/vol1/ftp/data_collections/mage_rnaseq/
ftp://ftp.sra.ebi.ac.uk/vol1/fastq/SRR197/099/SRR19762199/SRR19762199_2.fastq.gz	61a48ed7219d5e989546f01bf4f8bfca	MAGE RNA-seq	sequence	mRNA	NA18876	Yoruba in Ibadan, Nigeria	https://ftp.1000genomes.ebi.ac.uk/vol1/ftp/data_collections/mage_rnaseq/
ftp://ftp.sra.ebi.ac.uk/vol1/fastq/SRR197/000/SRR19762200/SRR19762200_1.fastq.gz	9ad8ef686c29f025ed1f86221b4c3cf5	MAGE RNA-seq	sequence	mRNA	HG00311	Finnish in Finland	https://ftp.1000genomes.ebi.ac.uk/vol1/ftp/data_collections/mage_rnaseq/
ftp://ftp.sra.ebi.ac.uk/vol1/fastq/SRR197/000/SRR19762200/SRR19762200_2.fastq.gz	9ad8ef686c29f025ed1f86221b4c3cf5	MAGE RNA-seq	sequence	mRNA	HG00311	Finnish in Finland	https://ftp.1000genomes.ebi.ac.uk/vol1/ftp/data_collections/mage_rnaseq/
ftp://ftp.sra.ebi.ac.uk/vol1/fastq/SRR197/006/SRR19762206/SRR19762206_1.fastq.gz	96a367b561a39e8f570c87f6bcd95051	MAGE RNA-seq	sequence	mRNA	NA18609	Han Chinese in Beijing, China	https://ftp.1000genomes.ebi.ac.uk/vol1/ftp/data_collections/mage_rnaseq/
ftp://ftp.sra.ebi.ac.uk/vol1/fastq/SRR197/006/SRR19762206/SRR19762206_2.fastq.gz	96a367b561a39e8f570c87f6bcd95051	MAGE RNA-seq	sequence	mRNA	NA18609	Han Chinese in Beijing, China	https://ftp.1000genomes.ebi.ac.uk/vol1/ftp/data_collections/mage_rnaseq/
ftp://ftp.sra.ebi.ac.uk/vol1/fastq/SRR197/012/SRR19762212/SRR19762212_1.fastq.gz	e52b8dcd9334f2300e3e9689df1a8a96	MAGE RNA-seq	sequence	mRNA	HG00311	Finnish in Finland	https://ftp.1000genomes.ebi.ac.uk/vol1/ftp/data_collections/mage_rnaseq/
ftp://ftp.sra.ebi.ac.uk/vol1/fastq/SRR197/012/SRR19762212/SRR19762212_2.fastq.gz	e52b8dcd9334f2300e3e9689df1a8a96	MAGE RNA-seq	sequence	mRNA	HG00311	Finnish in Finland	https://ftp.1000genomes.ebi.ac.uk/vol1/ftp/data_collections/mage_rnaseq/
ftp://ftp.sra.ebi.ac.uk/vol1/fastq/SRR197/015/SRR19762215/SRR19762215_1.fastq.gz	dc34887ad19833419491ce103dedb077	MAGE RNA-seq	sequence	mRNA	NA18501	Yoruba in Ibadan, Nigeria	https://ftp.1000genomes.ebi.ac.uk/vol1/ftp/data_collections/mage_rnaseq/
ftp://ftp.sra.ebi.ac.uk/vol1/fastq/SRR197/015/SRR19762215/SRR19762215_2.fastq.gz	dc34887ad19833419491ce103dedb077	MAGE RNA-seq	sequence	mRNA	NA18501	Yoruba in Ibadan, Nigeria	https://ftp.1000genomes.ebi.ac.uk/vol1/ftp/data_collections/mage_rnaseq/
ftp://ftp.sra.ebi.ac.uk/vol1/fastq/SRR197/016/SRR19762216/SRR19762216_1.fastq.gz	4714d1cb0bed26ae409fe79aa5bd7ca5	MAGE RNA-seq	sequence	mRNA	NA18486	Yoruba in Ibadan, Nigeria	https://ftp.1000genomes.ebi.ac.uk/vol1/ftp/data_collections/mage_rnaseq/
ftp://ftp.sra.ebi.ac.uk/vol1/fastq/SRR197/016/SRR19762216/SRR19762216_2.fastq.gz	4714d1cb0bed26ae409fe79aa5bd7ca5	MAGE RNA-seq	sequence	mRNA	NA18486	Yoruba in Ibadan, Nigeria	https://ftp.1000genomes.ebi.ac.uk/vol1/ftp/data_collections/mage_rnaseq/
ftp://ftp.sra.ebi.ac.uk/vol1/fastq/SRR197/017/SRR19762217/SRR19762217_1.fastq.gz	bd91d3280bcde5f38a9bdb4cda15810e	MAGE RNA-seq	sequence	mRNA	NA18504	Yoruba in Ibadan, Nigeria	https://ftp.1000genomes.ebi.ac.uk/vol1/ftp/data_collections/mage_rnaseq/
ftp://ftp.sra.ebi.ac.uk/vol1/fastq/SRR197/017/SRR19762217/SRR19762217_2.fastq.gz	bd91d3280bcde5f38a9bdb4cda15810e	MAGE RNA-seq	sequence	mRNA	NA18504	Yoruba in Ibadan, Nigeria	https://ftp.1000genomes.ebi.ac.uk/vol1/ftp/data_collections/mage_rnaseq/
ftp://ftp.sra.ebi.ac.uk/vol1/fastq/SRR197/019/SRR19762219/SRR19762219_1.fastq.gz	8fb148c4a8f3137c7f30e8433f605b54	MAGE RNA-seq	sequence	mRNA	NA12889	Utah residents (CEPH) with Northern and Western European ancestry	https://ftp.1000genomes.ebi.ac.uk/vol1/ftp/data_collections/mage_rnaseq/
ftp://ftp.sra.ebi.ac.uk/vol1/fastq/SRR197/019/SRR19762219/SRR19762219_2.fastq.gz	8fb148c4a8f3137c7f30e8433f605b54	MAGE RNA-seq	sequence	mRNA	NA12889	Utah residents (CEPH) with Northern and Western European ancestry	https://ftp.1000genomes.ebi.ac.uk/vol1/ftp/data_collections/mage_rnaseq/
ftp://ftp.sra.ebi.ac.uk/vol1/fastq/SRR197/021/SRR19762221/SRR19762221_1.fastq.gz	5c6840d53afaff31b8e55a307f677974	MAGE RNA-seq	sequence	mRNA	NA12874	Utah residents (CEPH) with Northern and Western European ancestry	https://ftp.1000genomes.ebi.ac.uk/vol1/ftp/data_collections/mage_rnaseq/
ftp://ftp.sra.ebi.ac.uk/vol1/fastq/SRR197/021/SRR19762221/SRR19762221_2.fastq.gz	5c6840d53afaff31b8e55a307f677974	MAGE RNA-seq	sequence	mRNA	NA12874	Utah residents (CEPH) with Northern and Western European ancestry	https://ftp.1000genomes.ebi.ac.uk/vol1/ftp/data_collections/mage_rnaseq/
ftp://ftp.sra.ebi.ac.uk/vol1/fastq/SRR197/023/SRR19762223/SRR19762223_1.fastq.gz	8479b07985dc3845bf1af7437de5a500	MAGE RNA-seq	sequence	mRNA	NA12815	Utah residents (CEPH) with Northern and Western European ancestry	https://ftp.1000genomes.ebi.ac.uk/vol1/ftp/data_collections/mage_rnaseq/
ftp://ftp.sra.ebi.ac.uk/vol1/fastq/SRR197/023/SRR19762223/SRR19762223_2.fastq.gz	8479b07985dc3845bf1af7437de5a500	MAGE RNA-seq	sequence	mRNA	NA12815	Utah residents (CEPH) with Northern and Western European ancestry	https://ftp.1000genomes.ebi.ac.uk/vol1/ftp/data_collections/mage_rnaseq/
ftp://ftp.sra.ebi.ac.uk/vol1/fastq/SRR197/025/SRR19762225/SRR19762225_1.fastq.gz	08b2e18f56f15bceedd54ad5d1743cd2	MAGE RNA-seq	sequence	mRNA	NA12878	Utah residents (CEPH) with Northern and Western European ancestry	https://ftp.1000genomes.ebi.ac.uk/vol1/ftp/data_collections/mage_rnaseq/
ftp://ftp.sra.ebi.ac.uk/vol1/fastq/SRR197/025/SRR19762225/SRR19762225_2.fastq.gz	08b2e18f56f15bceedd54ad5d1743cd2	MAGE RNA-seq	sequence	mRNA	NA12878	Utah residents (CEPH) with Northern and Western European ancestry	https://ftp.1000genomes.ebi.ac.uk/vol1/ftp/data_collections/mage_rnaseq/
ftp://ftp.sra.ebi.ac.uk/vol1/fastq/SRR197/028/SRR19762228/SRR19762228_1.fastq.gz	bf1929f9ddb82532c7ae6983a00aa837	MAGE RNA-seq	sequence	mRNA	HG04100	Sri Lankan Tamil in the UK	https://ftp.1000genomes.ebi.ac.uk/vol1/ftp/data_collections/mage_rnaseq/
ftp://ftp.sra.ebi.ac.uk/vol1/fastq/SRR197/028/SRR19762228/SRR19762228_2.fastq.gz	bf1929f9ddb82532c7ae6983a00aa837	MAGE RNA-seq	sequence	mRNA	HG04100	Sri Lankan Tamil in the UK	https://ftp.1000genomes.ebi.ac.uk/vol1/ftp/data_collections/mage_rnaseq/
ftp://ftp.sra.ebi.ac.uk/vol1/fastq/SRR197/029/SRR19762229/SRR19762229_1.fastq.gz	ca212eca8806a2fcb29e0f46af79cde7	MAGE RNA-seq	sequence	mRNA	HG04063	Indian Telugu in the UK	https://ftp.1000genomes.ebi.ac.uk/vol1/ftp/data_collections/mage_rnaseq/
ftp://ftp.sra.ebi.ac.uk/vol1/fastq/SRR197/029/SRR19762229/SRR19762229_2.fastq.gz	ca212eca8806a2fcb29e0f46af79cde7	MAGE RNA-seq	sequence	mRNA	HG04063	Indian Telugu in the UK	https://ftp.1000genomes.ebi.ac.uk/vol1/ftp/data_collections/mage_rnaseq/
ftp://ftp.sra.ebi.ac.uk/vol1/fastq/SRR197/030/SRR19762230/SRR19762230_1.fastq.gz	d504c92f3c569faf1a8d953b6dc47034	MAGE RNA-seq	sequence	mRNA	HG04062	Indian Telugu in the UK	https://ftp.1000genomes.ebi.ac.uk/vol1/ftp/data_collections/mage_rnaseq/
ftp://ftp.sra.ebi.ac.uk/vol1/fastq/SRR197/030/SRR19762230/SRR19762230_2.fastq.gz	d504c92f3c569faf1a8d953b6dc47034	MAGE RNA-seq	sequence	mRNA	HG04062	Indian Telugu in the UK	https://ftp.1000genomes.ebi.ac.uk/vol1/ftp/data_collections/mage_rnaseq/
ftp://ftp.sra.ebi.ac.uk/vol1/fastq/SRR197/031/SRR19762231/SRR19762231_1.fastq.gz	0c618caa90408efaca6e325766045429	MAGE RNA-seq	sequence	mRNA	HG04075	Sri Lankan Tamil in the UK	https://ftp.1000genomes.ebi.ac.uk/vol1/ftp/data_collections/mage_rnaseq/
ftp://ftp.sra.ebi.ac.uk/vol1/fastq/SRR197/031/SRR19762231/SRR19762231_2.fastq.gz	0c618caa90408efaca6e325766045429	MAGE RNA-seq	sequence	mRNA	HG04075	Sri Lankan Tamil in the UK	https://ftp.1000genomes.ebi.ac.uk/vol1/ftp/data_collections/mage_rnaseq/
ftp://ftp.sra.ebi.ac.uk/vol1/fastq/SRR197/033/SRR19762233/SRR19762233_1.fastq.gz	2d0594fabba3a17aafc0c26ba72f8d9b	MAGE RNA-seq	sequence	mRNA	HG04061	Indian Telugu in the UK	https://ftp.1000genomes.ebi.ac.uk/vol1/ftp/data_collections/mage_rnaseq/
ftp://ftp.sra.ebi.ac.uk/vol1/fastq/SRR197/033/SRR19762233/SRR19762233_2.fastq.gz	2d0594fabba3a17aafc0c26ba72f8d9b	MAGE RNA-seq	sequence	mRNA	HG04061	Indian Telugu in the UK	https://ftp.1000genomes.ebi.ac.uk/vol1/ftp/data_collections/mage_rnaseq/
ftp://ftp.sra.ebi.ac.uk/vol1/fastq/SRR197/044/SRR19762244/SRR19762244_1.fastq.gz	6279cfd78413de4f1e4d2b07d75c3c50	MAGE RNA-seq	sequence	mRNA	HG03711	Sri Lankan Tamil in the UK	https://ftp.1000genomes.ebi.ac.uk/vol1/ftp/data_collections/mage_rnaseq/
ftp://ftp.sra.ebi.ac.uk/vol1/fastq/SRR197/044/SRR19762244/SRR19762244_2.fastq.gz	6279cfd78413de4f1e4d2b07d75c3c50	MAGE RNA-seq	sequence	mRNA	HG03711	Sri Lankan Tamil in the UK	https://ftp.1000genomes.ebi.ac.uk/vol1/ftp/data_collections/mage_rnaseq/
ftp://ftp.sra.ebi.ac.uk/vol1/fastq/SRR197/047/SRR19762247/SRR19762247_1.fastq.gz	a9e2dcf5975f1271be2a5321158aba3e	MAGE RNA-seq	sequence	mRNA	HG00237	British in England and Scotland	https://ftp.1000genomes.ebi.ac.uk/vol1/ftp/data_collections/mage_rnaseq/
ftp://ftp.sra.ebi.ac.uk/vol1/fastq/SRR197/047/SRR19762247/SRR19762247_2.fastq.gz	a9e2dcf5975f1271be2a5321158aba3e	MAGE RNA-seq	sequence	mRNA	HG00237	British in England and Scotland	https://ftp.1000genomes.ebi.ac.uk/vol1/ftp/data_collections/mage_rnaseq/
ftp://ftp.sra.ebi.ac.uk/vol1/fastq/SRR197/049/SRR19762249/SRR19762249_1.fastq.gz	c57680773f902a2b7c872995b802bf72	MAGE RNA-seq	sequence	mRNA	HG03696	Sri Lankan Tamil in the UK	https://ftp.1000genomes.ebi.ac.uk/vol1/ftp/data_collections/mage_rnaseq/
ftp://ftp.sra.ebi.ac.uk/vol1/fastq/SRR197/049/SRR19762249/SRR19762249_2.fastq.gz	c57680773f902a2b7c872995b802bf72	MAGE RNA-seq	sequence	mRNA	HG03696	Sri Lankan Tamil in the UK	https://ftp.1000genomes.ebi.ac.uk/vol1/ftp/data_collections/mage_rnaseq/
ftp://ftp.sra.ebi.ac.uk/vol1/fastq/SRR197/055/SRR19762255/SRR19762255_1.fastq.gz	7f4eaa76a2aae079d82b1e27403a7a80	MAGE RNA-seq	sequence	mRNA	HG03667	Punjabi in Lahore, Pakistan	https://ftp.1000genomes.ebi.ac.uk/vol1/ftp/data_collections/mage_rnaseq/
ftp://ftp.sra.ebi.ac.uk/vol1/fastq/SRR197/055/SRR19762255/SRR19762255_2.fastq.gz	7f4eaa76a2aae079d82b1e27403a7a80	MAGE RNA-seq	sequence	mRNA	HG03667	Punjabi in Lahore, Pakistan	https://ftp.1000genomes.ebi.ac.uk/vol1/ftp/data_collections/mage_rnaseq/
ftp://ftp.sra.ebi.ac.uk/vol1/fastq/SRR197/058/SRR19762258/SRR19762258_1.fastq.gz	ebcbe329f971ae7e7d34da094d5bbff5	MAGE RNA-seq	sequence	mRNA	HG03247	Gambian in Western Division, The Gambia - Mandinka	https://ftp.1000genomes.ebi.ac.uk/vol1/ftp/data_collections/mage_rnaseq/
ftp://ftp.sra.ebi.ac.uk/vol1/fastq/SRR197/058/SRR19762258/SRR19762258_2.fastq.gz	ebcbe329f971ae7e7d34da094d5bbff5	MAGE RNA-seq	sequence	mRNA	HG03247	Gambian in Western Division, The Gambia - Mandinka	https://ftp.1000genomes.ebi.ac.uk/vol1/ftp/data_collections/mage_rnaseq/
ftp://ftp.sra.ebi.ac.uk/vol1/fastq/SRR197/059/SRR19762259/SRR19762259_1.fastq.gz	866d119ca3b41eefc5331b90f51bd9be	MAGE RNA-seq	sequence	mRNA	HG03271	Esan in Nigeria	https://ftp.1000genomes.ebi.ac.uk/vol1/ftp/data_collections/mage_rnaseq/
ftp://ftp.sra.ebi.ac.uk/vol1/fastq/SRR197/059/SRR19762259/SRR19762259_2.fastq.gz	866d119ca3b41eefc5331b90f51bd9be	MAGE RNA-seq	sequence	mRNA	HG03271	Esan in Nigeria	https://ftp.1000genomes.ebi.ac.uk/vol1/ftp/data_collections/mage_rnaseq/
ftp://ftp.sra.ebi.ac.uk/vol1/fastq/SRR197/061/SRR19762261/SRR19762261_1.fastq.gz	0ad920f972e61475de5de44ed9ac8571	MAGE RNA-seq	sequence	mRNA	HG00189	Finnish in Finland	https://ftp.1000genomes.ebi.ac.uk/vol1/ftp/data_collections/mage_rnaseq/
ftp://ftp.sra.ebi.ac.uk/vol1/fastq/SRR197/061/SRR19762261/SRR19762261_2.fastq.gz	0ad920f972e61475de5de44ed9ac8571	MAGE RNA-seq	sequence	mRNA	HG00189	Finnish in Finland	https://ftp.1000genomes.ebi.ac.uk/vol1/ftp/data_collections/mage_rnaseq/
ftp://ftp.sra.ebi.ac.uk/vol1/fastq/SRR197/062/SRR19762262/SRR19762262_1.fastq.gz	051ad0d6deb56ff2b61f3ba843706f4e	MAGE RNA-seq	sequence	mRNA	HG03235	Punjabi in Lahore, Pakistan	https://ftp.1000genomes.ebi.ac.uk/vol1/ftp/data_collections/mage_rnaseq/
ftp://ftp.sra.ebi.ac.uk/vol1/fastq/SRR197/062/SRR19762262/SRR19762262_2.fastq.gz	051ad0d6deb56ff2b61f3ba843706f4e	MAGE RNA-seq	sequence	mRNA	HG03235	Punjabi in Lahore, Pakistan	https://ftp.1000genomes.ebi.ac.uk/vol1/ftp/data_collections/mage_rnaseq/
ftp://ftp.sra.ebi.ac.uk/vol1/fastq/SRR197/063/SRR19762263/SRR19762263_1.fastq.gz	3dd81fdeab5069c59773df5d855e208a	MAGE RNA-seq	sequence	mRNA	HG03209	Mende in Sierra Leone	https://ftp.1000genomes.ebi.ac.uk/vol1/ftp/data_collections/mage_rnaseq/
ftp://ftp.sra.ebi.ac.uk/vol1/fastq/SRR197/063/SRR19762263/SRR19762263_2.fastq.gz	3dd81fdeab5069c59773df5d855e208a	MAGE RNA-seq	sequence	mRNA	HG03209	Mende in Sierra Leone	https://ftp.1000genomes.ebi.ac.uk/vol1/ftp/data_collections/mage_rnaseq/
ftp://ftp.sra.ebi.ac.uk/vol1/fastq/SRR197/077/SRR19762277/SRR19762277_1.fastq.gz	6a7f1d5086ca918501b2fd7454c43787	MAGE RNA-seq	sequence	mRNA	NA20896	Gujarati Indians in Houston, TX	https://ftp.1000genomes.ebi.ac.uk/vol1/ftp/data_collections/mage_rnaseq/
ftp://ftp.sra.ebi.ac.uk/vol1/fastq/SRR197/077/SRR19762277/SRR19762277_2.fastq.gz	6a7f1d5086ca918501b2fd7454c43787	MAGE RNA-seq	sequence	mRNA	NA20896	Gujarati Indians in Houston, TX	https://ftp.1000genomes.ebi.ac.uk/vol1/ftp/data_collections/mage_rnaseq/
ftp://ftp.sra.ebi.ac.uk/vol1/fastq/SRR197/078/SRR19762278/SRR19762278_1.fastq.gz	a43ef3d5459bb95bbe78e9caf60bddcd	MAGE RNA-seq	sequence	mRNA	NA20888	Gujarati Indians in Houston, TX	https://ftp.1000genomes.ebi.ac.uk/vol1/ftp/data_collections/mage_rnaseq/
ftp://ftp.sra.ebi.ac.uk/vol1/fastq/SRR197/078/SRR19762278/SRR19762278_2.fastq.gz	a43ef3d5459bb95bbe78e9caf60bddcd	MAGE RNA-seq	sequence	mRNA	NA20888	Gujarati Indians in Houston, TX	https://ftp.1000genomes.ebi.ac.uk/vol1/ftp/data_collections/mage_rnaseq/
ftp://ftp.sra.ebi.ac.uk/vol1/fastq/SRR197/079/SRR19762279/SRR19762279_1.fastq.gz	32592f2041709133a6a22336c8df6f81	MAGE RNA-seq	sequence	mRNA	NA20886	Gujarati Indians in Houston, TX	https://ftp.1000genomes.ebi.ac.uk/vol1/ftp/data_collections/mage_rnaseq/
ftp://ftp.sra.ebi.ac.uk/vol1/fastq/SRR197/079/SRR19762279/SRR19762279_2.fastq.gz	32592f2041709133a6a22336c8df6f81	MAGE RNA-seq	sequence	mRNA	NA20886	Gujarati Indians in Houston, TX	https://ftp.1000genomes.ebi.ac.uk/vol1/ftp/data_collections/mage_rnaseq/
ftp://ftp.sra.ebi.ac.uk/vol1/fastq/SRR197/083/SRR19762283/SRR19762283_1.fastq.gz	80f807356f783da8b6f3c95fcd726ec3	MAGE RNA-seq	sequence	mRNA	NA20878	Gujarati Indians in Houston, TX	https://ftp.1000genomes.ebi.ac.uk/vol1/ftp/data_collections/mage_rnaseq/
ftp://ftp.sra.ebi.ac.uk/vol1/fastq/SRR197/083/SRR19762283/SRR19762283_2.fastq.gz	80f807356f783da8b6f3c95fcd726ec3	MAGE RNA-seq	sequence	mRNA	NA20878	Gujarati Indians in Houston, TX	https://ftp.1000genomes.ebi.ac.uk/vol1/ftp/data_collections/mage_rnaseq/
ftp://ftp.sra.ebi.ac.uk/vol1/fastq/SRR197/084/SRR19762284/SRR19762284_1.fastq.gz	4d489ae15feb4706a1369be36155bf91	MAGE RNA-seq	sequence	mRNA	NA20287	African Ancestry in Southwest US	https://ftp.1000genomes.ebi.ac.uk/vol1/ftp/data_collections/mage_rnaseq/
ftp://ftp.sra.ebi.ac.uk/vol1/fastq/SRR197/084/SRR19762284/SRR19762284_2.fastq.gz	4d489ae15feb4706a1369be36155bf91	MAGE RNA-seq	sequence	mRNA	NA20287	African Ancestry in Southwest US	https://ftp.1000genomes.ebi.ac.uk/vol1/ftp/data_collections/mage_rnaseq/
ftp://ftp.sra.ebi.ac.uk/vol1/fastq/SRR197/086/SRR19762286/SRR19762286_1.fastq.gz	5aab1e51c2841f42dd0035689a7c1caa	MAGE RNA-seq	sequence	mRNA	NA19923	African Ancestry in Southwest US	https://ftp.1000genomes.ebi.ac.uk/vol1/ftp/data_collections/mage_rnaseq/
ftp://ftp.sra.ebi.ac.uk/vol1/fastq/SRR197/086/SRR19762286/SRR19762286_2.fastq.gz	5aab1e51c2841f42dd0035689a7c1caa	MAGE RNA-seq	sequence	mRNA	NA19923	African Ancestry in Southwest US	https://ftp.1000genomes.ebi.ac.uk/vol1/ftp/data_collections/mage_rnaseq/
ftp://ftp.sra.ebi.ac.uk/vol1/fastq/SRR197/089/SRR19762289/SRR19762289_1.fastq.gz	f37c425df4cf525ebeff472e076f3f3a	MAGE RNA-seq	sequence	mRNA	NA19922	African Ancestry in Southwest US	https://ftp.1000genomes.ebi.ac.uk/vol1/ftp/data_collections/mage_rnaseq/
ftp://ftp.sra.ebi.ac.uk/vol1/fastq/SRR197/089/SRR19762289/SRR19762289_2.fastq.gz	f37c425df4cf525ebeff472e076f3f3a	MAGE RNA-seq	sequence	mRNA	NA19922	African Ancestry in Southwest US	https://ftp.1000genomes.ebi.ac.uk/vol1/ftp/data_collections/mage_rnaseq/
ftp://ftp.sra.ebi.ac.uk/vol1/fastq/SRR197/090/SRR19762290/SRR19762290_1.fastq.gz	7d7dd205c67dbc05eb55a680a37475a1	MAGE RNA-seq	sequence	mRNA	NA19917	African Ancestry in Southwest US	https://ftp.1000genomes.ebi.ac.uk/vol1/ftp/data_collections/mage_rnaseq/
ftp://ftp.sra.ebi.ac.uk/vol1/fastq/SRR197/090/SRR19762290/SRR19762290_2.fastq.gz	7d7dd205c67dbc05eb55a680a37475a1	MAGE RNA-seq	sequence	mRNA	NA19917	African Ancestry in Southwest US	https://ftp.1000genomes.ebi.ac.uk/vol1/ftp/data_collections/mage_rnaseq/
ftp://ftp.sra.ebi.ac.uk/vol1/fastq/SRR197/092/SRR19762292/SRR19762292_1.fastq.gz	e8337959a5904022ac85f6d485fa4984	MAGE RNA-seq	sequence	mRNA	NA19901	African Ancestry in Southwest US	https://ftp.1000genomes.ebi.ac.uk/vol1/ftp/data_collections/mage_rnaseq/
ftp://ftp.sra.ebi.ac.uk/vol1/fastq/SRR197/092/SRR19762292/SRR19762292_2.fastq.gz	e8337959a5904022ac85f6d485fa4984	MAGE RNA-seq	sequence	mRNA	NA19901	African Ancestry in Southwest US	https://ftp.1000genomes.ebi.ac.uk/vol1/ftp/data_collections/mage_rnaseq/
ftp://ftp.sra.ebi.ac.uk/vol1/fastq/SRR197/002/SRR19762302/SRR19762302_1.fastq.gz	02108145074fc63430cec81c70303934	MAGE RNA-seq	sequence	mRNA	NA19670	Mexican Ancestry in Los Angeles, California	https://ftp.1000genomes.ebi.ac.uk/vol1/ftp/data_collections/mage_rnaseq/
ftp://ftp.sra.ebi.ac.uk/vol1/fastq/SRR197/002/SRR19762302/SRR19762302_2.fastq.gz	02108145074fc63430cec81c70303934	MAGE RNA-seq	sequence	mRNA	NA19670	Mexican Ancestry in Los Angeles, California	https://ftp.1000genomes.ebi.ac.uk/vol1/ftp/data_collections/mage_rnaseq/
ftp://ftp.sra.ebi.ac.uk/vol1/fastq/SRR197/003/SRR19762303/SRR19762303_1.fastq.gz	2f4ed54acfeba8dad84796d065570afd	MAGE RNA-seq	sequence	mRNA	NA19649	Mexican Ancestry in Los Angeles, California	https://ftp.1000genomes.ebi.ac.uk/vol1/ftp/data_collections/mage_rnaseq/
ftp://ftp.sra.ebi.ac.uk/vol1/fastq/SRR197/003/SRR19762303/SRR19762303_2.fastq.gz	2f4ed54acfeba8dad84796d065570afd	MAGE RNA-seq	sequence	mRNA	NA19649	Mexican Ancestry in Los Angeles, California	https://ftp.1000genomes.ebi.ac.uk/vol1/ftp/data_collections/mage_rnaseq/
ftp://ftp.sra.ebi.ac.uk/vol1/fastq/SRR197/004/SRR19762304/SRR19762304_1.fastq.gz	d4c6c170f4114f02b3d1d7c1db618e92	MAGE RNA-seq	sequence	mRNA	NA19648	Mexican Ancestry in Los Angeles, California	https://ftp.1000genomes.ebi.ac.uk/vol1/ftp/data_collections/mage_rnaseq/
ftp://ftp.sra.ebi.ac.uk/vol1/fastq/SRR197/004/SRR19762304/SRR19762304_2.fastq.gz	d4c6c170f4114f02b3d1d7c1db618e92	MAGE RNA-seq	sequence	mRNA	NA19648	Mexican Ancestry in Los Angeles, California	https://ftp.1000genomes.ebi.ac.uk/vol1/ftp/data_collections/mage_rnaseq/
ftp://ftp.sra.ebi.ac.uk/vol1/fastq/SRR197/007/SRR19762307/SRR19762307_1.fastq.gz	6d172c50234055921cb4dc669dd4052a	MAGE RNA-seq	sequence	mRNA	NA19449	Luhya in Webuye, Kenya	https://ftp.1000genomes.ebi.ac.uk/vol1/ftp/data_collections/mage_rnaseq/
ftp://ftp.sra.ebi.ac.uk/vol1/fastq/SRR197/007/SRR19762307/SRR19762307_2.fastq.gz	6d172c50234055921cb4dc669dd4052a	MAGE RNA-seq	sequence	mRNA	NA19449	Luhya in Webuye, Kenya	https://ftp.1000genomes.ebi.ac.uk/vol1/ftp/data_collections/mage_rnaseq/
ftp://ftp.sra.ebi.ac.uk/vol1/fastq/SRR197/008/SRR19762308/SRR19762308_1.fastq.gz	34d18c74fb371d47dde52cf92664864b	MAGE RNA-seq	sequence	mRNA	NA19454	Luhya in Webuye, Kenya	https://ftp.1000genomes.ebi.ac.uk/vol1/ftp/data_collections/mage_rnaseq/
ftp://ftp.sra.ebi.ac.uk/vol1/fastq/SRR197/008/SRR19762308/SRR19762308_2.fastq.gz	34d18c74fb371d47dde52cf92664864b	MAGE RNA-seq	sequence	mRNA	NA19454	Luhya in Webuye, Kenya	https://ftp.1000genomes.ebi.ac.uk/vol1/ftp/data_collections/mage_rnaseq/
ftp://ftp.sra.ebi.ac.uk/vol1/fastq/SRR197/012/SRR19762312/SRR19762312_1.fastq.gz	282731a380b970cf7c58ede9c292feca	MAGE RNA-seq	sequence	mRNA	HG00325	Finnish in Finland	https://ftp.1000genomes.ebi.ac.uk/vol1/ftp/data_collections/mage_rnaseq/
ftp://ftp.sra.ebi.ac.uk/vol1/fastq/SRR197/012/SRR19762312/SRR19762312_2.fastq.gz	282731a380b970cf7c58ede9c292feca	MAGE RNA-seq	sequence	mRNA	HG00325	Finnish in Finland	https://ftp.1000genomes.ebi.ac.uk/vol1/ftp/data_collections/mage_rnaseq/
ftp://ftp.sra.ebi.ac.uk/vol1/fastq/SRR197/018/SRR19762318/SRR19762318_1.fastq.gz	07d31a1c2eb0e6354e2bb84a8d836508	MAGE RNA-seq	sequence	mRNA	NA20876	Gujarati Indians in Houston, TX	https://ftp.1000genomes.ebi.ac.uk/vol1/ftp/data_collections/mage_rnaseq/
ftp://ftp.sra.ebi.ac.uk/vol1/fastq/SRR197/018/SRR19762318/SRR19762318_2.fastq.gz	07d31a1c2eb0e6354e2bb84a8d836508	MAGE RNA-seq	sequence	mRNA	NA20876	Gujarati Indians in Houston, TX	https://ftp.1000genomes.ebi.ac.uk/vol1/ftp/data_collections/mage_rnaseq/
ftp://ftp.sra.ebi.ac.uk/vol1/fastq/SRR197/019/SRR19762319/SRR19762319_1.fastq.gz	e17fa6cac5999d05bde38ffe2d1cb402	MAGE RNA-seq	sequence	mRNA	NA20867	Gujarati Indians in Houston, TX	https://ftp.1000genomes.ebi.ac.uk/vol1/ftp/data_collections/mage_rnaseq/
ftp://ftp.sra.ebi.ac.uk/vol1/fastq/SRR197/019/SRR19762319/SRR19762319_2.fastq.gz	e17fa6cac5999d05bde38ffe2d1cb402	MAGE RNA-seq	sequence	mRNA	NA20867	Gujarati Indians in Houston, TX	https://ftp.1000genomes.ebi.ac.uk/vol1/ftp/data_collections/mage_rnaseq/
ftp://ftp.sra.ebi.ac.uk/vol1/fastq/SRR197/020/SRR19762320/SRR19762320_1.fastq.gz	286a47024ef139e255d259465dabd114	MAGE RNA-seq	sequence	mRNA	NA20866	Gujarati Indians in Houston, TX	https://ftp.1000genomes.ebi.ac.uk/vol1/ftp/data_collections/mage_rnaseq/
ftp://ftp.sra.ebi.ac.uk/vol1/fastq/SRR197/020/SRR19762320/SRR19762320_2.fastq.gz	286a47024ef139e255d259465dabd114	MAGE RNA-seq	sequence	mRNA	NA20866	Gujarati Indians in Houston, TX	https://ftp.1000genomes.ebi.ac.uk/vol1/ftp/data_collections/mage_rnaseq/
ftp://ftp.sra.ebi.ac.uk/vol1/fastq/SRR197/022/SRR19762322/SRR19762322_1.fastq.gz	4c73394785eb00b08e832729c414d485	MAGE RNA-seq	sequence	mRNA	NA20850	Gujarati Indians in Houston, TX	https://ftp.1000genomes.ebi.ac.uk/vol1/ftp/data_collections/mage_rnaseq/
ftp://ftp.sra.ebi.ac.uk/vol1/fastq/SRR197/022/SRR19762322/SRR19762322_2.fastq.gz	4c73394785eb00b08e832729c414d485	MAGE RNA-seq	sequence	mRNA	NA20850	Gujarati Indians in Houston, TX	https://ftp.1000genomes.ebi.ac.uk/vol1/ftp/data_collections/mage_rnaseq/
ftp://ftp.sra.ebi.ac.uk/vol1/fastq/SRR197/023/SRR19762323/SRR19762323_1.fastq.gz	0491faa1060d557d6d35cc5f39302306	MAGE RNA-seq	sequence	mRNA	NA20847	Gujarati Indians in Houston, TX	https://ftp.1000genomes.ebi.ac.uk/vol1/ftp/data_collections/mage_rnaseq/
ftp://ftp.sra.ebi.ac.uk/vol1/fastq/SRR197/023/SRR19762323/SRR19762323_2.fastq.gz	0491faa1060d557d6d35cc5f39302306	MAGE RNA-seq	sequence	mRNA	NA20847	Gujarati Indians in Houston, TX	https://ftp.1000genomes.ebi.ac.uk/vol1/ftp/data_collections/mage_rnaseq/
ftp://ftp.sra.ebi.ac.uk/vol1/fastq/SRR197/025/SRR19762325/SRR19762325_1.fastq.gz	5221ed618c6b23e4c493557f5b241fd2	MAGE RNA-seq	sequence	mRNA	NA20862	Gujarati Indians in Houston, TX	https://ftp.1000genomes.ebi.ac.uk/vol1/ftp/data_collections/mage_rnaseq/
ftp://ftp.sra.ebi.ac.uk/vol1/fastq/SRR197/025/SRR19762325/SRR19762325_2.fastq.gz	5221ed618c6b23e4c493557f5b241fd2	MAGE RNA-seq	sequence	mRNA	NA20862	Gujarati Indians in Houston, TX	https://ftp.1000genomes.ebi.ac.uk/vol1/ftp/data_collections/mage_rnaseq/
ftp://ftp.sra.ebi.ac.uk/vol1/fastq/SRR197/029/SRR19762329/SRR19762329_1.fastq.gz	8f0ed37c29d5a001db8afdb886c102e8	MAGE RNA-seq	sequence	mRNA	NA20815	Toscani in Italy	https://ftp.1000genomes.ebi.ac.uk/vol1/ftp/data_collections/mage_rnaseq/
ftp://ftp.sra.ebi.ac.uk/vol1/fastq/SRR197/029/SRR19762329/SRR19762329_2.fastq.gz	8f0ed37c29d5a001db8afdb886c102e8	MAGE RNA-seq	sequence	mRNA	NA20815	Toscani in Italy	https://ftp.1000genomes.ebi.ac.uk/vol1/ftp/data_collections/mage_rnaseq/
ftp://ftp.sra.ebi.ac.uk/vol1/fastq/SRR197/036/SRR19762336/SRR19762336_1.fastq.gz	828329574eb05b7c70787be4bd90250f	MAGE RNA-seq	sequence	mRNA	NA20792	Toscani in Italy	https://ftp.1000genomes.ebi.ac.uk/vol1/ftp/data_collections/mage_rnaseq/
ftp://ftp.sra.ebi.ac.uk/vol1/fastq/SRR197/036/SRR19762336/SRR19762336_2.fastq.gz	828329574eb05b7c70787be4bd90250f	MAGE RNA-seq	sequence	mRNA	NA20792	Toscani in Italy	https://ftp.1000genomes.ebi.ac.uk/vol1/ftp/data_collections/mage_rnaseq/
ftp://ftp.sra.ebi.ac.uk/vol1/fastq/SRR197/037/SRR19762337/SRR19762337_1.fastq.gz	9e26333c48e9a3f67afc9d3bf2a05e32	MAGE RNA-seq	sequence	mRNA	HG00372	Finnish in Finland	https://ftp.1000genomes.ebi.ac.uk/vol1/ftp/data_collections/mage_rnaseq/
ftp://ftp.sra.ebi.ac.uk/vol1/fastq/SRR197/037/SRR19762337/SRR19762337_2.fastq.gz	9e26333c48e9a3f67afc9d3bf2a05e32	MAGE RNA-seq	sequence	mRNA	HG00372	Finnish in Finland	https://ftp.1000genomes.ebi.ac.uk/vol1/ftp/data_collections/mage_rnaseq/
ftp://ftp.sra.ebi.ac.uk/vol1/fastq/SRR197/043/SRR19762343/SRR19762343_1.fastq.gz	a30ce734b1df4e8f2e2db09be83da200	MAGE RNA-seq	sequence	mRNA	NA20764	Toscani in Italy	https://ftp.1000genomes.ebi.ac.uk/vol1/ftp/data_collections/mage_rnaseq/
ftp://ftp.sra.ebi.ac.uk/vol1/fastq/SRR197/043/SRR19762343/SRR19762343_2.fastq.gz	a30ce734b1df4e8f2e2db09be83da200	MAGE RNA-seq	sequence	mRNA	NA20764	Toscani in Italy	https://ftp.1000genomes.ebi.ac.uk/vol1/ftp/data_collections/mage_rnaseq/
ftp://ftp.sra.ebi.ac.uk/vol1/fastq/SRR197/047/SRR19762347/SRR19762347_1.fastq.gz	7ac927b0b0a39fff2a122d0ae429a261	MAGE RNA-seq	sequence	mRNA	NA20762	Toscani in Italy	https://ftp.1000genomes.ebi.ac.uk/vol1/ftp/data_collections/mage_rnaseq/
ftp://ftp.sra.ebi.ac.uk/vol1/fastq/SRR197/047/SRR19762347/SRR19762347_2.fastq.gz	7ac927b0b0a39fff2a122d0ae429a261	MAGE RNA-seq	sequence	mRNA	NA20762	Toscani in Italy	https://ftp.1000genomes.ebi.ac.uk/vol1/ftp/data_collections/mage_rnaseq/
ftp://ftp.sra.ebi.ac.uk/vol1/fastq/SRR197/057/SRR19762357/SRR19762357_1.fastq.gz	bb3d61ddb3083090b32c022fc83eba49	MAGE RNA-seq	sequence	mRNA	NA19785	Mexican Ancestry in Los Angeles, California	https://ftp.1000genomes.ebi.ac.uk/vol1/ftp/data_collections/mage_rnaseq/
ftp://ftp.sra.ebi.ac.uk/vol1/fastq/SRR197/057/SRR19762357/SRR19762357_2.fastq.gz	bb3d61ddb3083090b32c022fc83eba49	MAGE RNA-seq	sequence	mRNA	NA19785	Mexican Ancestry in Los Angeles, California	https://ftp.1000genomes.ebi.ac.uk/vol1/ftp/data_collections/mage_rnaseq/
ftp://ftp.sra.ebi.ac.uk/vol1/fastq/SRR197/058/SRR19762358/SRR19762358_1.fastq.gz	515f3587378d1eeecff84f59f15a52a4	MAGE RNA-seq	sequence	mRNA	NA19780	Mexican Ancestry in Los Angeles, California	https://ftp.1000genomes.ebi.ac.uk/vol1/ftp/data_collections/mage_rnaseq/
ftp://ftp.sra.ebi.ac.uk/vol1/fastq/SRR197/058/SRR19762358/SRR19762358_2.fastq.gz	515f3587378d1eeecff84f59f15a52a4	MAGE RNA-seq	sequence	mRNA	NA19780	Mexican Ancestry in Los Angeles, California	https://ftp.1000genomes.ebi.ac.uk/vol1/ftp/data_collections/mage_rnaseq/
ftp://ftp.sra.ebi.ac.uk/vol1/fastq/SRR197/059/SRR19762359/SRR19762359_1.fastq.gz	ad7214704a435a25c37156a75fa66988	MAGE RNA-seq	sequence	mRNA	NA19788	Mexican Ancestry in Los Angeles, California	https://ftp.1000genomes.ebi.ac.uk/vol1/ftp/data_collections/mage_rnaseq/
ftp://ftp.sra.ebi.ac.uk/vol1/fastq/SRR197/059/SRR19762359/SRR19762359_2.fastq.gz	ad7214704a435a25c37156a75fa66988	MAGE RNA-seq	sequence	mRNA	NA19788	Mexican Ancestry in Los Angeles, California	https://ftp.1000genomes.ebi.ac.uk/vol1/ftp/data_collections/mage_rnaseq/
ftp://ftp.sra.ebi.ac.uk/vol1/fastq/SRR197/061/SRR19762361/SRR19762361_1.fastq.gz	6ced294702bfa39a0c988c5885d3a42f	MAGE RNA-seq	sequence	mRNA	NA19774	Mexican Ancestry in Los Angeles, California	https://ftp.1000genomes.ebi.ac.uk/vol1/ftp/data_collections/mage_rnaseq/
ftp://ftp.sra.ebi.ac.uk/vol1/fastq/SRR197/061/SRR19762361/SRR19762361_2.fastq.gz	6ced294702bfa39a0c988c5885d3a42f	MAGE RNA-seq	sequence	mRNA	NA19774	Mexican Ancestry in Los Angeles, California	https://ftp.1000genomes.ebi.ac.uk/vol1/ftp/data_collections/mage_rnaseq/
ftp://ftp.sra.ebi.ac.uk/vol1/fastq/SRR197/065/SRR19762365/SRR19762365_1.fastq.gz	9134f828fa4d32c095a00597e5921d63	MAGE RNA-seq	sequence	mRNA	NA19761	Mexican Ancestry in Los Angeles, California	https://ftp.1000genomes.ebi.ac.uk/vol1/ftp/data_collections/mage_rnaseq/
ftp://ftp.sra.ebi.ac.uk/vol1/fastq/SRR197/065/SRR19762365/SRR19762365_2.fastq.gz	9134f828fa4d32c095a00597e5921d63	MAGE RNA-seq	sequence	mRNA	NA19761	Mexican Ancestry in Los Angeles, California	https://ftp.1000genomes.ebi.ac.uk/vol1/ftp/data_collections/mage_rnaseq/
ftp://ftp.sra.ebi.ac.uk/vol1/fastq/SRR197/066/SRR19762366/SRR19762366_1.fastq.gz	650fc6aafc5ef8ecc187e86b2a08fc70	MAGE RNA-seq	sequence	mRNA	NA19764	Mexican Ancestry in Los Angeles, California	https://ftp.1000genomes.ebi.ac.uk/vol1/ftp/data_collections/mage_rnaseq/
ftp://ftp.sra.ebi.ac.uk/vol1/fastq/SRR197/066/SRR19762366/SRR19762366_2.fastq.gz	650fc6aafc5ef8ecc187e86b2a08fc70	MAGE RNA-seq	sequence	mRNA	NA19764	Mexican Ancestry in Los Angeles, California	https://ftp.1000genomes.ebi.ac.uk/vol1/ftp/data_collections/mage_rnaseq/
ftp://ftp.sra.ebi.ac.uk/vol1/fastq/SRR197/070/SRR19762370/SRR19762370_1.fastq.gz	4d348ceebcf950b296c0881fb66a7999	MAGE RNA-seq	sequence	mRNA	NA19430	Luhya in Webuye, Kenya	https://ftp.1000genomes.ebi.ac.uk/vol1/ftp/data_collections/mage_rnaseq/
ftp://ftp.sra.ebi.ac.uk/vol1/fastq/SRR197/070/SRR19762370/SRR19762370_2.fastq.gz	4d348ceebcf950b296c0881fb66a7999	MAGE RNA-seq	sequence	mRNA	NA19430	Luhya in Webuye, Kenya	https://ftp.1000genomes.ebi.ac.uk/vol1/ftp/data_collections/mage_rnaseq/
ftp://ftp.sra.ebi.ac.uk/vol1/fastq/SRR197/075/SRR19762375/SRR19762375_1.fastq.gz	cf32bd97dc6e756db21796d50e9ea06e	MAGE RNA-seq	sequence	mRNA	NA19393	Luhya in Webuye, Kenya	https://ftp.1000genomes.ebi.ac.uk/vol1/ftp/data_collections/mage_rnaseq/
ftp://ftp.sra.ebi.ac.uk/vol1/fastq/SRR197/075/SRR19762375/SRR19762375_2.fastq.gz	cf32bd97dc6e756db21796d50e9ea06e	MAGE RNA-seq	sequence	mRNA	NA19393	Luhya in Webuye, Kenya	https://ftp.1000genomes.ebi.ac.uk/vol1/ftp/data_collections/mage_rnaseq/
ftp://ftp.sra.ebi.ac.uk/vol1/fastq/SRR197/078/SRR19762378/SRR19762378_1.fastq.gz	ce4c21ccc1ebfb7d096a2b8deca8cb2e	MAGE RNA-seq	sequence	mRNA	HG00327	Finnish in Finland	https://ftp.1000genomes.ebi.ac.uk/vol1/ftp/data_collections/mage_rnaseq/
ftp://ftp.sra.ebi.ac.uk/vol1/fastq/SRR197/078/SRR19762378/SRR19762378_2.fastq.gz	ce4c21ccc1ebfb7d096a2b8deca8cb2e	MAGE RNA-seq	sequence	mRNA	HG00327	Finnish in Finland	https://ftp.1000genomes.ebi.ac.uk/vol1/ftp/data_collections/mage_rnaseq/
ftp://ftp.sra.ebi.ac.uk/vol1/fastq/SRR197/081/SRR19762381/SRR19762381_1.fastq.gz	d7307b098db543339714283b2f681fa3	MAGE RNA-seq	sequence	mRNA	NA19377	Luhya in Webuye, Kenya	https://ftp.1000genomes.ebi.ac.uk/vol1/ftp/data_collections/mage_rnaseq/
ftp://ftp.sra.ebi.ac.uk/vol1/fastq/SRR197/081/SRR19762381/SRR19762381_2.fastq.gz	d7307b098db543339714283b2f681fa3	MAGE RNA-seq	sequence	mRNA	NA19377	Luhya in Webuye, Kenya	https://ftp.1000genomes.ebi.ac.uk/vol1/ftp/data_collections/mage_rnaseq/
ftp://ftp.sra.ebi.ac.uk/vol1/fastq/SRR197/082/SRR19762382/SRR19762382_1.fastq.gz	38931c59a230a985afbf0d0810a91148	MAGE RNA-seq	sequence	mRNA	NA19346	Luhya in Webuye, Kenya	https://ftp.1000genomes.ebi.ac.uk/vol1/ftp/data_collections/mage_rnaseq/
ftp://ftp.sra.ebi.ac.uk/vol1/fastq/SRR197/082/SRR19762382/SRR19762382_2.fastq.gz	38931c59a230a985afbf0d0810a91148	MAGE RNA-seq	sequence	mRNA	NA19346	Luhya in Webuye, Kenya	https://ftp.1000genomes.ebi.ac.uk/vol1/ftp/data_collections/mage_rnaseq/
ftp://ftp.sra.ebi.ac.uk/vol1/fastq/SRR197/083/SRR19762383/SRR19762383_1.fastq.gz	42223b923ae91d7358475db740411c5f	MAGE RNA-seq	sequence	mRNA	NA19338	Luhya in Webuye, Kenya	https://ftp.1000genomes.ebi.ac.uk/vol1/ftp/data_collections/mage_rnaseq/
ftp://ftp.sra.ebi.ac.uk/vol1/fastq/SRR197/083/SRR19762383/SRR19762383_2.fastq.gz	42223b923ae91d7358475db740411c5f	MAGE RNA-seq	sequence	mRNA	NA19338	Luhya in Webuye, Kenya	https://ftp.1000genomes.ebi.ac.uk/vol1/ftp/data_collections/mage_rnaseq/
ftp://ftp.sra.ebi.ac.uk/vol1/fastq/SRR197/084/SRR19762384/SRR19762384_1.fastq.gz	bf528045523b5c24feeb1aac81635c75	MAGE RNA-seq	sequence	mRNA	NA18997	Japanese in Tokyo, Japan	https://ftp.1000genomes.ebi.ac.uk/vol1/ftp/data_collections/mage_rnaseq/
ftp://ftp.sra.ebi.ac.uk/vol1/fastq/SRR197/084/SRR19762384/SRR19762384_2.fastq.gz	bf528045523b5c24feeb1aac81635c75	MAGE RNA-seq	sequence	mRNA	NA18997	Japanese in Tokyo, Japan	https://ftp.1000genomes.ebi.ac.uk/vol1/ftp/data_collections/mage_rnaseq/
ftp://ftp.sra.ebi.ac.uk/vol1/fastq/SRR197/085/SRR19762385/SRR19762385_1.fastq.gz	1db51368a6e06824ed9081fcdd9cbf35	MAGE RNA-seq	sequence	mRNA	NA18987	Japanese in Tokyo, Japan	https://ftp.1000genomes.ebi.ac.uk/vol1/ftp/data_collections/mage_rnaseq/
ftp://ftp.sra.ebi.ac.uk/vol1/fastq/SRR197/085/SRR19762385/SRR19762385_2.fastq.gz	1db51368a6e06824ed9081fcdd9cbf35	MAGE RNA-seq	sequence	mRNA	NA18987	Japanese in Tokyo, Japan	https://ftp.1000genomes.ebi.ac.uk/vol1/ftp/data_collections/mage_rnaseq/
ftp://ftp.sra.ebi.ac.uk/vol1/fastq/SRR197/090/SRR19762390/SRR19762390_1.fastq.gz	eb5702eaf3bd7b011caafa9c7a4e4ffb	MAGE RNA-seq	sequence	mRNA	NA18972	Japanese in Tokyo, Japan	https://ftp.1000genomes.ebi.ac.uk/vol1/ftp/data_collections/mage_rnaseq/
ftp://ftp.sra.ebi.ac.uk/vol1/fastq/SRR197/090/SRR19762390/SRR19762390_2.fastq.gz	eb5702eaf3bd7b011caafa9c7a4e4ffb	MAGE RNA-seq	sequence	mRNA	NA18972	Japanese in Tokyo, Japan	https://ftp.1000genomes.ebi.ac.uk/vol1/ftp/data_collections/mage_rnaseq/
ftp://ftp.sra.ebi.ac.uk/vol1/fastq/SRR197/091/SRR19762391/SRR19762391_1.fastq.gz	f03ef1923cb83b18ae8d74ed52e2203a	MAGE RNA-seq	sequence	mRNA	NA18970	Japanese in Tokyo, Japan	https://ftp.1000genomes.ebi.ac.uk/vol1/ftp/data_collections/mage_rnaseq/
ftp://ftp.sra.ebi.ac.uk/vol1/fastq/SRR197/091/SRR19762391/SRR19762391_2.fastq.gz	f03ef1923cb83b18ae8d74ed52e2203a	MAGE RNA-seq	sequence	mRNA	NA18970	Japanese in Tokyo, Japan	https://ftp.1000genomes.ebi.ac.uk/vol1/ftp/data_collections/mage_rnaseq/
ftp://ftp.sra.ebi.ac.uk/vol1/fastq/SRR197/093/SRR19762393/SRR19762393_1.fastq.gz	774d86ee1f824b7633ef849a9be5a62b	MAGE RNA-seq	sequence	mRNA	NA18963	Japanese in Tokyo, Japan	https://ftp.1000genomes.ebi.ac.uk/vol1/ftp/data_collections/mage_rnaseq/
ftp://ftp.sra.ebi.ac.uk/vol1/fastq/SRR197/093/SRR19762393/SRR19762393_2.fastq.gz	774d86ee1f824b7633ef849a9be5a62b	MAGE RNA-seq	sequence	mRNA	NA18963	Japanese in Tokyo, Japan	https://ftp.1000genomes.ebi.ac.uk/vol1/ftp/data_collections/mage_rnaseq/
ftp://ftp.sra.ebi.ac.uk/vol1/fastq/SRR197/099/SRR19762399/SRR19762399_1.fastq.gz	de5218397df3bbe3607312f4413e8af0	MAGE RNA-seq	sequence	mRNA	HG04188	Bengali in Bangladesh	https://ftp.1000genomes.ebi.ac.uk/vol1/ftp/data_collections/mage_rnaseq/
ftp://ftp.sra.ebi.ac.uk/vol1/fastq/SRR197/099/SRR19762399/SRR19762399_2.fastq.gz	de5218397df3bbe3607312f4413e8af0	MAGE RNA-seq	sequence	mRNA	HG04188	Bengali in Bangladesh	https://ftp.1000genomes.ebi.ac.uk/vol1/ftp/data_collections/mage_rnaseq/
ftp://ftp.sra.ebi.ac.uk/vol1/fastq/SRR197/000/SRR19762400/SRR19762400_1.fastq.gz	8071ce75b5f3660c3ef30024ad906498	MAGE RNA-seq	sequence	mRNA	HG04185	Bengali in Bangladesh	https://ftp.1000genomes.ebi.ac.uk/vol1/ftp/data_collections/mage_rnaseq/
ftp://ftp.sra.ebi.ac.uk/vol1/fastq/SRR197/000/SRR19762400/SRR19762400_2.fastq.gz	8071ce75b5f3660c3ef30024ad906498	MAGE RNA-seq	sequence	mRNA	HG04185	Bengali in Bangladesh	https://ftp.1000genomes.ebi.ac.uk/vol1/ftp/data_collections/mage_rnaseq/
ftp://ftp.sra.ebi.ac.uk/vol1/fastq/SRR197/001/SRR19762401/SRR19762401_1.fastq.gz	669b1dd3a16b22d6e8cf4b2fe356ff47	MAGE RNA-seq	sequence	mRNA	HG04194	Bengali in Bangladesh	https://ftp.1000genomes.ebi.ac.uk/vol1/ftp/data_collections/mage_rnaseq/
ftp://ftp.sra.ebi.ac.uk/vol1/fastq/SRR197/001/SRR19762401/SRR19762401_2.fastq.gz	669b1dd3a16b22d6e8cf4b2fe356ff47	MAGE RNA-seq	sequence	mRNA	HG04194	Bengali in Bangladesh	https://ftp.1000genomes.ebi.ac.uk/vol1/ftp/data_collections/mage_rnaseq/
ftp://ftp.sra.ebi.ac.uk/vol1/fastq/SRR197/004/SRR19762404/SRR19762404_1.fastq.gz	f22876f8f72f6efa2987c4ebd7e9e22a	MAGE RNA-seq	sequence	mRNA	HG04171	Bengali in Bangladesh	https://ftp.1000genomes.ebi.ac.uk/vol1/ftp/data_collections/mage_rnaseq/
ftp://ftp.sra.ebi.ac.uk/vol1/fastq/SRR197/004/SRR19762404/SRR19762404_2.fastq.gz	f22876f8f72f6efa2987c4ebd7e9e22a	MAGE RNA-seq	sequence	mRNA	HG04171	Bengali in Bangladesh	https://ftp.1000genomes.ebi.ac.uk/vol1/ftp/data_collections/mage_rnaseq/
ftp://ftp.sra.ebi.ac.uk/vol1/fastq/SRR197/010/SRR19762410/SRR19762410_1.fastq.gz	d38d2260586197dee353547789571fdc	MAGE RNA-seq	sequence	mRNA	HG04152	Bengali in Bangladesh	https://ftp.1000genomes.ebi.ac.uk/vol1/ftp/data_collections/mage_rnaseq/
ftp://ftp.sra.ebi.ac.uk/vol1/fastq/SRR197/010/SRR19762410/SRR19762410_2.fastq.gz	d38d2260586197dee353547789571fdc	MAGE RNA-seq	sequence	mRNA	HG04152	Bengali in Bangladesh	https://ftp.1000genomes.ebi.ac.uk/vol1/ftp/data_collections/mage_rnaseq/
ftp://ftp.sra.ebi.ac.uk/vol1/fastq/SRR197/013/SRR19762413/SRR19762413_1.fastq.gz	186ba509a949451d9ec80ce45ef19f53	MAGE RNA-seq	sequence	mRNA	HG03782	Indian Telugu in the UK	https://ftp.1000genomes.ebi.ac.uk/vol1/ftp/data_collections/mage_rnaseq/
ftp://ftp.sra.ebi.ac.uk/vol1/fastq/SRR197/013/SRR19762413/SRR19762413_2.fastq.gz	186ba509a949451d9ec80ce45ef19f53	MAGE RNA-seq	sequence	mRNA	HG03782	Indian Telugu in the UK	https://ftp.1000genomes.ebi.ac.uk/vol1/ftp/data_collections/mage_rnaseq/
ftp://ftp.sra.ebi.ac.uk/vol1/fastq/SRR197/019/SRR19762419/SRR19762419_1.fastq.gz	3674f12f7c22c58edb6d03a992cf84c4	MAGE RNA-seq	sequence	mRNA	HG00243	British in England and Scotland	https://ftp.1000genomes.ebi.ac.uk/vol1/ftp/data_collections/mage_rnaseq/
ftp://ftp.sra.ebi.ac.uk/vol1/fastq/SRR197/019/SRR19762419/SRR19762419_2.fastq.gz	3674f12f7c22c58edb6d03a992cf84c4	MAGE RNA-seq	sequence	mRNA	HG00243	British in England and Scotland	https://ftp.1000genomes.ebi.ac.uk/vol1/ftp/data_collections/mage_rnaseq/
ftp://ftp.sra.ebi.ac.uk/vol1/fastq/SRR197/020/SRR19762420/SRR19762420_1.fastq.gz	6aad7065290fee19c56ece3d1db1f008	MAGE RNA-seq	sequence	mRNA	HG03743	Sri Lankan Tamil in the UK	https://ftp.1000genomes.ebi.ac.uk/vol1/ftp/data_collections/mage_rnaseq/
ftp://ftp.sra.ebi.ac.uk/vol1/fastq/SRR197/020/SRR19762420/SRR19762420_2.fastq.gz	6aad7065290fee19c56ece3d1db1f008	MAGE RNA-seq	sequence	mRNA	HG03743	Sri Lankan Tamil in the UK	https://ftp.1000genomes.ebi.ac.uk/vol1/ftp/data_collections/mage_rnaseq/
ftp://ftp.sra.ebi.ac.uk/vol1/fastq/SRR197/021/SRR19762421/SRR19762421_1.fastq.gz	8f1f766470e9ac21b054aee6ae566352	MAGE RNA-seq	sequence	mRNA	HG03741	Sri Lankan Tamil in the UK	https://ftp.1000genomes.ebi.ac.uk/vol1/ftp/data_collections/mage_rnaseq/
ftp://ftp.sra.ebi.ac.uk/vol1/fastq/SRR197/021/SRR19762421/SRR19762421_2.fastq.gz	8f1f766470e9ac21b054aee6ae566352	MAGE RNA-seq	sequence	mRNA	HG03741	Sri Lankan Tamil in the UK	https://ftp.1000genomes.ebi.ac.uk/vol1/ftp/data_collections/mage_rnaseq/
ftp://ftp.sra.ebi.ac.uk/vol1/fastq/SRR197/032/SRR19762432/SRR19762432_1.fastq.gz	afcdf3097222135f3e4844e29a70f3af	MAGE RNA-seq	sequence	mRNA	HG03397	Mende in Sierra Leone	https://ftp.1000genomes.ebi.ac.uk/vol1/ftp/data_collections/mage_rnaseq/
ftp://ftp.sra.ebi.ac.uk/vol1/fastq/SRR197/032/SRR19762432/SRR19762432_2.fastq.gz	afcdf3097222135f3e4844e29a70f3af	MAGE RNA-seq	sequence	mRNA	HG03397	Mende in Sierra Leone	https://ftp.1000genomes.ebi.ac.uk/vol1/ftp/data_collections/mage_rnaseq/
ftp://ftp.sra.ebi.ac.uk/vol1/fastq/SRR197/036/SRR19762436/SRR19762436_1.fastq.gz	8d7d8943e386348249b0e57f688caa4c	MAGE RNA-seq	sequence	mRNA	HG03380	Mende in Sierra Leone	https://ftp.1000genomes.ebi.ac.uk/vol1/ftp/data_collections/mage_rnaseq/
ftp://ftp.sra.ebi.ac.uk/vol1/fastq/SRR197/036/SRR19762436/SRR19762436_2.fastq.gz	8d7d8943e386348249b0e57f688caa4c	MAGE RNA-seq	sequence	mRNA	HG03380	Mende in Sierra Leone	https://ftp.1000genomes.ebi.ac.uk/vol1/ftp/data_collections/mage_rnaseq/
ftp://ftp.sra.ebi.ac.uk/vol1/fastq/SRR197/037/SRR19762437/SRR19762437_1.fastq.gz	41f609c71574424dbe686a4217d7064a	MAGE RNA-seq	sequence	mRNA	HG03382	Mende in Sierra Leone	https://ftp.1000genomes.ebi.ac.uk/vol1/ftp/data_collections/mage_rnaseq/
ftp://ftp.sra.ebi.ac.uk/vol1/fastq/SRR197/037/SRR19762437/SRR19762437_2.fastq.gz	41f609c71574424dbe686a4217d7064a	MAGE RNA-seq	sequence	mRNA	HG03382	Mende in Sierra Leone	https://ftp.1000genomes.ebi.ac.uk/vol1/ftp/data_collections/mage_rnaseq/
ftp://ftp.sra.ebi.ac.uk/vol1/fastq/SRR197/040/SRR19762440/SRR19762440_1.fastq.gz	4ba85a732066f8f8bf4301631787ac50	MAGE RNA-seq	sequence	mRNA	HG02855	Gambian in Western Division, The Gambia - Mandinka	https://ftp.1000genomes.ebi.ac.uk/vol1/ftp/data_collections/mage_rnaseq/
ftp://ftp.sra.ebi.ac.uk/vol1/fastq/SRR197/040/SRR19762440/SRR19762440_2.fastq.gz	4ba85a732066f8f8bf4301631787ac50	MAGE RNA-seq	sequence	mRNA	HG02855	Gambian in Western Division, The Gambia - Mandinka	https://ftp.1000genomes.ebi.ac.uk/vol1/ftp/data_collections/mage_rnaseq/
ftp://ftp.sra.ebi.ac.uk/vol1/fastq/SRR197/042/SRR19762442/SRR19762442_1.fastq.gz	d364d07a96328da3b3d50054dbeee4d8	MAGE RNA-seq	sequence	mRNA	HG02817	Gambian in Western Division, The Gambia - Mandinka	https://ftp.1000genomes.ebi.ac.uk/vol1/ftp/data_collections/mage_rnaseq/
ftp://ftp.sra.ebi.ac.uk/vol1/fastq/SRR197/042/SRR19762442/SRR19762442_2.fastq.gz	d364d07a96328da3b3d50054dbeee4d8	MAGE RNA-seq	sequence	mRNA	HG02817	Gambian in Western Division, The Gambia - Mandinka	https://ftp.1000genomes.ebi.ac.uk/vol1/ftp/data_collections/mage_rnaseq/
ftp://ftp.sra.ebi.ac.uk/vol1/fastq/SRR197/048/SRR19762448/SRR19762448_1.fastq.gz	125cca5919c810822de8bad7062cdfb4	MAGE RNA-seq	sequence	mRNA	HG02792	Punjabi in Lahore, Pakistan	https://ftp.1000genomes.ebi.ac.uk/vol1/ftp/data_collections/mage_rnaseq/
ftp://ftp.sra.ebi.ac.uk/vol1/fastq/SRR197/048/SRR19762448/SRR19762448_2.fastq.gz	125cca5919c810822de8bad7062cdfb4	MAGE RNA-seq	sequence	mRNA	HG02792	Punjabi in Lahore, Pakistan	https://ftp.1000genomes.ebi.ac.uk/vol1/ftp/data_collections/mage_rnaseq/
ftp://ftp.sra.ebi.ac.uk/vol1/fastq/SRR197/049/SRR19762449/SRR19762449_1.fastq.gz	368eb028139fa47dbe5a185fbedd3ee2	MAGE RNA-seq	sequence	mRNA	HG02789	Punjabi in Lahore, Pakistan	https://ftp.1000genomes.ebi.ac.uk/vol1/ftp/data_collections/mage_rnaseq/
ftp://ftp.sra.ebi.ac.uk/vol1/fastq/SRR197/049/SRR19762449/SRR19762449_2.fastq.gz	368eb028139fa47dbe5a185fbedd3ee2	MAGE RNA-seq	sequence	mRNA	HG02789	Punjabi in Lahore, Pakistan	https://ftp.1000genomes.ebi.ac.uk/vol1/ftp/data_collections/mage_rnaseq/
ftp://ftp.sra.ebi.ac.uk/vol1/fastq/SRR197/051/SRR19762451/SRR19762451_1.fastq.gz	5af190eeaa53e0046abe1148d69e0fb1	MAGE RNA-seq	sequence	mRNA	HG00188	Finnish in Finland	https://ftp.1000genomes.ebi.ac.uk/vol1/ftp/data_collections/mage_rnaseq/
ftp://ftp.sra.ebi.ac.uk/vol1/fastq/SRR197/051/SRR19762451/SRR19762451_2.fastq.gz	5af190eeaa53e0046abe1148d69e0fb1	MAGE RNA-seq	sequence	mRNA	HG00188	Finnish in Finland	https://ftp.1000genomes.ebi.ac.uk/vol1/ftp/data_collections/mage_rnaseq/
ftp://ftp.sra.ebi.ac.uk/vol1/fastq/SRR197/052/SRR19762452/SRR19762452_1.fastq.gz	841cb4ce3e701b3285efd93fc8a97bfb	MAGE RNA-seq	sequence	mRNA	HG02768	Gambian in Western Division, The Gambia - Mandinka	https://ftp.1000genomes.ebi.ac.uk/vol1/ftp/data_collections/mage_rnaseq/
ftp://ftp.sra.ebi.ac.uk/vol1/fastq/SRR197/052/SRR19762452/SRR19762452_2.fastq.gz	841cb4ce3e701b3285efd93fc8a97bfb	MAGE RNA-seq	sequence	mRNA	HG02768	Gambian in Western Division, The Gambia - Mandinka	https://ftp.1000genomes.ebi.ac.uk/vol1/ftp/data_collections/mage_rnaseq/
ftp://ftp.sra.ebi.ac.uk/vol1/fastq/SRR197/053/SRR19762453/SRR19762453_1.fastq.gz	3bea28230e08ded5002066bb242b6ac8	MAGE RNA-seq	sequence	mRNA	HG02737	Punjabi in Lahore, Pakistan	https://ftp.1000genomes.ebi.ac.uk/vol1/ftp/data_collections/mage_rnaseq/
ftp://ftp.sra.ebi.ac.uk/vol1/fastq/SRR197/053/SRR19762453/SRR19762453_2.fastq.gz	3bea28230e08ded5002066bb242b6ac8	MAGE RNA-seq	sequence	mRNA	HG02737	Punjabi in Lahore, Pakistan	https://ftp.1000genomes.ebi.ac.uk/vol1/ftp/data_collections/mage_rnaseq/
ftp://ftp.sra.ebi.ac.uk/vol1/fastq/SRR197/056/SRR19762456/SRR19762456_1.fastq.gz	48f25db057c3767e280f07f30772fdb9	MAGE RNA-seq	sequence	mRNA	HG02620	Gambian in Western Division, The Gambia - Mandinka	https://ftp.1000genomes.ebi.ac.uk/vol1/ftp/data_collections/mage_rnaseq/
ftp://ftp.sra.ebi.ac.uk/vol1/fastq/SRR197/056/SRR19762456/SRR19762456_2.fastq.gz	48f25db057c3767e280f07f30772fdb9	MAGE RNA-seq	sequence	mRNA	HG02620	Gambian in Western Division, The Gambia - Mandinka	https://ftp.1000genomes.ebi.ac.uk/vol1/ftp/data_collections/mage_rnaseq/
ftp://ftp.sra.ebi.ac.uk/vol1/fastq/SRR197/061/SRR19762461/SRR19762461_1.fastq.gz	c5b27eff488e7ca1c1f38efc1626a8f3	MAGE RNA-seq	sequence	mRNA	HG02601	Punjabi in Lahore, Pakistan	https://ftp.1000genomes.ebi.ac.uk/vol1/ftp/data_collections/mage_rnaseq/
ftp://ftp.sra.ebi.ac.uk/vol1/fastq/SRR197/061/SRR19762461/SRR19762461_2.fastq.gz	c5b27eff488e7ca1c1f38efc1626a8f3	MAGE RNA-seq	sequence	mRNA	HG02601	Punjabi in Lahore, Pakistan	https://ftp.1000genomes.ebi.ac.uk/vol1/ftp/data_collections/mage_rnaseq/
ftp://ftp.sra.ebi.ac.uk/vol1/fastq/SRR197/065/SRR19762465/SRR19762465_1.fastq.gz	4cffae42406e11b11317ca901b9eb08b	MAGE RNA-seq	sequence	mRNA	NA19117	Yoruba in Ibadan, Nigeria	https://ftp.1000genomes.ebi.ac.uk/vol1/ftp/data_collections/mage_rnaseq/
ftp://ftp.sra.ebi.ac.uk/vol1/fastq/SRR197/065/SRR19762465/SRR19762465_2.fastq.gz	4cffae42406e11b11317ca901b9eb08b	MAGE RNA-seq	sequence	mRNA	NA19117	Yoruba in Ibadan, Nigeria	https://ftp.1000genomes.ebi.ac.uk/vol1/ftp/data_collections/mage_rnaseq/
ftp://ftp.sra.ebi.ac.uk/vol1/fastq/SRR197/069/SRR19762469/SRR19762469_1.fastq.gz	e3d04fc31e34a13821b876827b0d8eec	MAGE RNA-seq	sequence	mRNA	NA19095	Yoruba in Ibadan, Nigeria	https://ftp.1000genomes.ebi.ac.uk/vol1/ftp/data_collections/mage_rnaseq/
ftp://ftp.sra.ebi.ac.uk/vol1/fastq/SRR197/069/SRR19762469/SRR19762469_2.fastq.gz	e3d04fc31e34a13821b876827b0d8eec	MAGE RNA-seq	sequence	mRNA	NA19095	Yoruba in Ibadan, Nigeria	https://ftp.1000genomes.ebi.ac.uk/vol1/ftp/data_collections/mage_rnaseq/
ftp://ftp.sra.ebi.ac.uk/vol1/fastq/SRR197/071/SRR19762471/SRR19762471_1.fastq.gz	d9fd622fc322cb205a64c54503dd2d75	MAGE RNA-seq	sequence	mRNA	NA19081	Japanese in Tokyo, Japan	https://ftp.1000genomes.ebi.ac.uk/vol1/ftp/data_collections/mage_rnaseq/
ftp://ftp.sra.ebi.ac.uk/vol1/fastq/SRR197/071/SRR19762471/SRR19762471_2.fastq.gz	d9fd622fc322cb205a64c54503dd2d75	MAGE RNA-seq	sequence	mRNA	NA19081	Japanese in Tokyo, Japan	https://ftp.1000genomes.ebi.ac.uk/vol1/ftp/data_collections/mage_rnaseq/
ftp://ftp.sra.ebi.ac.uk/vol1/fastq/SRR197/076/SRR19762476/SRR19762476_1.fastq.gz	89b537075738167b8771db64c0e1c3da	MAGE RNA-seq	sequence	mRNA	NA18861	Yoruba in Ibadan, Nigeria	https://ftp.1000genomes.ebi.ac.uk/vol1/ftp/data_collections/mage_rnaseq/
ftp://ftp.sra.ebi.ac.uk/vol1/fastq/SRR197/076/SRR19762476/SRR19762476_2.fastq.gz	89b537075738167b8771db64c0e1c3da	MAGE RNA-seq	sequence	mRNA	NA18861	Yoruba in Ibadan, Nigeria	https://ftp.1000genomes.ebi.ac.uk/vol1/ftp/data_collections/mage_rnaseq/
ftp://ftp.sra.ebi.ac.uk/vol1/fastq/SRR197/078/SRR19762478/SRR19762478_1.fastq.gz	8e8d258b3962643a4b5e1d96a1715574	MAGE RNA-seq	sequence	mRNA	HG00311	Finnish in Finland	https://ftp.1000genomes.ebi.ac.uk/vol1/ftp/data_collections/mage_rnaseq/
ftp://ftp.sra.ebi.ac.uk/vol1/fastq/SRR197/078/SRR19762478/SRR19762478_2.fastq.gz	8e8d258b3962643a4b5e1d96a1715574	MAGE RNA-seq	sequence	mRNA	HG00311	Finnish in Finland	https://ftp.1000genomes.ebi.ac.uk/vol1/ftp/data_collections/mage_rnaseq/
ftp://ftp.sra.ebi.ac.uk/vol1/fastq/SRR197/080/SRR19762480/SRR19762480_1.fastq.gz	85b1bc6db80e7d9723fb115a13537729	MAGE RNA-seq	sequence	mRNA	NA18874	Yoruba in Ibadan, Nigeria	https://ftp.1000genomes.ebi.ac.uk/vol1/ftp/data_collections/mage_rnaseq/
ftp://ftp.sra.ebi.ac.uk/vol1/fastq/SRR197/080/SRR19762480/SRR19762480_2.fastq.gz	85b1bc6db80e7d9723fb115a13537729	MAGE RNA-seq	sequence	mRNA	NA18874	Yoruba in Ibadan, Nigeria	https://ftp.1000genomes.ebi.ac.uk/vol1/ftp/data_collections/mage_rnaseq/
ftp://ftp.sra.ebi.ac.uk/vol1/fastq/SRR197/082/SRR19762482/SRR19762482_1.fastq.gz	403c13e58bcae8bf60e6ffd85385fa93	MAGE RNA-seq	sequence	mRNA	NA18853	Yoruba in Ibadan, Nigeria	https://ftp.1000genomes.ebi.ac.uk/vol1/ftp/data_collections/mage_rnaseq/
ftp://ftp.sra.ebi.ac.uk/vol1/fastq/SRR197/082/SRR19762482/SRR19762482_2.fastq.gz	403c13e58bcae8bf60e6ffd85385fa93	MAGE RNA-seq	sequence	mRNA	NA18853	Yoruba in Ibadan, Nigeria	https://ftp.1000genomes.ebi.ac.uk/vol1/ftp/data_collections/mage_rnaseq/
ftp://ftp.sra.ebi.ac.uk/vol1/fastq/SRR197/086/SRR19762486/SRR19762486_1.fastq.gz	26d51d5239596eb6152e96db8b192756	MAGE RNA-seq	sequence	mRNA	NA18749	Han Chinese in Beijing, China	https://ftp.1000genomes.ebi.ac.uk/vol1/ftp/data_collections/mage_rnaseq/
ftp://ftp.sra.ebi.ac.uk/vol1/fastq/SRR197/086/SRR19762486/SRR19762486_2.fastq.gz	26d51d5239596eb6152e96db8b192756	MAGE RNA-seq	sequence	mRNA	NA18749	Han Chinese in Beijing, China	https://ftp.1000genomes.ebi.ac.uk/vol1/ftp/data_collections/mage_rnaseq/
ftp://ftp.sra.ebi.ac.uk/vol1/fastq/SRR197/088/SRR19762488/SRR19762488_1.fastq.gz	1fd9053e08f9a707124a646fb10e3e09	MAGE RNA-seq	sequence	mRNA	NA18639	Han Chinese in Beijing, China	https://ftp.1000genomes.ebi.ac.uk/vol1/ftp/data_collections/mage_rnaseq/
ftp://ftp.sra.ebi.ac.uk/vol1/fastq/SRR197/088/SRR19762488/SRR19762488_2.fastq.gz	1fd9053e08f9a707124a646fb10e3e09	MAGE RNA-seq	sequence	mRNA	NA18639	Han Chinese in Beijing, China	https://ftp.1000genomes.ebi.ac.uk/vol1/ftp/data_collections/mage_rnaseq/
ftp://ftp.sra.ebi.ac.uk/vol1/fastq/SRR197/098/SRR19762498/SRR19762498_1.fastq.gz	c23ee64bed035eecb00d00357338531c	MAGE RNA-seq	sequence	mRNA	NA12275	Utah residents (CEPH) with Northern and Western European ancestry	https://ftp.1000genomes.ebi.ac.uk/vol1/ftp/data_collections/mage_rnaseq/
ftp://ftp.sra.ebi.ac.uk/vol1/fastq/SRR197/098/SRR19762498/SRR19762498_2.fastq.gz	c23ee64bed035eecb00d00357338531c	MAGE RNA-seq	sequence	mRNA	NA12275	Utah residents (CEPH) with Northern and Western European ancestry	https://ftp.1000genomes.ebi.ac.uk/vol1/ftp/data_collections/mage_rnaseq/
ftp://ftp.sra.ebi.ac.uk/vol1/fastq/SRR197/006/SRR19762506/SRR19762506_1.fastq.gz	717e835bdc5ac606691ccb68b332dfce	MAGE RNA-seq	sequence	mRNA	HG03978	Indian Telugu in the UK	https://ftp.1000genomes.ebi.ac.uk/vol1/ftp/data_collections/mage_rnaseq/
ftp://ftp.sra.ebi.ac.uk/vol1/fastq/SRR197/006/SRR19762506/SRR19762506_2.fastq.gz	717e835bdc5ac606691ccb68b332dfce	MAGE RNA-seq	sequence	mRNA	HG03978	Indian Telugu in the UK	https://ftp.1000genomes.ebi.ac.uk/vol1/ftp/data_collections/mage_rnaseq/
ftp://ftp.sra.ebi.ac.uk/vol1/fastq/SRR197/008/SRR19762508/SRR19762508_1.fastq.gz	cdf0e70d95c68b929d4bfe3c23cded93	MAGE RNA-seq	sequence	mRNA	HG04002	Indian Telugu in the UK	https://ftp.1000genomes.ebi.ac.uk/vol1/ftp/data_collections/mage_rnaseq/
ftp://ftp.sra.ebi.ac.uk/vol1/fastq/SRR197/008/SRR19762508/SRR19762508_2.fastq.gz	cdf0e70d95c68b929d4bfe3c23cded93	MAGE RNA-seq	sequence	mRNA	HG04002	Indian Telugu in the UK	https://ftp.1000genomes.ebi.ac.uk/vol1/ftp/data_collections/mage_rnaseq/
ftp://ftp.sra.ebi.ac.uk/vol1/fastq/SRR197/011/SRR19762511/SRR19762511_1.fastq.gz	976828778630c29783a4881aab7cd9f3	MAGE RNA-seq	sequence	mRNA	HG03910	Bengali in Bangladesh	https://ftp.1000genomes.ebi.ac.uk/vol1/ftp/data_collections/mage_rnaseq/
ftp://ftp.sra.ebi.ac.uk/vol1/fastq/SRR197/011/SRR19762511/SRR19762511_2.fastq.gz	976828778630c29783a4881aab7cd9f3	MAGE RNA-seq	sequence	mRNA	HG03910	Bengali in Bangladesh	https://ftp.1000genomes.ebi.ac.uk/vol1/ftp/data_collections/mage_rnaseq/
ftp://ftp.sra.ebi.ac.uk/vol1/fastq/SRR197/015/SRR19762515/SRR19762515_1.fastq.gz	1b77f5a2c0b0cedf53f195cf805449cf	MAGE RNA-seq	sequence	mRNA	HG03971	Indian Telugu in the UK	https://ftp.1000genomes.ebi.ac.uk/vol1/ftp/data_collections/mage_rnaseq/
ftp://ftp.sra.ebi.ac.uk/vol1/fastq/SRR197/015/SRR19762515/SRR19762515_2.fastq.gz	1b77f5a2c0b0cedf53f195cf805449cf	MAGE RNA-seq	sequence	mRNA	HG03971	Indian Telugu in the UK	https://ftp.1000genomes.ebi.ac.uk/vol1/ftp/data_collections/mage_rnaseq/
ftp://ftp.sra.ebi.ac.uk/vol1/fastq/SRR197/018/SRR19762518/SRR19762518_1.fastq.gz	d1f5177b56cfea28d8437b3c3c3ae98e	MAGE RNA-seq	sequence	mRNA	HG03631	Punjabi in Lahore, Pakistan	https://ftp.1000genomes.ebi.ac.uk/vol1/ftp/data_collections/mage_rnaseq/
ftp://ftp.sra.ebi.ac.uk/vol1/fastq/SRR197/018/SRR19762518/SRR19762518_2.fastq.gz	d1f5177b56cfea28d8437b3c3c3ae98e	MAGE RNA-seq	sequence	mRNA	HG03631	Punjabi in Lahore, Pakistan	https://ftp.1000genomes.ebi.ac.uk/vol1/ftp/data_collections/mage_rnaseq/
ftp://ftp.sra.ebi.ac.uk/vol1/fastq/SRR197/021/SRR19762521/SRR19762521_1.fastq.gz	29bfaca2886e30627ef059754e7b0959	MAGE RNA-seq	sequence	mRNA	HG00237	British in England and Scotland	https://ftp.1000genomes.ebi.ac.uk/vol1/ftp/data_collections/mage_rnaseq/
ftp://ftp.sra.ebi.ac.uk/vol1/fastq/SRR197/021/SRR19762521/SRR19762521_2.fastq.gz	29bfaca2886e30627ef059754e7b0959	MAGE RNA-seq	sequence	mRNA	HG00237	British in England and Scotland	https://ftp.1000genomes.ebi.ac.uk/vol1/ftp/data_collections/mage_rnaseq/
ftp://ftp.sra.ebi.ac.uk/vol1/fastq/SRR197/022/SRR19762522/SRR19762522_1.fastq.gz	57ae0bb164d1c872eb01837ecc561986	MAGE RNA-seq	sequence	mRNA	HG03660	Punjabi in Lahore, Pakistan	https://ftp.1000genomes.ebi.ac.uk/vol1/ftp/data_collections/mage_rnaseq/
ftp://ftp.sra.ebi.ac.uk/vol1/fastq/SRR197/022/SRR19762522/SRR19762522_2.fastq.gz	57ae0bb164d1c872eb01837ecc561986	MAGE RNA-seq	sequence	mRNA	HG03660	Punjabi in Lahore, Pakistan	https://ftp.1000genomes.ebi.ac.uk/vol1/ftp/data_collections/mage_rnaseq/
ftp://ftp.sra.ebi.ac.uk/vol1/fastq/SRR197/031/SRR19762531/SRR19762531_1.fastq.gz	5762c6ddfa4abfcdb10359070beaa1fa	MAGE RNA-seq	sequence	mRNA	HG03118	Esan in Nigeria	https://ftp.1000genomes.ebi.ac.uk/vol1/ftp/data_collections/mage_rnaseq/
ftp://ftp.sra.ebi.ac.uk/vol1/fastq/SRR197/031/SRR19762531/SRR19762531_2.fastq.gz	5762c6ddfa4abfcdb10359070beaa1fa	MAGE RNA-seq	sequence	mRNA	HG03118	Esan in Nigeria	https://ftp.1000genomes.ebi.ac.uk/vol1/ftp/data_collections/mage_rnaseq/
ftp://ftp.sra.ebi.ac.uk/vol1/fastq/SRR197/032/SRR19762532/SRR19762532_1.fastq.gz	a6b053fd8bb892a8b28f6e41693b3631	MAGE RNA-seq	sequence	mRNA	HG03117	Esan in Nigeria	https://ftp.1000genomes.ebi.ac.uk/vol1/ftp/data_collections/mage_rnaseq/
ftp://ftp.sra.ebi.ac.uk/vol1/fastq/SRR197/032/SRR19762532/SRR19762532_2.fastq.gz	a6b053fd8bb892a8b28f6e41693b3631	MAGE RNA-seq	sequence	mRNA	HG03117	Esan in Nigeria	https://ftp.1000genomes.ebi.ac.uk/vol1/ftp/data_collections/mage_rnaseq/
ftp://ftp.sra.ebi.ac.uk/vol1/fastq/SRR197/033/SRR19762533/SRR19762533_1.fastq.gz	8cdb2706e782eadfc63c52b61e808ddd	MAGE RNA-seq	sequence	mRNA	HG03097	Mende in Sierra Leone	https://ftp.1000genomes.ebi.ac.uk/vol1/ftp/data_collections/mage_rnaseq/
ftp://ftp.sra.ebi.ac.uk/vol1/fastq/SRR197/033/SRR19762533/SRR19762533_2.fastq.gz	8cdb2706e782eadfc63c52b61e808ddd	MAGE RNA-seq	sequence	mRNA	HG03097	Mende in Sierra Leone	https://ftp.1000genomes.ebi.ac.uk/vol1/ftp/data_collections/mage_rnaseq/
ftp://ftp.sra.ebi.ac.uk/vol1/fastq/SRR197/036/SRR19762536/SRR19762536_1.fastq.gz	e9053e0c831ca7f1087eec9086d648f9	MAGE RNA-seq	sequence	mRNA	HG03127	Esan in Nigeria	https://ftp.1000genomes.ebi.ac.uk/vol1/ftp/data_collections/mage_rnaseq/
ftp://ftp.sra.ebi.ac.uk/vol1/fastq/SRR197/036/SRR19762536/SRR19762536_2.fastq.gz	e9053e0c831ca7f1087eec9086d648f9	MAGE RNA-seq	sequence	mRNA	HG03127	Esan in Nigeria	https://ftp.1000genomes.ebi.ac.uk/vol1/ftp/data_collections/mage_rnaseq/
ftp://ftp.sra.ebi.ac.uk/vol1/fastq/SRR197/037/SRR19762537/SRR19762537_1.fastq.gz	130fe6019d62709bcba52e97dd2b559a	MAGE RNA-seq	sequence	mRNA	HG03091	Mende in Sierra Leone	https://ftp.1000genomes.ebi.ac.uk/vol1/ftp/data_collections/mage_rnaseq/
ftp://ftp.sra.ebi.ac.uk/vol1/fastq/SRR197/037/SRR19762537/SRR19762537_2.fastq.gz	130fe6019d62709bcba52e97dd2b559a	MAGE RNA-seq	sequence	mRNA	HG03091	Mende in Sierra Leone	https://ftp.1000genomes.ebi.ac.uk/vol1/ftp/data_collections/mage_rnaseq/
ftp://ftp.sra.ebi.ac.uk/vol1/fastq/SRR197/045/SRR19762545/SRR19762545_1.fastq.gz	91d3e46443278ba3712c4a21342c2fbf	MAGE RNA-seq	sequence	mRNA	HG02731	Punjabi in Lahore, Pakistan	https://ftp.1000genomes.ebi.ac.uk/vol1/ftp/data_collections/mage_rnaseq/
ftp://ftp.sra.ebi.ac.uk/vol1/fastq/SRR197/045/SRR19762545/SRR19762545_2.fastq.gz	91d3e46443278ba3712c4a21342c2fbf	MAGE RNA-seq	sequence	mRNA	HG02731	Punjabi in Lahore, Pakistan	https://ftp.1000genomes.ebi.ac.uk/vol1/ftp/data_collections/mage_rnaseq/
ftp://ftp.sra.ebi.ac.uk/vol1/fastq/SRR197/050/SRR19762550/SRR19762550_1.fastq.gz	89dc3386f65a33470fafe622974f987a	MAGE RNA-seq	sequence	mRNA	HG02733	Punjabi in Lahore, Pakistan	https://ftp.1000genomes.ebi.ac.uk/vol1/ftp/data_collections/mage_rnaseq/
ftp://ftp.sra.ebi.ac.uk/vol1/fastq/SRR197/050/SRR19762550/SRR19762550_2.fastq.gz	89dc3386f65a33470fafe622974f987a	MAGE RNA-seq	sequence	mRNA	HG02733	Punjabi in Lahore, Pakistan	https://ftp.1000genomes.ebi.ac.uk/vol1/ftp/data_collections/mage_rnaseq/
ftp://ftp.sra.ebi.ac.uk/vol1/fastq/SRR197/053/SRR19762553/SRR19762553_1.fastq.gz	9cc7a5beacb1981fda4e0f8e70817305	MAGE RNA-seq	sequence	mRNA	HG02660	Punjabi in Lahore, Pakistan	https://ftp.1000genomes.ebi.ac.uk/vol1/ftp/data_collections/mage_rnaseq/
ftp://ftp.sra.ebi.ac.uk/vol1/fastq/SRR197/053/SRR19762553/SRR19762553_2.fastq.gz	9cc7a5beacb1981fda4e0f8e70817305	MAGE RNA-seq	sequence	mRNA	HG02660	Punjabi in Lahore, Pakistan	https://ftp.1000genomes.ebi.ac.uk/vol1/ftp/data_collections/mage_rnaseq/
ftp://ftp.sra.ebi.ac.uk/vol1/fastq/SRR197/054/SRR19762554/SRR19762554_1.fastq.gz	af43880b1cd9102b00bf1494f588dc04	MAGE RNA-seq	sequence	mRNA	HG02649	Punjabi in Lahore, Pakistan	https://ftp.1000genomes.ebi.ac.uk/vol1/ftp/data_collections/mage_rnaseq/
ftp://ftp.sra.ebi.ac.uk/vol1/fastq/SRR197/054/SRR19762554/SRR19762554_2.fastq.gz	af43880b1cd9102b00bf1494f588dc04	MAGE RNA-seq	sequence	mRNA	HG02649	Punjabi in Lahore, Pakistan	https://ftp.1000genomes.ebi.ac.uk/vol1/ftp/data_collections/mage_rnaseq/
ftp://ftp.sra.ebi.ac.uk/vol1/fastq/SRR197/060/SRR19762560/SRR19762560_1.fastq.gz	243044b2cb310db72e8977ab0a292da1	MAGE RNA-seq	sequence	mRNA	HG02513	Kinh in Ho Chi Minh City, Vietnam	https://ftp.1000genomes.ebi.ac.uk/vol1/ftp/data_collections/mage_rnaseq/
ftp://ftp.sra.ebi.ac.uk/vol1/fastq/SRR197/060/SRR19762560/SRR19762560_2.fastq.gz	243044b2cb310db72e8977ab0a292da1	MAGE RNA-seq	sequence	mRNA	HG02513	Kinh in Ho Chi Minh City, Vietnam	https://ftp.1000genomes.ebi.ac.uk/vol1/ftp/data_collections/mage_rnaseq/
ftp://ftp.sra.ebi.ac.uk/vol1/fastq/SRR197/061/SRR19762561/SRR19762561_1.fastq.gz	ab24f17f1dc0b61cfe1109d29e0c34e9	MAGE RNA-seq	sequence	mRNA	HG02502	African Caribbean in Barbados	https://ftp.1000genomes.ebi.ac.uk/vol1/ftp/data_collections/mage_rnaseq/
ftp://ftp.sra.ebi.ac.uk/vol1/fastq/SRR197/061/SRR19762561/SRR19762561_2.fastq.gz	ab24f17f1dc0b61cfe1109d29e0c34e9	MAGE RNA-seq	sequence	mRNA	HG02502	African Caribbean in Barbados	https://ftp.1000genomes.ebi.ac.uk/vol1/ftp/data_collections/mage_rnaseq/
ftp://ftp.sra.ebi.ac.uk/vol1/fastq/SRR197/064/SRR19762564/SRR19762564_1.fastq.gz	9c461018492cd3f6dfcf8bc94a4fe357	MAGE RNA-seq	sequence	mRNA	HG02568	Gambian in Western Division, The Gambia - Mandinka	https://ftp.1000genomes.ebi.ac.uk/vol1/ftp/data_collections/mage_rnaseq/
ftp://ftp.sra.ebi.ac.uk/vol1/fastq/SRR197/064/SRR19762564/SRR19762564_2.fastq.gz	9c461018492cd3f6dfcf8bc94a4fe357	MAGE RNA-seq	sequence	mRNA	HG02568	Gambian in Western Division, The Gambia - Mandinka	https://ftp.1000genomes.ebi.ac.uk/vol1/ftp/data_collections/mage_rnaseq/
ftp://ftp.sra.ebi.ac.uk/vol1/fastq/SRR197/068/SRR19762568/SRR19762568_1.fastq.gz	26de3a00a862ae2a22943b641cc86019	MAGE RNA-seq	sequence	mRNA	HG02481	African Caribbean in Barbados	https://ftp.1000genomes.ebi.ac.uk/vol1/ftp/data_collections/mage_rnaseq/
ftp://ftp.sra.ebi.ac.uk/vol1/fastq/SRR197/068/SRR19762568/SRR19762568_2.fastq.gz	26de3a00a862ae2a22943b641cc86019	MAGE RNA-seq	sequence	mRNA	HG02481	African Caribbean in Barbados	https://ftp.1000genomes.ebi.ac.uk/vol1/ftp/data_collections/mage_rnaseq/
ftp://ftp.sra.ebi.ac.uk/vol1/fastq/SRR197/069/SRR19762569/SRR19762569_1.fastq.gz	e0ba9a18865b99d1739041e2d699f787	MAGE RNA-seq	sequence	mRNA	HG02489	African Caribbean in Barbados	https://ftp.1000genomes.ebi.ac.uk/vol1/ftp/data_collections/mage_rnaseq/
ftp://ftp.sra.ebi.ac.uk/vol1/fastq/SRR197/069/SRR19762569/SRR19762569_2.fastq.gz	e0ba9a18865b99d1739041e2d699f787	MAGE RNA-seq	sequence	mRNA	HG02489	African Caribbean in Barbados	https://ftp.1000genomes.ebi.ac.uk/vol1/ftp/data_collections/mage_rnaseq/
ftp://ftp.sra.ebi.ac.uk/vol1/fastq/SRR197/070/SRR19762570/SRR19762570_1.fastq.gz	8fbb9eec9c2ab1f7aae1bd3e418683c4	MAGE RNA-seq	sequence	mRNA	HG00183	Finnish in Finland	https://ftp.1000genomes.ebi.ac.uk/vol1/ftp/data_collections/mage_rnaseq/
ftp://ftp.sra.ebi.ac.uk/vol1/fastq/SRR197/070/SRR19762570/SRR19762570_2.fastq.gz	8fbb9eec9c2ab1f7aae1bd3e418683c4	MAGE RNA-seq	sequence	mRNA	HG00183	Finnish in Finland	https://ftp.1000genomes.ebi.ac.uk/vol1/ftp/data_collections/mage_rnaseq/
ftp://ftp.sra.ebi.ac.uk/vol1/fastq/SRR197/073/SRR19762573/SRR19762573_1.fastq.gz	89df1ef5829c0ed7d40db9f7e11896df	MAGE RNA-seq	sequence	mRNA	HG02178	Chinese Dai in Xishuangbanna, China	https://ftp.1000genomes.ebi.ac.uk/vol1/ftp/data_collections/mage_rnaseq/
ftp://ftp.sra.ebi.ac.uk/vol1/fastq/SRR197/073/SRR19762573/SRR19762573_2.fastq.gz	89df1ef5829c0ed7d40db9f7e11896df	MAGE RNA-seq	sequence	mRNA	HG02178	Chinese Dai in Xishuangbanna, China	https://ftp.1000genomes.ebi.ac.uk/vol1/ftp/data_collections/mage_rnaseq/
ftp://ftp.sra.ebi.ac.uk/vol1/fastq/SRR197/079/SRR19762579/SRR19762579_1.fastq.gz	b3302c915677fd85e172d8b2346e6c5a	MAGE RNA-seq	sequence	mRNA	HG02150	Peruvian in Lima, Peru	https://ftp.1000genomes.ebi.ac.uk/vol1/ftp/data_collections/mage_rnaseq/
ftp://ftp.sra.ebi.ac.uk/vol1/fastq/SRR197/079/SRR19762579/SRR19762579_2.fastq.gz	b3302c915677fd85e172d8b2346e6c5a	MAGE RNA-seq	sequence	mRNA	HG02150	Peruvian in Lima, Peru	https://ftp.1000genomes.ebi.ac.uk/vol1/ftp/data_collections/mage_rnaseq/
ftp://ftp.sra.ebi.ac.uk/vol1/fastq/SRR197/081/SRR19762581/SRR19762581_1.fastq.gz	c3f40eec444056a0c3619cbe21e62537	MAGE RNA-seq	sequence	mRNA	HG02134	Kinh in Ho Chi Minh City, Vietnam	https://ftp.1000genomes.ebi.ac.uk/vol1/ftp/data_collections/mage_rnaseq/
ftp://ftp.sra.ebi.ac.uk/vol1/fastq/SRR197/081/SRR19762581/SRR19762581_2.fastq.gz	c3f40eec444056a0c3619cbe21e62537	MAGE RNA-seq	sequence	mRNA	HG02134	Kinh in Ho Chi Minh City, Vietnam	https://ftp.1000genomes.ebi.ac.uk/vol1/ftp/data_collections/mage_rnaseq/
ftp://ftp.sra.ebi.ac.uk/vol1/fastq/SRR197/082/SRR19762582/SRR19762582_1.fastq.gz	a015edda4d6e0bab51f4ae857082bfb3	MAGE RNA-seq	sequence	mRNA	HG02121	Kinh in Ho Chi Minh City, Vietnam	https://ftp.1000genomes.ebi.ac.uk/vol1/ftp/data_collections/mage_rnaseq/
ftp://ftp.sra.ebi.ac.uk/vol1/fastq/SRR197/082/SRR19762582/SRR19762582_2.fastq.gz	a015edda4d6e0bab51f4ae857082bfb3	MAGE RNA-seq	sequence	mRNA	HG02121	Kinh in Ho Chi Minh City, Vietnam	https://ftp.1000genomes.ebi.ac.uk/vol1/ftp/data_collections/mage_rnaseq/
ftp://ftp.sra.ebi.ac.uk/vol1/fastq/SRR197/090/SRR19762590/SRR19762590_1.fastq.gz	560a30a798898784c46fb580bf6d2d41	MAGE RNA-seq	sequence	mRNA	HG01817	Chinese Dai in Xishuangbanna, China	https://ftp.1000genomes.ebi.ac.uk/vol1/ftp/data_collections/mage_rnaseq/
ftp://ftp.sra.ebi.ac.uk/vol1/fastq/SRR197/090/SRR19762590/SRR19762590_2.fastq.gz	560a30a798898784c46fb580bf6d2d41	MAGE RNA-seq	sequence	mRNA	HG01817	Chinese Dai in Xishuangbanna, China	https://ftp.1000genomes.ebi.ac.uk/vol1/ftp/data_collections/mage_rnaseq/
ftp://ftp.sra.ebi.ac.uk/vol1/fastq/SRR197/096/SRR19762596/SRR19762596_1.fastq.gz	c86b05322cdd0fc73fa46050398397cb	MAGE RNA-seq	sequence	mRNA	HG01790	British in England and Scotland	https://ftp.1000genomes.ebi.ac.uk/vol1/ftp/data_collections/mage_rnaseq/
ftp://ftp.sra.ebi.ac.uk/vol1/fastq/SRR197/096/SRR19762596/SRR19762596_2.fastq.gz	c86b05322cdd0fc73fa46050398397cb	MAGE RNA-seq	sequence	mRNA	HG01790	British in England and Scotland	https://ftp.1000genomes.ebi.ac.uk/vol1/ftp/data_collections/mage_rnaseq/
ftp://ftp.sra.ebi.ac.uk/vol1/fastq/SRR197/098/SRR19762598/SRR19762598_1.fastq.gz	e8dbdc3fdeac80b2d292c55591b15d2d	MAGE RNA-seq	sequence	mRNA	HG00105	British in England and Scotland	https://ftp.1000genomes.ebi.ac.uk/vol1/ftp/data_collections/mage_rnaseq/
ftp://ftp.sra.ebi.ac.uk/vol1/fastq/SRR197/098/SRR19762598/SRR19762598_2.fastq.gz	e8dbdc3fdeac80b2d292c55591b15d2d	MAGE RNA-seq	sequence	mRNA	HG00105	British in England and Scotland	https://ftp.1000genomes.ebi.ac.uk/vol1/ftp/data_collections/mage_rnaseq/
ftp://ftp.sra.ebi.ac.uk/vol1/fastq/SRR197/000/SRR19762600/SRR19762600_1.fastq.gz	9d3d6fbf13a10fc57e52a35888f0f1e4	MAGE RNA-seq	sequence	mRNA	HG01785	Iberian populations in Spain	https://ftp.1000genomes.ebi.ac.uk/vol1/ftp/data_collections/mage_rnaseq/
ftp://ftp.sra.ebi.ac.uk/vol1/fastq/SRR197/000/SRR19762600/SRR19762600_2.fastq.gz	9d3d6fbf13a10fc57e52a35888f0f1e4	MAGE RNA-seq	sequence	mRNA	HG01785	Iberian populations in Spain	https://ftp.1000genomes.ebi.ac.uk/vol1/ftp/data_collections/mage_rnaseq/
ftp://ftp.sra.ebi.ac.uk/vol1/fastq/SRR197/004/SRR19762604/SRR19762604_1.fastq.gz	a58beb654aa24e1d4edd9d05bf11c64d	MAGE RNA-seq	sequence	mRNA	HG01461	Colombian in Medellin, Colombia	https://ftp.1000genomes.ebi.ac.uk/vol1/ftp/data_collections/mage_rnaseq/
ftp://ftp.sra.ebi.ac.uk/vol1/fastq/SRR197/004/SRR19762604/SRR19762604_2.fastq.gz	a58beb654aa24e1d4edd9d05bf11c64d	MAGE RNA-seq	sequence	mRNA	HG01461	Colombian in Medellin, Colombia	https://ftp.1000genomes.ebi.ac.uk/vol1/ftp/data_collections/mage_rnaseq/
ftp://ftp.sra.ebi.ac.uk/vol1/fastq/SRR197/007/SRR19762607/SRR19762607_1.fastq.gz	e6be7b98f3f0f3e82115b70e0b9a80c9	MAGE RNA-seq	sequence	mRNA	HG01383	Colombian in Medellin, Colombia	https://ftp.1000genomes.ebi.ac.uk/vol1/ftp/data_collections/mage_rnaseq/
ftp://ftp.sra.ebi.ac.uk/vol1/fastq/SRR197/007/SRR19762607/SRR19762607_2.fastq.gz	e6be7b98f3f0f3e82115b70e0b9a80c9	MAGE RNA-seq	sequence	mRNA	HG01383	Colombian in Medellin, Colombia	https://ftp.1000genomes.ebi.ac.uk/vol1/ftp/data_collections/mage_rnaseq/
ftp://ftp.sra.ebi.ac.uk/vol1/fastq/SRR197/019/SRR19762619/SRR19762619_1.fastq.gz	defec9abb12ea75e3195356c26124330	MAGE RNA-seq	sequence	mRNA	NA19055	Japanese in Tokyo, Japan	https://ftp.1000genomes.ebi.ac.uk/vol1/ftp/data_collections/mage_rnaseq/
ftp://ftp.sra.ebi.ac.uk/vol1/fastq/SRR197/019/SRR19762619/SRR19762619_2.fastq.gz	defec9abb12ea75e3195356c26124330	MAGE RNA-seq	sequence	mRNA	NA19055	Japanese in Tokyo, Japan	https://ftp.1000genomes.ebi.ac.uk/vol1/ftp/data_collections/mage_rnaseq/
ftp://ftp.sra.ebi.ac.uk/vol1/fastq/SRR197/025/SRR19762625/SRR19762625_1.fastq.gz	1419c09365e686d7ca268a0b6800500f	MAGE RNA-seq	sequence	mRNA	NA19038	Luhya in Webuye, Kenya	https://ftp.1000genomes.ebi.ac.uk/vol1/ftp/data_collections/mage_rnaseq/
ftp://ftp.sra.ebi.ac.uk/vol1/fastq/SRR197/025/SRR19762625/SRR19762625_2.fastq.gz	1419c09365e686d7ca268a0b6800500f	MAGE RNA-seq	sequence	mRNA	NA19038	Luhya in Webuye, Kenya	https://ftp.1000genomes.ebi.ac.uk/vol1/ftp/data_collections/mage_rnaseq/
ftp://ftp.sra.ebi.ac.uk/vol1/fastq/SRR197/026/SRR19762626/SRR19762626_1.fastq.gz	b799ecd3d1da0a53668a772cc29a5b7a	MAGE RNA-seq	sequence	mRNA	HG00325	Finnish in Finland	https://ftp.1000genomes.ebi.ac.uk/vol1/ftp/data_collections/mage_rnaseq/
ftp://ftp.sra.ebi.ac.uk/vol1/fastq/SRR197/026/SRR19762626/SRR19762626_2.fastq.gz	b799ecd3d1da0a53668a772cc29a5b7a	MAGE RNA-seq	sequence	mRNA	HG00325	Finnish in Finland	https://ftp.1000genomes.ebi.ac.uk/vol1/ftp/data_collections/mage_rnaseq/
ftp://ftp.sra.ebi.ac.uk/vol1/fastq/SRR197/027/SRR19762627/SRR19762627_1.fastq.gz	2a96d535cf2e1fc01ef2bb2a5f1b5776	MAGE RNA-seq	sequence	mRNA	HG00110	British in England and Scotland	https://ftp.1000genomes.ebi.ac.uk/vol1/ftp/data_collections/mage_rnaseq/
ftp://ftp.sra.ebi.ac.uk/vol1/fastq/SRR197/027/SRR19762627/SRR19762627_2.fastq.gz	2a96d535cf2e1fc01ef2bb2a5f1b5776	MAGE RNA-seq	sequence	mRNA	HG00110	British in England and Scotland	https://ftp.1000genomes.ebi.ac.uk/vol1/ftp/data_collections/mage_rnaseq/
ftp://ftp.sra.ebi.ac.uk/vol1/fastq/SRR197/028/SRR19762628/SRR19762628_1.fastq.gz	b0c288ba38444028dec3f9000b982449	MAGE RNA-seq	sequence	mRNA	NA18553	Han Chinese in Beijing, China	https://ftp.1000genomes.ebi.ac.uk/vol1/ftp/data_collections/mage_rnaseq/
ftp://ftp.sra.ebi.ac.uk/vol1/fastq/SRR197/028/SRR19762628/SRR19762628_2.fastq.gz	b0c288ba38444028dec3f9000b982449	MAGE RNA-seq	sequence	mRNA	NA18553	Han Chinese in Beijing, China	https://ftp.1000genomes.ebi.ac.uk/vol1/ftp/data_collections/mage_rnaseq/
ftp://ftp.sra.ebi.ac.uk/vol1/fastq/SRR197/033/SRR19762633/SRR19762633_1.fastq.gz	83bb50d73bd9560a412ab49be2698729	MAGE RNA-seq	sequence	mRNA	NA18542	Han Chinese in Beijing, China	https://ftp.1000genomes.ebi.ac.uk/vol1/ftp/data_collections/mage_rnaseq/
ftp://ftp.sra.ebi.ac.uk/vol1/fastq/SRR197/033/SRR19762633/SRR19762633_2.fastq.gz	83bb50d73bd9560a412ab49be2698729	MAGE RNA-seq	sequence	mRNA	NA18542	Han Chinese in Beijing, China	https://ftp.1000genomes.ebi.ac.uk/vol1/ftp/data_collections/mage_rnaseq/
ftp://ftp.sra.ebi.ac.uk/vol1/fastq/SRR197/036/SRR19762636/SRR19762636_1.fastq.gz	fd95be733ee9d765a319f2582acc0041	MAGE RNA-seq	sequence	mRNA	NA18531	Han Chinese in Beijing, China	https://ftp.1000genomes.ebi.ac.uk/vol1/ftp/data_collections/mage_rnaseq/
ftp://ftp.sra.ebi.ac.uk/vol1/fastq/SRR197/036/SRR19762636/SRR19762636_2.fastq.gz	fd95be733ee9d765a319f2582acc0041	MAGE RNA-seq	sequence	mRNA	NA18531	Han Chinese in Beijing, China	https://ftp.1000genomes.ebi.ac.uk/vol1/ftp/data_collections/mage_rnaseq/
ftp://ftp.sra.ebi.ac.uk/vol1/fastq/SRR197/040/SRR19762640/SRR19762640_1.fastq.gz	efe9605ae53264b526bda289afa016e8	MAGE RNA-seq	sequence	mRNA	NA18522	Yoruba in Ibadan, Nigeria	https://ftp.1000genomes.ebi.ac.uk/vol1/ftp/data_collections/mage_rnaseq/
ftp://ftp.sra.ebi.ac.uk/vol1/fastq/SRR197/040/SRR19762640/SRR19762640_2.fastq.gz	efe9605ae53264b526bda289afa016e8	MAGE RNA-seq	sequence	mRNA	NA18522	Yoruba in Ibadan, Nigeria	https://ftp.1000genomes.ebi.ac.uk/vol1/ftp/data_collections/mage_rnaseq/
ftp://ftp.sra.ebi.ac.uk/vol1/fastq/SRR197/041/SRR19762641/SRR19762641_1.fastq.gz	dd786e5315b682ca05fbf0413b4bb6f8	MAGE RNA-seq	sequence	mRNA	NA18516	Yoruba in Ibadan, Nigeria	https://ftp.1000genomes.ebi.ac.uk/vol1/ftp/data_collections/mage_rnaseq/
ftp://ftp.sra.ebi.ac.uk/vol1/fastq/SRR197/041/SRR19762641/SRR19762641_2.fastq.gz	dd786e5315b682ca05fbf0413b4bb6f8	MAGE RNA-seq	sequence	mRNA	NA18516	Yoruba in Ibadan, Nigeria	https://ftp.1000genomes.ebi.ac.uk/vol1/ftp/data_collections/mage_rnaseq/
ftp://ftp.sra.ebi.ac.uk/vol1/fastq/SRR197/042/SRR19762642/SRR19762642_1.fastq.gz	867e97675a49713d771a696bebf1ae39	MAGE RNA-seq	sequence	mRNA	NA12058	Utah residents (CEPH) with Northern and Western European ancestry	https://ftp.1000genomes.ebi.ac.uk/vol1/ftp/data_collections/mage_rnaseq/
ftp://ftp.sra.ebi.ac.uk/vol1/fastq/SRR197/042/SRR19762642/SRR19762642_2.fastq.gz	867e97675a49713d771a696bebf1ae39	MAGE RNA-seq	sequence	mRNA	NA12058	Utah residents (CEPH) with Northern and Western European ancestry	https://ftp.1000genomes.ebi.ac.uk/vol1/ftp/data_collections/mage_rnaseq/
ftp://ftp.sra.ebi.ac.uk/vol1/fastq/SRR197/046/SRR19762646/SRR19762646_1.fastq.gz	078922c7a606ec112efbeeac1721e88e	MAGE RNA-seq	sequence	mRNA	HG00277	Finnish in Finland	https://ftp.1000genomes.ebi.ac.uk/vol1/ftp/data_collections/mage_rnaseq/
ftp://ftp.sra.ebi.ac.uk/vol1/fastq/SRR197/046/SRR19762646/SRR19762646_2.fastq.gz	078922c7a606ec112efbeeac1721e88e	MAGE RNA-seq	sequence	mRNA	HG00277	Finnish in Finland	https://ftp.1000genomes.ebi.ac.uk/vol1/ftp/data_collections/mage_rnaseq/
ftp://ftp.sra.ebi.ac.uk/vol1/fastq/SRR197/049/SRR19762649/SRR19762649_1.fastq.gz	8c10702a24a2e435868eb8c563e225b9	MAGE RNA-seq	sequence	mRNA	NA07000	Utah residents (CEPH) with Northern and Western European ancestry	https://ftp.1000genomes.ebi.ac.uk/vol1/ftp/data_collections/mage_rnaseq/
ftp://ftp.sra.ebi.ac.uk/vol1/fastq/SRR197/049/SRR19762649/SRR19762649_2.fastq.gz	8c10702a24a2e435868eb8c563e225b9	MAGE RNA-seq	sequence	mRNA	NA07000	Utah residents (CEPH) with Northern and Western European ancestry	https://ftp.1000genomes.ebi.ac.uk/vol1/ftp/data_collections/mage_rnaseq/
ftp://ftp.sra.ebi.ac.uk/vol1/fastq/SRR197/052/SRR19762652/SRR19762652_1.fastq.gz	62693c47aeaf7cc0317e9f9dc8f884b3	MAGE RNA-seq	sequence	mRNA	NA06985	Utah residents (CEPH) with Northern and Western European ancestry	https://ftp.1000genomes.ebi.ac.uk/vol1/ftp/data_collections/mage_rnaseq/
ftp://ftp.sra.ebi.ac.uk/vol1/fastq/SRR197/052/SRR19762652/SRR19762652_2.fastq.gz	62693c47aeaf7cc0317e9f9dc8f884b3	MAGE RNA-seq	sequence	mRNA	NA06985	Utah residents (CEPH) with Northern and Western European ancestry	https://ftp.1000genomes.ebi.ac.uk/vol1/ftp/data_collections/mage_rnaseq/
ftp://ftp.sra.ebi.ac.uk/vol1/fastq/SRR197/057/SRR19762657/SRR19762657_1.fastq.gz	3b44498cc876d21afd7fc70494c77319	MAGE RNA-seq	sequence	mRNA	HG03888	Sri Lankan Tamil in the UK	https://ftp.1000genomes.ebi.ac.uk/vol1/ftp/data_collections/mage_rnaseq/
ftp://ftp.sra.ebi.ac.uk/vol1/fastq/SRR197/057/SRR19762657/SRR19762657_2.fastq.gz	3b44498cc876d21afd7fc70494c77319	MAGE RNA-seq	sequence	mRNA	HG03888	Sri Lankan Tamil in the UK	https://ftp.1000genomes.ebi.ac.uk/vol1/ftp/data_collections/mage_rnaseq/
ftp://ftp.sra.ebi.ac.uk/vol1/fastq/SRR197/058/SRR19762658/SRR19762658_1.fastq.gz	42f16e20b37b5190a7e9f2d8c0f3513f	MAGE RNA-seq	sequence	mRNA	HG03885	Sri Lankan Tamil in the UK	https://ftp.1000genomes.ebi.ac.uk/vol1/ftp/data_collections/mage_rnaseq/
ftp://ftp.sra.ebi.ac.uk/vol1/fastq/SRR197/058/SRR19762658/SRR19762658_2.fastq.gz	42f16e20b37b5190a7e9f2d8c0f3513f	MAGE RNA-seq	sequence	mRNA	HG03885	Sri Lankan Tamil in the UK	https://ftp.1000genomes.ebi.ac.uk/vol1/ftp/data_collections/mage_rnaseq/
ftp://ftp.sra.ebi.ac.uk/vol1/fastq/SRR197/060/SRR19762660/SRR19762660_1.fastq.gz	60edf7e184fda0d3f4a9034658871a66	MAGE RNA-seq	sequence	mRNA	HG00250	British in England and Scotland	https://ftp.1000genomes.ebi.ac.uk/vol1/ftp/data_collections/mage_rnaseq/
ftp://ftp.sra.ebi.ac.uk/vol1/fastq/SRR197/060/SRR19762660/SRR19762660_2.fastq.gz	60edf7e184fda0d3f4a9034658871a66	MAGE RNA-seq	sequence	mRNA	HG00250	British in England and Scotland	https://ftp.1000genomes.ebi.ac.uk/vol1/ftp/data_collections/mage_rnaseq/
ftp://ftp.sra.ebi.ac.uk/vol1/fastq/SRR197/062/SRR19762662/SRR19762662_1.fastq.gz	549606fe185434d00783b1ea797e3e49	MAGE RNA-seq	sequence	mRNA	HG03866	Indian Telugu in the UK	https://ftp.1000genomes.ebi.ac.uk/vol1/ftp/data_collections/mage_rnaseq/
ftp://ftp.sra.ebi.ac.uk/vol1/fastq/SRR197/062/SRR19762662/SRR19762662_2.fastq.gz	549606fe185434d00783b1ea797e3e49	MAGE RNA-seq	sequence	mRNA	HG03866	Indian Telugu in the UK	https://ftp.1000genomes.ebi.ac.uk/vol1/ftp/data_collections/mage_rnaseq/
ftp://ftp.sra.ebi.ac.uk/vol1/fastq/SRR197/066/SRR19762666/SRR19762666_1.fastq.gz	74fb26784062b46e9d5ecd04e146e93b	MAGE RNA-seq	sequence	mRNA	HG03861	Indian Telugu in the UK	https://ftp.1000genomes.ebi.ac.uk/vol1/ftp/data_collections/mage_rnaseq/
ftp://ftp.sra.ebi.ac.uk/vol1/fastq/SRR197/066/SRR19762666/SRR19762666_2.fastq.gz	74fb26784062b46e9d5ecd04e146e93b	MAGE RNA-seq	sequence	mRNA	HG03861	Indian Telugu in the UK	https://ftp.1000genomes.ebi.ac.uk/vol1/ftp/data_collections/mage_rnaseq/
ftp://ftp.sra.ebi.ac.uk/vol1/fastq/SRR197/068/SRR19762668/SRR19762668_1.fastq.gz	0942b413c251603c025a31740e4aacc3	MAGE RNA-seq	sequence	mRNA	HG03857	Sri Lankan Tamil in the UK	https://ftp.1000genomes.ebi.ac.uk/vol1/ftp/data_collections/mage_rnaseq/
ftp://ftp.sra.ebi.ac.uk/vol1/fastq/SRR197/068/SRR19762668/SRR19762668_2.fastq.gz	0942b413c251603c025a31740e4aacc3	MAGE RNA-seq	sequence	mRNA	HG03857	Sri Lankan Tamil in the UK	https://ftp.1000genomes.ebi.ac.uk/vol1/ftp/data_collections/mage_rnaseq/
ftp://ftp.sra.ebi.ac.uk/vol1/fastq/SRR197/069/SRR19762669/SRR19762669_1.fastq.gz	6144b768739413b19ec520a49feb86cf	MAGE RNA-seq	sequence	mRNA	HG03826	Bengali in Bangladesh	https://ftp.1000genomes.ebi.ac.uk/vol1/ftp/data_collections/mage_rnaseq/
ftp://ftp.sra.ebi.ac.uk/vol1/fastq/SRR197/069/SRR19762669/SRR19762669_2.fastq.gz	6144b768739413b19ec520a49feb86cf	MAGE RNA-seq	sequence	mRNA	HG03826	Bengali in Bangladesh	https://ftp.1000genomes.ebi.ac.uk/vol1/ftp/data_collections/mage_rnaseq/
ftp://ftp.sra.ebi.ac.uk/vol1/fastq/SRR197/070/SRR19762670/SRR19762670_1.fastq.gz	d0abdb6827278462fa3ee4801e01404f	MAGE RNA-seq	sequence	mRNA	HG03558	Mende in Sierra Leone	https://ftp.1000genomes.ebi.ac.uk/vol1/ftp/data_collections/mage_rnaseq/
ftp://ftp.sra.ebi.ac.uk/vol1/fastq/SRR197/070/SRR19762670/SRR19762670_2.fastq.gz	d0abdb6827278462fa3ee4801e01404f	MAGE RNA-seq	sequence	mRNA	HG03558	Mende in Sierra Leone	https://ftp.1000genomes.ebi.ac.uk/vol1/ftp/data_collections/mage_rnaseq/
ftp://ftp.sra.ebi.ac.uk/vol1/fastq/SRR197/071/SRR19762671/SRR19762671_1.fastq.gz	4d02dfad5a84c46b544f300fdb2a7984	MAGE RNA-seq	sequence	mRNA	HG03556	Mende in Sierra Leone	https://ftp.1000genomes.ebi.ac.uk/vol1/ftp/data_collections/mage_rnaseq/
ftp://ftp.sra.ebi.ac.uk/vol1/fastq/SRR197/071/SRR19762671/SRR19762671_2.fastq.gz	4d02dfad5a84c46b544f300fdb2a7984	MAGE RNA-seq	sequence	mRNA	HG03556	Mende in Sierra Leone	https://ftp.1000genomes.ebi.ac.uk/vol1/ftp/data_collections/mage_rnaseq/
ftp://ftp.sra.ebi.ac.uk/vol1/fastq/SRR197/074/SRR19762674/SRR19762674_1.fastq.gz	3210c08553d8484f2551f6dfa013ccd3	MAGE RNA-seq	sequence	mRNA	HG03563	Mende in Sierra Leone	https://ftp.1000genomes.ebi.ac.uk/vol1/ftp/data_collections/mage_rnaseq/
ftp://ftp.sra.ebi.ac.uk/vol1/fastq/SRR197/074/SRR19762674/SRR19762674_2.fastq.gz	3210c08553d8484f2551f6dfa013ccd3	MAGE RNA-seq	sequence	mRNA	HG03563	Mende in Sierra Leone	https://ftp.1000genomes.ebi.ac.uk/vol1/ftp/data_collections/mage_rnaseq/
ftp://ftp.sra.ebi.ac.uk/vol1/fastq/SRR197/075/SRR19762675/SRR19762675_1.fastq.gz	7b4e5dd79716828c42fe24162a69c6d5	MAGE RNA-seq	sequence	mRNA	HG03521	Esan in Nigeria	https://ftp.1000genomes.ebi.ac.uk/vol1/ftp/data_collections/mage_rnaseq/
ftp://ftp.sra.ebi.ac.uk/vol1/fastq/SRR197/075/SRR19762675/SRR19762675_2.fastq.gz	7b4e5dd79716828c42fe24162a69c6d5	MAGE RNA-seq	sequence	mRNA	HG03521	Esan in Nigeria	https://ftp.1000genomes.ebi.ac.uk/vol1/ftp/data_collections/mage_rnaseq/
ftp://ftp.sra.ebi.ac.uk/vol1/fastq/SRR197/076/SRR19762676/SRR19762676_1.fastq.gz	667c0192528c95fbe2d84409c69f443c	MAGE RNA-seq	sequence	mRNA	HG03520	Esan in Nigeria	https://ftp.1000genomes.ebi.ac.uk/vol1/ftp/data_collections/mage_rnaseq/
ftp://ftp.sra.ebi.ac.uk/vol1/fastq/SRR197/076/SRR19762676/SRR19762676_2.fastq.gz	667c0192528c95fbe2d84409c69f443c	MAGE RNA-seq	sequence	mRNA	HG03520	Esan in Nigeria	https://ftp.1000genomes.ebi.ac.uk/vol1/ftp/data_collections/mage_rnaseq/
ftp://ftp.sra.ebi.ac.uk/vol1/fastq/SRR197/077/SRR19762677/SRR19762677_1.fastq.gz	622efbb87f2bbac0ba4eba2759ab9620	MAGE RNA-seq	sequence	mRNA	HG03499	Esan in Nigeria	https://ftp.1000genomes.ebi.ac.uk/vol1/ftp/data_collections/mage_rnaseq/
ftp://ftp.sra.ebi.ac.uk/vol1/fastq/SRR197/077/SRR19762677/SRR19762677_2.fastq.gz	622efbb87f2bbac0ba4eba2759ab9620	MAGE RNA-seq	sequence	mRNA	HG03499	Esan in Nigeria	https://ftp.1000genomes.ebi.ac.uk/vol1/ftp/data_collections/mage_rnaseq/
ftp://ftp.sra.ebi.ac.uk/vol1/fastq/SRR197/078/SRR19762678/SRR19762678_1.fastq.gz	c81887ce636848e076dfa9bf8344369c	MAGE RNA-seq	sequence	mRNA	HG00233	British in England and Scotland	https://ftp.1000genomes.ebi.ac.uk/vol1/ftp/data_collections/mage_rnaseq/
ftp://ftp.sra.ebi.ac.uk/vol1/fastq/SRR197/078/SRR19762678/SRR19762678_2.fastq.gz	c81887ce636848e076dfa9bf8344369c	MAGE RNA-seq	sequence	mRNA	HG00233	British in England and Scotland	https://ftp.1000genomes.ebi.ac.uk/vol1/ftp/data_collections/mage_rnaseq/
ftp://ftp.sra.ebi.ac.uk/vol1/fastq/SRR197/079/SRR19762679/SRR19762679_1.fastq.gz	0f37b8c4d111da9b64e0484741668812	MAGE RNA-seq	sequence	mRNA	HG00110	British in England and Scotland	https://ftp.1000genomes.ebi.ac.uk/vol1/ftp/data_collections/mage_rnaseq/
ftp://ftp.sra.ebi.ac.uk/vol1/fastq/SRR197/079/SRR19762679/SRR19762679_2.fastq.gz	0f37b8c4d111da9b64e0484741668812	MAGE RNA-seq	sequence	mRNA	HG00110	British in England and Scotland	https://ftp.1000genomes.ebi.ac.uk/vol1/ftp/data_collections/mage_rnaseq/
ftp://ftp.sra.ebi.ac.uk/vol1/fastq/SRR197/080/SRR19762680/SRR19762680_1.fastq.gz	4f788e5364c07917d673189948cf3bf4	MAGE RNA-seq	sequence	mRNA	HG03491	Punjabi in Lahore, Pakistan	https://ftp.1000genomes.ebi.ac.uk/vol1/ftp/data_collections/mage_rnaseq/
ftp://ftp.sra.ebi.ac.uk/vol1/fastq/SRR197/080/SRR19762680/SRR19762680_2.fastq.gz	4f788e5364c07917d673189948cf3bf4	MAGE RNA-seq	sequence	mRNA	HG03491	Punjabi in Lahore, Pakistan	https://ftp.1000genomes.ebi.ac.uk/vol1/ftp/data_collections/mage_rnaseq/
ftp://ftp.sra.ebi.ac.uk/vol1/fastq/SRR197/083/SRR19762683/SRR19762683_1.fastq.gz	f61f264fd9e820a45acbd511ae9831a4	MAGE RNA-seq	sequence	mRNA	HG03478	Mende in Sierra Leone	https://ftp.1000genomes.ebi.ac.uk/vol1/ftp/data_collections/mage_rnaseq/
ftp://ftp.sra.ebi.ac.uk/vol1/fastq/SRR197/083/SRR19762683/SRR19762683_2.fastq.gz	f61f264fd9e820a45acbd511ae9831a4	MAGE RNA-seq	sequence	mRNA	HG03478	Mende in Sierra Leone	https://ftp.1000genomes.ebi.ac.uk/vol1/ftp/data_collections/mage_rnaseq/
ftp://ftp.sra.ebi.ac.uk/vol1/fastq/SRR197/085/SRR19762685/SRR19762685_1.fastq.gz	13cc5ca0d7b53e7fdc4e820c7b3d3b41	MAGE RNA-seq	sequence	mRNA	HG02983	Gambian in Western Division, The Gambia - Mandinka	https://ftp.1000genomes.ebi.ac.uk/vol1/ftp/data_collections/mage_rnaseq/
ftp://ftp.sra.ebi.ac.uk/vol1/fastq/SRR197/085/SRR19762685/SRR19762685_2.fastq.gz	13cc5ca0d7b53e7fdc4e820c7b3d3b41	MAGE RNA-seq	sequence	mRNA	HG02983	Gambian in Western Division, The Gambia - Mandinka	https://ftp.1000genomes.ebi.ac.uk/vol1/ftp/data_collections/mage_rnaseq/
ftp://ftp.sra.ebi.ac.uk/vol1/fastq/SRR197/087/SRR19762687/SRR19762687_1.fastq.gz	d42d3f6c8f95709b2e6feb3a0d1c410b	MAGE RNA-seq	sequence	mRNA	HG03018	Punjabi in Lahore, Pakistan	https://ftp.1000genomes.ebi.ac.uk/vol1/ftp/data_collections/mage_rnaseq/
ftp://ftp.sra.ebi.ac.uk/vol1/fastq/SRR197/087/SRR19762687/SRR19762687_2.fastq.gz	d42d3f6c8f95709b2e6feb3a0d1c410b	MAGE RNA-seq	sequence	mRNA	HG03018	Punjabi in Lahore, Pakistan	https://ftp.1000genomes.ebi.ac.uk/vol1/ftp/data_collections/mage_rnaseq/
ftp://ftp.sra.ebi.ac.uk/vol1/fastq/SRR197/089/SRR19762689/SRR19762689_1.fastq.gz	4eeb9a2ad2c44dae724c5906b219dca3	MAGE RNA-seq	sequence	mRNA	HG02979	Esan in Nigeria	https://ftp.1000genomes.ebi.ac.uk/vol1/ftp/data_collections/mage_rnaseq/
ftp://ftp.sra.ebi.ac.uk/vol1/fastq/SRR197/089/SRR19762689/SRR19762689_2.fastq.gz	4eeb9a2ad2c44dae724c5906b219dca3	MAGE RNA-seq	sequence	mRNA	HG02979	Esan in Nigeria	https://ftp.1000genomes.ebi.ac.uk/vol1/ftp/data_collections/mage_rnaseq/
ftp://ftp.sra.ebi.ac.uk/vol1/fastq/SRR197/092/SRR19762692/SRR19762692_1.fastq.gz	4132085247c5af1fc5eb2e49f357f671	MAGE RNA-seq	sequence	mRNA	HG00188	Finnish in Finland	https://ftp.1000genomes.ebi.ac.uk/vol1/ftp/data_collections/mage_rnaseq/
ftp://ftp.sra.ebi.ac.uk/vol1/fastq/SRR197/092/SRR19762692/SRR19762692_2.fastq.gz	4132085247c5af1fc5eb2e49f357f671	MAGE RNA-seq	sequence	mRNA	HG00188	Finnish in Finland	https://ftp.1000genomes.ebi.ac.uk/vol1/ftp/data_collections/mage_rnaseq/
ftp://ftp.sra.ebi.ac.uk/vol1/fastq/SRR197/093/SRR19762693/SRR19762693_1.fastq.gz	f29eb811e819b6348fa5320909de5f4f	MAGE RNA-seq	sequence	mRNA	HG02941	Esan in Nigeria	https://ftp.1000genomes.ebi.ac.uk/vol1/ftp/data_collections/mage_rnaseq/
ftp://ftp.sra.ebi.ac.uk/vol1/fastq/SRR197/093/SRR19762693/SRR19762693_2.fastq.gz	f29eb811e819b6348fa5320909de5f4f	MAGE RNA-seq	sequence	mRNA	HG02941	Esan in Nigeria	https://ftp.1000genomes.ebi.ac.uk/vol1/ftp/data_collections/mage_rnaseq/
ftp://ftp.sra.ebi.ac.uk/vol1/fastq/SRR197/096/SRR19762696/SRR19762696_1.fastq.gz	1dbbd52321a2f2e8e12fbe49b1e1be66	MAGE RNA-seq	sequence	mRNA	HG02896	Gambian in Western Division, The Gambia - Mandinka	https://ftp.1000genomes.ebi.ac.uk/vol1/ftp/data_collections/mage_rnaseq/
ftp://ftp.sra.ebi.ac.uk/vol1/fastq/SRR197/096/SRR19762696/SRR19762696_2.fastq.gz	1dbbd52321a2f2e8e12fbe49b1e1be66	MAGE RNA-seq	sequence	mRNA	HG02896	Gambian in Western Division, The Gambia - Mandinka	https://ftp.1000genomes.ebi.ac.uk/vol1/ftp/data_collections/mage_rnaseq/
ftp://ftp.sra.ebi.ac.uk/vol1/fastq/SRR197/097/SRR19762697/SRR19762697_1.fastq.gz	eb04d9ccd26f717349b144b2dcef1b00	MAGE RNA-seq	sequence	mRNA	HG02888	Gambian in Western Division, The Gambia - Mandinka	https://ftp.1000genomes.ebi.ac.uk/vol1/ftp/data_collections/mage_rnaseq/
ftp://ftp.sra.ebi.ac.uk/vol1/fastq/SRR197/097/SRR19762697/SRR19762697_2.fastq.gz	eb04d9ccd26f717349b144b2dcef1b00	MAGE RNA-seq	sequence	mRNA	HG02888	Gambian in Western Division, The Gambia - Mandinka	https://ftp.1000genomes.ebi.ac.uk/vol1/ftp/data_collections/mage_rnaseq/
ftp://ftp.sra.ebi.ac.uk/vol1/fastq/SRR197/002/SRR19762702/SRR19762702_1.fastq.gz	b2fabac70beafe15016a35ce27caae5d	MAGE RNA-seq	sequence	mRNA	HG02471	African Caribbean in Barbados	https://ftp.1000genomes.ebi.ac.uk/vol1/ftp/data_collections/mage_rnaseq/
ftp://ftp.sra.ebi.ac.uk/vol1/fastq/SRR197/002/SRR19762702/SRR19762702_2.fastq.gz	b2fabac70beafe15016a35ce27caae5d	MAGE RNA-seq	sequence	mRNA	HG02471	African Caribbean in Barbados	https://ftp.1000genomes.ebi.ac.uk/vol1/ftp/data_collections/mage_rnaseq/
ftp://ftp.sra.ebi.ac.uk/vol1/fastq/SRR197/003/SRR19762703/SRR19762703_1.fastq.gz	4c4b1ec207230e417fb1e841af94cada	MAGE RNA-seq	sequence	mRNA	HG02425	Peruvian in Lima, Peru	https://ftp.1000genomes.ebi.ac.uk/vol1/ftp/data_collections/mage_rnaseq/
ftp://ftp.sra.ebi.ac.uk/vol1/fastq/SRR197/003/SRR19762703/SRR19762703_2.fastq.gz	4c4b1ec207230e417fb1e841af94cada	MAGE RNA-seq	sequence	mRNA	HG02425	Peruvian in Lima, Peru	https://ftp.1000genomes.ebi.ac.uk/vol1/ftp/data_collections/mage_rnaseq/
ftp://ftp.sra.ebi.ac.uk/vol1/fastq/SRR197/004/SRR19762704/SRR19762704_1.fastq.gz	166dcd2cec1f5427a2289b3b52ee5224	MAGE RNA-seq	sequence	mRNA	HG02409	Chinese Dai in Xishuangbanna, China	https://ftp.1000genomes.ebi.ac.uk/vol1/ftp/data_collections/mage_rnaseq/
ftp://ftp.sra.ebi.ac.uk/vol1/fastq/SRR197/004/SRR19762704/SRR19762704_2.fastq.gz	166dcd2cec1f5427a2289b3b52ee5224	MAGE RNA-seq	sequence	mRNA	HG02409	Chinese Dai in Xishuangbanna, China	https://ftp.1000genomes.ebi.ac.uk/vol1/ftp/data_collections/mage_rnaseq/
ftp://ftp.sra.ebi.ac.uk/vol1/fastq/SRR197/007/SRR19762707/SRR19762707_1.fastq.gz	ff134b2df59bf1f994f83a12db57cd8e	MAGE RNA-seq	sequence	mRNA	HG02373	Chinese Dai in Xishuangbanna, China	https://ftp.1000genomes.ebi.ac.uk/vol1/ftp/data_collections/mage_rnaseq/
ftp://ftp.sra.ebi.ac.uk/vol1/fastq/SRR197/007/SRR19762707/SRR19762707_2.fastq.gz	ff134b2df59bf1f994f83a12db57cd8e	MAGE RNA-seq	sequence	mRNA	HG02373	Chinese Dai in Xishuangbanna, China	https://ftp.1000genomes.ebi.ac.uk/vol1/ftp/data_collections/mage_rnaseq/
ftp://ftp.sra.ebi.ac.uk/vol1/fastq/SRR197/009/SRR19762709/SRR19762709_1.fastq.gz	c6669f481da4c0cd6ec4fb60fbb689b2	MAGE RNA-seq	sequence	mRNA	HG00183	Finnish in Finland	https://ftp.1000genomes.ebi.ac.uk/vol1/ftp/data_collections/mage_rnaseq/
ftp://ftp.sra.ebi.ac.uk/vol1/fastq/SRR197/009/SRR19762709/SRR19762709_2.fastq.gz	c6669f481da4c0cd6ec4fb60fbb689b2	MAGE RNA-seq	sequence	mRNA	HG00183	Finnish in Finland	https://ftp.1000genomes.ebi.ac.uk/vol1/ftp/data_collections/mage_rnaseq/
ftp://ftp.sra.ebi.ac.uk/vol1/fastq/SRR197/013/SRR19762713/SRR19762713_1.fastq.gz	229c041e977a5c362be9e0fc8b0baa89	MAGE RNA-seq	sequence	mRNA	HG02089	Peruvian in Lima, Peru	https://ftp.1000genomes.ebi.ac.uk/vol1/ftp/data_collections/mage_rnaseq/
ftp://ftp.sra.ebi.ac.uk/vol1/fastq/SRR197/013/SRR19762713/SRR19762713_2.fastq.gz	229c041e977a5c362be9e0fc8b0baa89	MAGE RNA-seq	sequence	mRNA	HG02089	Peruvian in Lima, Peru	https://ftp.1000genomes.ebi.ac.uk/vol1/ftp/data_collections/mage_rnaseq/
ftp://ftp.sra.ebi.ac.uk/vol1/fastq/SRR197/014/SRR19762714/SRR19762714_1.fastq.gz	1b8e2b452f31e929954fecafbcaf2882	MAGE RNA-seq	sequence	mRNA	HG02069	Kinh in Ho Chi Minh City, Vietnam	https://ftp.1000genomes.ebi.ac.uk/vol1/ftp/data_collections/mage_rnaseq/
ftp://ftp.sra.ebi.ac.uk/vol1/fastq/SRR197/014/SRR19762714/SRR19762714_2.fastq.gz	1b8e2b452f31e929954fecafbcaf2882	MAGE RNA-seq	sequence	mRNA	HG02069	Kinh in Ho Chi Minh City, Vietnam	https://ftp.1000genomes.ebi.ac.uk/vol1/ftp/data_collections/mage_rnaseq/
ftp://ftp.sra.ebi.ac.uk/vol1/fastq/SRR197/015/SRR19762715/SRR19762715_1.fastq.gz	f51c49099a0102f80f6d3be45bccd806	MAGE RNA-seq	sequence	mRNA	HG02090	Peruvian in Lima, Peru	https://ftp.1000genomes.ebi.ac.uk/vol1/ftp/data_collections/mage_rnaseq/
ftp://ftp.sra.ebi.ac.uk/vol1/fastq/SRR197/015/SRR19762715/SRR19762715_2.fastq.gz	f51c49099a0102f80f6d3be45bccd806	MAGE RNA-seq	sequence	mRNA	HG02090	Peruvian in Lima, Peru	https://ftp.1000genomes.ebi.ac.uk/vol1/ftp/data_collections/mage_rnaseq/
ftp://ftp.sra.ebi.ac.uk/vol1/fastq/SRR197/066/SRR19762166/SRR19762166_1.fastq.gz	1182642cfb19c0c675f49a4b9e232a54	MAGE RNA-seq	sequence	mRNA	NA19711	African Ancestry in Southwest US	https://ftp.1000genomes.ebi.ac.uk/vol1/ftp/data_collections/mage_rnaseq/
ftp://ftp.sra.ebi.ac.uk/vol1/fastq/SRR197/066/SRR19762166/SRR19762166_2.fastq.gz	1182642cfb19c0c675f49a4b9e232a54	MAGE RNA-seq	sequence	mRNA	NA19711	African Ancestry in Southwest US	https://ftp.1000genomes.ebi.ac.uk/vol1/ftp/data_collections/mage_rnaseq/
ftp://ftp.sra.ebi.ac.uk/vol1/fastq/SRR197/020/SRR19762720/SRR19762720_1.fastq.gz	975de8f3d39bbd3bd408f007cd362a17	MAGE RNA-seq	sequence	mRNA	HG02031	Kinh in Ho Chi Minh City, Vietnam	https://ftp.1000genomes.ebi.ac.uk/vol1/ftp/data_collections/mage_rnaseq/
ftp://ftp.sra.ebi.ac.uk/vol1/fastq/SRR197/020/SRR19762720/SRR19762720_2.fastq.gz	975de8f3d39bbd3bd408f007cd362a17	MAGE RNA-seq	sequence	mRNA	HG02031	Kinh in Ho Chi Minh City, Vietnam	https://ftp.1000genomes.ebi.ac.uk/vol1/ftp/data_collections/mage_rnaseq/
ftp://ftp.sra.ebi.ac.uk/vol1/fastq/SRR197/068/SRR19762168/SRR19762168_1.fastq.gz	db02bb2d25c37de79057174b961b6549	MAGE RNA-seq	sequence	mRNA	NA19713	African Ancestry in Southwest US	https://ftp.1000genomes.ebi.ac.uk/vol1/ftp/data_collections/mage_rnaseq/
ftp://ftp.sra.ebi.ac.uk/vol1/fastq/SRR197/068/SRR19762168/SRR19762168_2.fastq.gz	db02bb2d25c37de79057174b961b6549	MAGE RNA-seq	sequence	mRNA	NA19713	African Ancestry in Southwest US	https://ftp.1000genomes.ebi.ac.uk/vol1/ftp/data_collections/mage_rnaseq/
ftp://ftp.sra.ebi.ac.uk/vol1/fastq/SRR197/038/SRR19762738/SRR19762738_1.fastq.gz	13d754dda5ab6a0d60e0c9dffcb7ff2b	MAGE RNA-seq	sequence	mRNA	HG01610	Iberian populations in Spain	https://ftp.1000genomes.ebi.ac.uk/vol1/ftp/data_collections/mage_rnaseq/
ftp://ftp.sra.ebi.ac.uk/vol1/fastq/SRR197/038/SRR19762738/SRR19762738_2.fastq.gz	13d754dda5ab6a0d60e0c9dffcb7ff2b	MAGE RNA-seq	sequence	mRNA	HG01610	Iberian populations in Spain	https://ftp.1000genomes.ebi.ac.uk/vol1/ftp/data_collections/mage_rnaseq/
ftp://ftp.sra.ebi.ac.uk/vol1/fastq/SRR197/069/SRR19762169/SRR19762169_1.fastq.gz	1ef4e408a2207dbe5c9161d0319f9ca1	MAGE RNA-seq	sequence	mRNA	NA19719	Mexican Ancestry in Los Angeles, California	https://ftp.1000genomes.ebi.ac.uk/vol1/ftp/data_collections/mage_rnaseq/
ftp://ftp.sra.ebi.ac.uk/vol1/fastq/SRR197/069/SRR19762169/SRR19762169_2.fastq.gz	1ef4e408a2207dbe5c9161d0319f9ca1	MAGE RNA-seq	sequence	mRNA	NA19719	Mexican Ancestry in Los Angeles, California	https://ftp.1000genomes.ebi.ac.uk/vol1/ftp/data_collections/mage_rnaseq/
ftp://ftp.sra.ebi.ac.uk/vol1/fastq/SRR197/041/SRR19762741/SRR19762741_1.fastq.gz	3dc7500843f0ec951708b894b06ca485	MAGE RNA-seq	sequence	mRNA	HG01271	Colombian in Medellin, Colombia	https://ftp.1000genomes.ebi.ac.uk/vol1/ftp/data_collections/mage_rnaseq/
ftp://ftp.sra.ebi.ac.uk/vol1/fastq/SRR197/041/SRR19762741/SRR19762741_2.fastq.gz	3dc7500843f0ec951708b894b06ca485	MAGE RNA-seq	sequence	mRNA	HG01271	Colombian in Medellin, Colombia	https://ftp.1000genomes.ebi.ac.uk/vol1/ftp/data_collections/mage_rnaseq/
ftp://ftp.sra.ebi.ac.uk/vol1/fastq/SRR197/070/SRR19762170/SRR19762170_1.fastq.gz	66eb063a0460de9d5d215814a53803c1	MAGE RNA-seq	sequence	mRNA	NA19682	Mexican Ancestry in Los Angeles, California	https://ftp.1000genomes.ebi.ac.uk/vol1/ftp/data_collections/mage_rnaseq/
ftp://ftp.sra.ebi.ac.uk/vol1/fastq/SRR197/070/SRR19762170/SRR19762170_2.fastq.gz	66eb063a0460de9d5d215814a53803c1	MAGE RNA-seq	sequence	mRNA	NA19682	Mexican Ancestry in Los Angeles, California	https://ftp.1000genomes.ebi.ac.uk/vol1/ftp/data_collections/mage_rnaseq/
ftp://ftp.sra.ebi.ac.uk/vol1/fastq/SRR197/071/SRR19762171/SRR19762171_1.fastq.gz	9762e140337ad5fc967e3a0b43ce8c4f	MAGE RNA-seq	sequence	mRNA	NA19676	Mexican Ancestry in Los Angeles, California	https://ftp.1000genomes.ebi.ac.uk/vol1/ftp/data_collections/mage_rnaseq/
ftp://ftp.sra.ebi.ac.uk/vol1/fastq/SRR197/071/SRR19762171/SRR19762171_2.fastq.gz	9762e140337ad5fc967e3a0b43ce8c4f	MAGE RNA-seq	sequence	mRNA	NA19676	Mexican Ancestry in Los Angeles, California	https://ftp.1000genomes.ebi.ac.uk/vol1/ftp/data_collections/mage_rnaseq/
ftp://ftp.sra.ebi.ac.uk/vol1/fastq/SRR197/043/SRR19762743/SRR19762743_1.fastq.gz	aa570bbd496b5584007a9d26680803ca	MAGE RNA-seq	sequence	mRNA	HG01277	Colombian in Medellin, Colombia	https://ftp.1000genomes.ebi.ac.uk/vol1/ftp/data_collections/mage_rnaseq/
ftp://ftp.sra.ebi.ac.uk/vol1/fastq/SRR197/043/SRR19762743/SRR19762743_2.fastq.gz	aa570bbd496b5584007a9d26680803ca	MAGE RNA-seq	sequence	mRNA	HG01277	Colombian in Medellin, Colombia	https://ftp.1000genomes.ebi.ac.uk/vol1/ftp/data_collections/mage_rnaseq/
ftp://ftp.sra.ebi.ac.uk/vol1/fastq/SRR197/076/SRR19762176/SRR19762176_1.fastq.gz	491f8d1ad27c7cadcfc3bb6457d27daa	MAGE RNA-seq	sequence	mRNA	NA19334	Luhya in Webuye, Kenya	https://ftp.1000genomes.ebi.ac.uk/vol1/ftp/data_collections/mage_rnaseq/
ftp://ftp.sra.ebi.ac.uk/vol1/fastq/SRR197/076/SRR19762176/SRR19762176_2.fastq.gz	491f8d1ad27c7cadcfc3bb6457d27daa	MAGE RNA-seq	sequence	mRNA	NA19334	Luhya in Webuye, Kenya	https://ftp.1000genomes.ebi.ac.uk/vol1/ftp/data_collections/mage_rnaseq/
ftp://ftp.sra.ebi.ac.uk/vol1/fastq/SRR197/044/SRR19762744/SRR19762744_1.fastq.gz	0a654840783bdaff8399a6313444b8c3	MAGE RNA-seq	sequence	mRNA	HG01312	Puerto Rican in Puerto Rico	https://ftp.1000genomes.ebi.ac.uk/vol1/ftp/data_collections/mage_rnaseq/
ftp://ftp.sra.ebi.ac.uk/vol1/fastq/SRR197/044/SRR19762744/SRR19762744_2.fastq.gz	0a654840783bdaff8399a6313444b8c3	MAGE RNA-seq	sequence	mRNA	HG01312	Puerto Rican in Puerto Rico	https://ftp.1000genomes.ebi.ac.uk/vol1/ftp/data_collections/mage_rnaseq/
ftp://ftp.sra.ebi.ac.uk/vol1/fastq/SRR197/078/SRR19762178/SRR19762178_1.fastq.gz	7e94019ac4f3adc16ae24195eefa7a65	MAGE RNA-seq	sequence	mRNA	NA19239	Yoruba in Ibadan, Nigeria	https://ftp.1000genomes.ebi.ac.uk/vol1/ftp/data_collections/mage_rnaseq/
ftp://ftp.sra.ebi.ac.uk/vol1/fastq/SRR197/078/SRR19762178/SRR19762178_2.fastq.gz	7e94019ac4f3adc16ae24195eefa7a65	MAGE RNA-seq	sequence	mRNA	NA19239	Yoruba in Ibadan, Nigeria	https://ftp.1000genomes.ebi.ac.uk/vol1/ftp/data_collections/mage_rnaseq/
ftp://ftp.sra.ebi.ac.uk/vol1/fastq/SRR197/053/SRR19762753/SRR19762753_1.fastq.gz	90a0c21939a6d0c50c4d9ab44faec9b4	MAGE RNA-seq	sequence	mRNA	HG00740	Puerto Rican in Puerto Rico	https://ftp.1000genomes.ebi.ac.uk/vol1/ftp/data_collections/mage_rnaseq/
ftp://ftp.sra.ebi.ac.uk/vol1/fastq/SRR197/053/SRR19762753/SRR19762753_2.fastq.gz	90a0c21939a6d0c50c4d9ab44faec9b4	MAGE RNA-seq	sequence	mRNA	HG00740	Puerto Rican in Puerto Rico	https://ftp.1000genomes.ebi.ac.uk/vol1/ftp/data_collections/mage_rnaseq/
ftp://ftp.sra.ebi.ac.uk/vol1/fastq/SRR197/054/SRR19762754/SRR19762754_1.fastq.gz	3533bec0f9bc9f3e7fe6d3ebd8030395	MAGE RNA-seq	sequence	mRNA	HG00731	Puerto Rican in Puerto Rico	https://ftp.1000genomes.ebi.ac.uk/vol1/ftp/data_collections/mage_rnaseq/
ftp://ftp.sra.ebi.ac.uk/vol1/fastq/SRR197/054/SRR19762754/SRR19762754_2.fastq.gz	3533bec0f9bc9f3e7fe6d3ebd8030395	MAGE RNA-seq	sequence	mRNA	HG00731	Puerto Rican in Puerto Rico	https://ftp.1000genomes.ebi.ac.uk/vol1/ftp/data_collections/mage_rnaseq/
ftp://ftp.sra.ebi.ac.uk/vol1/fastq/SRR197/055/SRR19762755/SRR19762755_1.fastq.gz	1d30e248abf9e46f0ab11224bc9f32fd	MAGE RNA-seq	sequence	mRNA	HG00728	Han Chinese South	https://ftp.1000genomes.ebi.ac.uk/vol1/ftp/data_collections/mage_rnaseq/
ftp://ftp.sra.ebi.ac.uk/vol1/fastq/SRR197/055/SRR19762755/SRR19762755_2.fastq.gz	1d30e248abf9e46f0ab11224bc9f32fd	MAGE RNA-seq	sequence	mRNA	HG00728	Han Chinese South	https://ftp.1000genomes.ebi.ac.uk/vol1/ftp/data_collections/mage_rnaseq/
ftp://ftp.sra.ebi.ac.uk/vol1/fastq/SRR197/056/SRR19762756/SRR19762756_1.fastq.gz	f273e19ee7cb1c059fd9052c0fadaabf	MAGE RNA-seq	sequence	mRNA	HG00737	Puerto Rican in Puerto Rico	https://ftp.1000genomes.ebi.ac.uk/vol1/ftp/data_collections/mage_rnaseq/
ftp://ftp.sra.ebi.ac.uk/vol1/fastq/SRR197/056/SRR19762756/SRR19762756_2.fastq.gz	f273e19ee7cb1c059fd9052c0fadaabf	MAGE RNA-seq	sequence	mRNA	HG00737	Puerto Rican in Puerto Rico	https://ftp.1000genomes.ebi.ac.uk/vol1/ftp/data_collections/mage_rnaseq/
ftp://ftp.sra.ebi.ac.uk/vol1/fastq/SRR197/059/SRR19762759/SRR19762759_1.fastq.gz	af61a9dde1ba4eeb0862711f63323584	MAGE RNA-seq	sequence	mRNA	HG00704	Han Chinese South	https://ftp.1000genomes.ebi.ac.uk/vol1/ftp/data_collections/mage_rnaseq/
ftp://ftp.sra.ebi.ac.uk/vol1/fastq/SRR197/059/SRR19762759/SRR19762759_2.fastq.gz	af61a9dde1ba4eeb0862711f63323584	MAGE RNA-seq	sequence	mRNA	HG00704	Han Chinese South	https://ftp.1000genomes.ebi.ac.uk/vol1/ftp/data_collections/mage_rnaseq/
ftp://ftp.sra.ebi.ac.uk/vol1/fastq/SRR197/062/SRR19762762/SRR19762762_1.fastq.gz	76510afb32e9cc73351f2af47db40381	MAGE RNA-seq	sequence	mRNA	HG00121	British in England and Scotland	https://ftp.1000genomes.ebi.ac.uk/vol1/ftp/data_collections/mage_rnaseq/
ftp://ftp.sra.ebi.ac.uk/vol1/fastq/SRR197/062/SRR19762762/SRR19762762_2.fastq.gz	76510afb32e9cc73351f2af47db40381	MAGE RNA-seq	sequence	mRNA	HG00121	British in England and Scotland	https://ftp.1000genomes.ebi.ac.uk/vol1/ftp/data_collections/mage_rnaseq/
ftp://ftp.sra.ebi.ac.uk/vol1/fastq/SRR197/065/SRR19762765/SRR19762765_1.fastq.gz	5aca25e83016042ba8dd62a480d030cf	MAGE RNA-seq	sequence	mRNA	HG00100	British in England and Scotland	https://ftp.1000genomes.ebi.ac.uk/vol1/ftp/data_collections/mage_rnaseq/
ftp://ftp.sra.ebi.ac.uk/vol1/fastq/SRR197/065/SRR19762765/SRR19762765_2.fastq.gz	5aca25e83016042ba8dd62a480d030cf	MAGE RNA-seq	sequence	mRNA	HG00100	British in England and Scotland	https://ftp.1000genomes.ebi.ac.uk/vol1/ftp/data_collections/mage_rnaseq/
ftp://ftp.sra.ebi.ac.uk/vol1/fastq/SRR197/066/SRR19762766/SRR19762766_1.fastq.gz	d98e9aeb9e19833f43129bf2850a45d0	MAGE RNA-seq	sequence	mRNA	HG00096	British in England and Scotland	https://ftp.1000genomes.ebi.ac.uk/vol1/ftp/data_collections/mage_rnaseq/
ftp://ftp.sra.ebi.ac.uk/vol1/fastq/SRR197/066/SRR19762766/SRR19762766_2.fastq.gz	d98e9aeb9e19833f43129bf2850a45d0	MAGE RNA-seq	sequence	mRNA	HG00096	British in England and Scotland	https://ftp.1000genomes.ebi.ac.uk/vol1/ftp/data_collections/mage_rnaseq/
ftp://ftp.sra.ebi.ac.uk/vol1/fastq/SRR197/068/SRR19762768/SRR19762768_1.fastq.gz	6c5599a880c18d526d7077fc6267e9f4	MAGE RNA-seq	sequence	mRNA	HG02597	Punjabi in Lahore, Pakistan	https://ftp.1000genomes.ebi.ac.uk/vol1/ftp/data_collections/mage_rnaseq/
ftp://ftp.sra.ebi.ac.uk/vol1/fastq/SRR197/068/SRR19762768/SRR19762768_2.fastq.gz	6c5599a880c18d526d7077fc6267e9f4	MAGE RNA-seq	sequence	mRNA	HG02597	Punjabi in Lahore, Pakistan	https://ftp.1000genomes.ebi.ac.uk/vol1/ftp/data_collections/mage_rnaseq/
ftp://ftp.sra.ebi.ac.uk/vol1/fastq/SRR197/069/SRR19762769/SRR19762769_1.fastq.gz	0b2ec1232793c648856b8e6de7f432d0	MAGE RNA-seq	sequence	mRNA	HG02611	Gambian in Western Division, The Gambia - Mandinka	https://ftp.1000genomes.ebi.ac.uk/vol1/ftp/data_collections/mage_rnaseq/
ftp://ftp.sra.ebi.ac.uk/vol1/fastq/SRR197/069/SRR19762769/SRR19762769_2.fastq.gz	0b2ec1232793c648856b8e6de7f432d0	MAGE RNA-seq	sequence	mRNA	HG02611	Gambian in Western Division, The Gambia - Mandinka	https://ftp.1000genomes.ebi.ac.uk/vol1/ftp/data_collections/mage_rnaseq/
ftp://ftp.sra.ebi.ac.uk/vol1/fastq/SRR197/070/SRR19762770/SRR19762770_1.fastq.gz	b73904c50f71b2d91e420e9d7b719c9e	MAGE RNA-seq	sequence	mRNA	HG00185	Finnish in Finland	https://ftp.1000genomes.ebi.ac.uk/vol1/ftp/data_collections/mage_rnaseq/
ftp://ftp.sra.ebi.ac.uk/vol1/fastq/SRR197/070/SRR19762770/SRR19762770_2.fastq.gz	b73904c50f71b2d91e420e9d7b719c9e	MAGE RNA-seq	sequence	mRNA	HG00185	Finnish in Finland	https://ftp.1000genomes.ebi.ac.uk/vol1/ftp/data_collections/mage_rnaseq/
ftp://ftp.sra.ebi.ac.uk/vol1/fastq/SRR197/071/SRR19762771/SRR19762771_1.fastq.gz	b7b67431fc9d970abd8d3e898306ce22	MAGE RNA-seq	sequence	mRNA	HG02574	Gambian in Western Division, The Gambia - Mandinka	https://ftp.1000genomes.ebi.ac.uk/vol1/ftp/data_collections/mage_rnaseq/
ftp://ftp.sra.ebi.ac.uk/vol1/fastq/SRR197/071/SRR19762771/SRR19762771_2.fastq.gz	b7b67431fc9d970abd8d3e898306ce22	MAGE RNA-seq	sequence	mRNA	HG02574	Gambian in Western Division, The Gambia - Mandinka	https://ftp.1000genomes.ebi.ac.uk/vol1/ftp/data_collections/mage_rnaseq/
ftp://ftp.sra.ebi.ac.uk/vol1/fastq/SRR197/072/SRR19762772/SRR19762772_1.fastq.gz	4918afe92f4d5579ff78f489616b0423	MAGE RNA-seq	sequence	mRNA	HG02337	African Caribbean in Barbados	https://ftp.1000genomes.ebi.ac.uk/vol1/ftp/data_collections/mage_rnaseq/
ftp://ftp.sra.ebi.ac.uk/vol1/fastq/SRR197/072/SRR19762772/SRR19762772_2.fastq.gz	4918afe92f4d5579ff78f489616b0423	MAGE RNA-seq	sequence	mRNA	HG02337	African Caribbean in Barbados	https://ftp.1000genomes.ebi.ac.uk/vol1/ftp/data_collections/mage_rnaseq/
ftp://ftp.sra.ebi.ac.uk/vol1/fastq/SRR197/074/SRR19762774/SRR19762774_1.fastq.gz	48cbfa56f1870e5adc3a2f1a9cd08da1	MAGE RNA-seq	sequence	mRNA	HG00183	Finnish in Finland	https://ftp.1000genomes.ebi.ac.uk/vol1/ftp/data_collections/mage_rnaseq/
ftp://ftp.sra.ebi.ac.uk/vol1/fastq/SRR197/074/SRR19762774/SRR19762774_2.fastq.gz	48cbfa56f1870e5adc3a2f1a9cd08da1	MAGE RNA-seq	sequence	mRNA	HG00183	Finnish in Finland	https://ftp.1000genomes.ebi.ac.uk/vol1/ftp/data_collections/mage_rnaseq/
ftp://ftp.sra.ebi.ac.uk/vol1/fastq/SRR197/076/SRR19762776/SRR19762776_1.fastq.gz	f1f9c790c4b3638dfd2964b4973978fa	MAGE RNA-seq	sequence	mRNA	HG02348	Peruvian in Lima, Peru	https://ftp.1000genomes.ebi.ac.uk/vol1/ftp/data_collections/mage_rnaseq/
ftp://ftp.sra.ebi.ac.uk/vol1/fastq/SRR197/076/SRR19762776/SRR19762776_2.fastq.gz	f1f9c790c4b3638dfd2964b4973978fa	MAGE RNA-seq	sequence	mRNA	HG02348	Peruvian in Lima, Peru	https://ftp.1000genomes.ebi.ac.uk/vol1/ftp/data_collections/mage_rnaseq/
ftp://ftp.sra.ebi.ac.uk/vol1/fastq/SRR197/077/SRR19762777/SRR19762777_1.fastq.gz	dc476e7ca930e0f0824d12f727992b7a	MAGE RNA-seq	sequence	mRNA	HG02323	African Caribbean in Barbados	https://ftp.1000genomes.ebi.ac.uk/vol1/ftp/data_collections/mage_rnaseq/
ftp://ftp.sra.ebi.ac.uk/vol1/fastq/SRR197/077/SRR19762777/SRR19762777_2.fastq.gz	dc476e7ca930e0f0824d12f727992b7a	MAGE RNA-seq	sequence	mRNA	HG02323	African Caribbean in Barbados	https://ftp.1000genomes.ebi.ac.uk/vol1/ftp/data_collections/mage_rnaseq/
ftp://ftp.sra.ebi.ac.uk/vol1/fastq/SRR197/079/SRR19762779/SRR19762779_1.fastq.gz	0f758ccec4f72ff90626d7c47b5dbc4a	MAGE RNA-seq	sequence	mRNA	HG02301	Peruvian in Lima, Peru	https://ftp.1000genomes.ebi.ac.uk/vol1/ftp/data_collections/mage_rnaseq/
ftp://ftp.sra.ebi.ac.uk/vol1/fastq/SRR197/079/SRR19762779/SRR19762779_2.fastq.gz	0f758ccec4f72ff90626d7c47b5dbc4a	MAGE RNA-seq	sequence	mRNA	HG02301	Peruvian in Lima, Peru	https://ftp.1000genomes.ebi.ac.uk/vol1/ftp/data_collections/mage_rnaseq/
ftp://ftp.sra.ebi.ac.uk/vol1/fastq/SRR197/081/SRR19762781/SRR19762781_1.fastq.gz	3812f9b6546f45f6db90dce044d807c4	MAGE RNA-seq	sequence	mRNA	HG02282	African Caribbean in Barbados	https://ftp.1000genomes.ebi.ac.uk/vol1/ftp/data_collections/mage_rnaseq/
ftp://ftp.sra.ebi.ac.uk/vol1/fastq/SRR197/081/SRR19762781/SRR19762781_2.fastq.gz	3812f9b6546f45f6db90dce044d807c4	MAGE RNA-seq	sequence	mRNA	HG02282	African Caribbean in Barbados	https://ftp.1000genomes.ebi.ac.uk/vol1/ftp/data_collections/mage_rnaseq/
ftp://ftp.sra.ebi.ac.uk/vol1/fastq/SRR197/082/SRR19762782/SRR19762782_1.fastq.gz	badf3dee57f6f00d4d38d88028a1a515	MAGE RNA-seq	sequence	mRNA	HG02292	Peruvian in Lima, Peru	https://ftp.1000genomes.ebi.ac.uk/vol1/ftp/data_collections/mage_rnaseq/
ftp://ftp.sra.ebi.ac.uk/vol1/fastq/SRR197/082/SRR19762782/SRR19762782_2.fastq.gz	badf3dee57f6f00d4d38d88028a1a515	MAGE RNA-seq	sequence	mRNA	HG02292	Peruvian in Lima, Peru	https://ftp.1000genomes.ebi.ac.uk/vol1/ftp/data_collections/mage_rnaseq/
ftp://ftp.sra.ebi.ac.uk/vol1/fastq/SRR197/084/SRR19762784/SRR19762784_1.fastq.gz	2a593929b22e7d3cbafa22f128c2fded	MAGE RNA-seq	sequence	mRNA	HG02281	African Caribbean in Barbados	https://ftp.1000genomes.ebi.ac.uk/vol1/ftp/data_collections/mage_rnaseq/
ftp://ftp.sra.ebi.ac.uk/vol1/fastq/SRR197/084/SRR19762784/SRR19762784_2.fastq.gz	2a593929b22e7d3cbafa22f128c2fded	MAGE RNA-seq	sequence	mRNA	HG02281	African Caribbean in Barbados	https://ftp.1000genomes.ebi.ac.uk/vol1/ftp/data_collections/mage_rnaseq/
ftp://ftp.sra.ebi.ac.uk/vol1/fastq/SRR197/086/SRR19762786/SRR19762786_1.fastq.gz	a1c347b4996c4f30731bd3975b9bd0ee	MAGE RNA-seq	sequence	mRNA	HG01973	Peruvian in Lima, Peru	https://ftp.1000genomes.ebi.ac.uk/vol1/ftp/data_collections/mage_rnaseq/
ftp://ftp.sra.ebi.ac.uk/vol1/fastq/SRR197/086/SRR19762786/SRR19762786_2.fastq.gz	a1c347b4996c4f30731bd3975b9bd0ee	MAGE RNA-seq	sequence	mRNA	HG01973	Peruvian in Lima, Peru	https://ftp.1000genomes.ebi.ac.uk/vol1/ftp/data_collections/mage_rnaseq/
ftp://ftp.sra.ebi.ac.uk/vol1/fastq/SRR197/089/SRR19762789/SRR19762789_1.fastq.gz	5a2790befef969a16674bab9b41bd0b1	MAGE RNA-seq	sequence	mRNA	HG01970	Peruvian in Lima, Peru	https://ftp.1000genomes.ebi.ac.uk/vol1/ftp/data_collections/mage_rnaseq/
ftp://ftp.sra.ebi.ac.uk/vol1/fastq/SRR197/089/SRR19762789/SRR19762789_2.fastq.gz	5a2790befef969a16674bab9b41bd0b1	MAGE RNA-seq	sequence	mRNA	HG01970	Peruvian in Lima, Peru	https://ftp.1000genomes.ebi.ac.uk/vol1/ftp/data_collections/mage_rnaseq/
ftp://ftp.sra.ebi.ac.uk/vol1/fastq/SRR197/091/SRR19762791/SRR19762791_1.fastq.gz	4f8dc2612978211adf42309b4aca0f9a	MAGE RNA-seq	sequence	mRNA	HG01953	Peruvian in Lima, Peru	https://ftp.1000genomes.ebi.ac.uk/vol1/ftp/data_collections/mage_rnaseq/
ftp://ftp.sra.ebi.ac.uk/vol1/fastq/SRR197/091/SRR19762791/SRR19762791_2.fastq.gz	4f8dc2612978211adf42309b4aca0f9a	MAGE RNA-seq	sequence	mRNA	HG01953	Peruvian in Lima, Peru	https://ftp.1000genomes.ebi.ac.uk/vol1/ftp/data_collections/mage_rnaseq/
ftp://ftp.sra.ebi.ac.uk/vol1/fastq/SRR197/094/SRR19762794/SRR19762794_1.fastq.gz	26a754631c7b7d0a2b9b6d30f9bcc5ab	MAGE RNA-seq	sequence	mRNA	HG01932	Peruvian in Lima, Peru	https://ftp.1000genomes.ebi.ac.uk/vol1/ftp/data_collections/mage_rnaseq/
ftp://ftp.sra.ebi.ac.uk/vol1/fastq/SRR197/094/SRR19762794/SRR19762794_2.fastq.gz	26a754631c7b7d0a2b9b6d30f9bcc5ab	MAGE RNA-seq	sequence	mRNA	HG01932	Peruvian in Lima, Peru	https://ftp.1000genomes.ebi.ac.uk/vol1/ftp/data_collections/mage_rnaseq/
ftp://ftp.sra.ebi.ac.uk/vol1/fastq/SRR197/097/SRR19762797/SRR19762797_1.fastq.gz	db3103bd72828bc2cd805788d884ca25	MAGE RNA-seq	sequence	mRNA	HG01950	Peruvian in Lima, Peru	https://ftp.1000genomes.ebi.ac.uk/vol1/ftp/data_collections/mage_rnaseq/
ftp://ftp.sra.ebi.ac.uk/vol1/fastq/SRR197/097/SRR19762797/SRR19762797_2.fastq.gz	db3103bd72828bc2cd805788d884ca25	MAGE RNA-seq	sequence	mRNA	HG01950	Peruvian in Lima, Peru	https://ftp.1000genomes.ebi.ac.uk/vol1/ftp/data_collections/mage_rnaseq/
ftp://ftp.sra.ebi.ac.uk/vol1/fastq/SRR197/099/SRR19762799/SRR19762799_1.fastq.gz	a85af2760831941c2e990a52218bade9	MAGE RNA-seq	sequence	mRNA	HG01918	Peruvian in Lima, Peru	https://ftp.1000genomes.ebi.ac.uk/vol1/ftp/data_collections/mage_rnaseq/
ftp://ftp.sra.ebi.ac.uk/vol1/fastq/SRR197/099/SRR19762799/SRR19762799_2.fastq.gz	a85af2760831941c2e990a52218bade9	MAGE RNA-seq	sequence	mRNA	HG01918	Peruvian in Lima, Peru	https://ftp.1000genomes.ebi.ac.uk/vol1/ftp/data_collections/mage_rnaseq/
ftp://ftp.sra.ebi.ac.uk/vol1/fastq/SRR197/002/SRR19762802/SRR19762802_1.fastq.gz	c84a7719b8006d774758aa3357688feb	MAGE RNA-seq	sequence	mRNA	HG01598	Kinh in Ho Chi Minh City, Vietnam	https://ftp.1000genomes.ebi.ac.uk/vol1/ftp/data_collections/mage_rnaseq/
ftp://ftp.sra.ebi.ac.uk/vol1/fastq/SRR197/002/SRR19762802/SRR19762802_2.fastq.gz	c84a7719b8006d774758aa3357688feb	MAGE RNA-seq	sequence	mRNA	HG01598	Kinh in Ho Chi Minh City, Vietnam	https://ftp.1000genomes.ebi.ac.uk/vol1/ftp/data_collections/mage_rnaseq/
ftp://ftp.sra.ebi.ac.uk/vol1/fastq/SRR197/004/SRR19762804/SRR19762804_1.fastq.gz	3ef39bcde1771544a45b79f805180336	MAGE RNA-seq	sequence	mRNA	HG01589	Punjabi in Lahore, Pakistan	https://ftp.1000genomes.ebi.ac.uk/vol1/ftp/data_collections/mage_rnaseq/
ftp://ftp.sra.ebi.ac.uk/vol1/fastq/SRR197/004/SRR19762804/SRR19762804_2.fastq.gz	3ef39bcde1771544a45b79f805180336	MAGE RNA-seq	sequence	mRNA	HG01589	Punjabi in Lahore, Pakistan	https://ftp.1000genomes.ebi.ac.uk/vol1/ftp/data_collections/mage_rnaseq/
ftp://ftp.sra.ebi.ac.uk/vol1/fastq/SRR197/009/SRR19762809/SRR19762809_1.fastq.gz	1e35f409140fa9da780be62623391cc8	MAGE RNA-seq	sequence	mRNA	HG01524	Iberian populations in Spain	https://ftp.1000genomes.ebi.ac.uk/vol1/ftp/data_collections/mage_rnaseq/
ftp://ftp.sra.ebi.ac.uk/vol1/fastq/SRR197/009/SRR19762809/SRR19762809_2.fastq.gz	1e35f409140fa9da780be62623391cc8	MAGE RNA-seq	sequence	mRNA	HG01524	Iberian populations in Spain	https://ftp.1000genomes.ebi.ac.uk/vol1/ftp/data_collections/mage_rnaseq/
ftp://ftp.sra.ebi.ac.uk/vol1/fastq/SRR197/011/SRR19762811/SRR19762811_1.fastq.gz	a69805d75231312c80353f36ba044819	MAGE RNA-seq	sequence	mRNA	HG01509	Iberian populations in Spain	https://ftp.1000genomes.ebi.ac.uk/vol1/ftp/data_collections/mage_rnaseq/
ftp://ftp.sra.ebi.ac.uk/vol1/fastq/SRR197/011/SRR19762811/SRR19762811_2.fastq.gz	a69805d75231312c80353f36ba044819	MAGE RNA-seq	sequence	mRNA	HG01509	Iberian populations in Spain	https://ftp.1000genomes.ebi.ac.uk/vol1/ftp/data_collections/mage_rnaseq/
ftp://ftp.sra.ebi.ac.uk/vol1/fastq/SRR197/015/SRR19762815/SRR19762815_1.fastq.gz	d4ea329ba5efb8cb1ae6fe7f699a83da	MAGE RNA-seq	sequence	mRNA	HG00127	British in England and Scotland	https://ftp.1000genomes.ebi.ac.uk/vol1/ftp/data_collections/mage_rnaseq/
ftp://ftp.sra.ebi.ac.uk/vol1/fastq/SRR197/015/SRR19762815/SRR19762815_2.fastq.gz	d4ea329ba5efb8cb1ae6fe7f699a83da	MAGE RNA-seq	sequence	mRNA	HG00127	British in England and Scotland	https://ftp.1000genomes.ebi.ac.uk/vol1/ftp/data_collections/mage_rnaseq/
ftp://ftp.sra.ebi.ac.uk/vol1/fastq/SRR197/019/SRR19762819/SRR19762819_1.fastq.gz	349be30c62b25e5a4395d420ba2d1aaa	MAGE RNA-seq	sequence	mRNA	HG01125	Colombian in Medellin, Colombia	https://ftp.1000genomes.ebi.ac.uk/vol1/ftp/data_collections/mage_rnaseq/
ftp://ftp.sra.ebi.ac.uk/vol1/fastq/SRR197/019/SRR19762819/SRR19762819_2.fastq.gz	349be30c62b25e5a4395d420ba2d1aaa	MAGE RNA-seq	sequence	mRNA	HG01125	Colombian in Medellin, Colombia	https://ftp.1000genomes.ebi.ac.uk/vol1/ftp/data_collections/mage_rnaseq/
ftp://ftp.sra.ebi.ac.uk/vol1/fastq/SRR197/067/SRR19762167/SRR19762167_1.fastq.gz	fdf837b2a6da8c60a1fffaf0d6a492fe	MAGE RNA-seq	sequence	mRNA	NA19704	African Ancestry in Southwest US	https://ftp.1000genomes.ebi.ac.uk/vol1/ftp/data_collections/mage_rnaseq/
ftp://ftp.sra.ebi.ac.uk/vol1/fastq/SRR197/067/SRR19762167/SRR19762167_2.fastq.gz	fdf837b2a6da8c60a1fffaf0d6a492fe	MAGE RNA-seq	sequence	mRNA	NA19704	African Ancestry in Southwest US	https://ftp.1000genomes.ebi.ac.uk/vol1/ftp/data_collections/mage_rnaseq/
ftp://ftp.sra.ebi.ac.uk/vol1/fastq/SRR197/024/SRR19762824/SRR19762824_1.fastq.gz	146bdfa406133e38970353a6a2dc23cf	MAGE RNA-seq	sequence	mRNA	HG01131	Colombian in Medellin, Colombia	https://ftp.1000genomes.ebi.ac.uk/vol1/ftp/data_collections/mage_rnaseq/
ftp://ftp.sra.ebi.ac.uk/vol1/fastq/SRR197/024/SRR19762824/SRR19762824_2.fastq.gz	146bdfa406133e38970353a6a2dc23cf	MAGE RNA-seq	sequence	mRNA	HG01131	Colombian in Medellin, Colombia	https://ftp.1000genomes.ebi.ac.uk/vol1/ftp/data_collections/mage_rnaseq/
ftp://ftp.sra.ebi.ac.uk/vol1/fastq/SRR197/072/SRR19762172/SRR19762172_1.fastq.gz	e1bbcad3e095387ed421798eb1f1ad54	MAGE RNA-seq	sequence	mRNA	NA19332	Luhya in Webuye, Kenya	https://ftp.1000genomes.ebi.ac.uk/vol1/ftp/data_collections/mage_rnaseq/
ftp://ftp.sra.ebi.ac.uk/vol1/fastq/SRR197/072/SRR19762172/SRR19762172_2.fastq.gz	e1bbcad3e095387ed421798eb1f1ad54	MAGE RNA-seq	sequence	mRNA	NA19332	Luhya in Webuye, Kenya	https://ftp.1000genomes.ebi.ac.uk/vol1/ftp/data_collections/mage_rnaseq/
ftp://ftp.sra.ebi.ac.uk/vol1/fastq/SRR197/027/SRR19762827/SRR19762827_1.fastq.gz	69f31e4de97ee8dc00fcba06642e128b	MAGE RNA-seq	sequence	mRNA	HG02250	Chinese Dai in Xishuangbanna, China	https://ftp.1000genomes.ebi.ac.uk/vol1/ftp/data_collections/mage_rnaseq/
ftp://ftp.sra.ebi.ac.uk/vol1/fastq/SRR197/027/SRR19762827/SRR19762827_2.fastq.gz	69f31e4de97ee8dc00fcba06642e128b	MAGE RNA-seq	sequence	mRNA	HG02250	Chinese Dai in Xishuangbanna, China	https://ftp.1000genomes.ebi.ac.uk/vol1/ftp/data_collections/mage_rnaseq/
ftp://ftp.sra.ebi.ac.uk/vol1/fastq/SRR197/073/SRR19762173/SRR19762173_1.fastq.gz	6d032f23bd8ab29b72dd6e3df28e796b	MAGE RNA-seq	sequence	mRNA	NA19317	Luhya in Webuye, Kenya	https://ftp.1000genomes.ebi.ac.uk/vol1/ftp/data_collections/mage_rnaseq/
ftp://ftp.sra.ebi.ac.uk/vol1/fastq/SRR197/073/SRR19762173/SRR19762173_2.fastq.gz	6d032f23bd8ab29b72dd6e3df28e796b	MAGE RNA-seq	sequence	mRNA	NA19317	Luhya in Webuye, Kenya	https://ftp.1000genomes.ebi.ac.uk/vol1/ftp/data_collections/mage_rnaseq/
ftp://ftp.sra.ebi.ac.uk/vol1/fastq/SRR197/031/SRR19762831/SRR19762831_1.fastq.gz	5cbfcbf5b3571c2c7d45592bf0314742	MAGE RNA-seq	sequence	mRNA	HG02271	Peruvian in Lima, Peru	https://ftp.1000genomes.ebi.ac.uk/vol1/ftp/data_collections/mage_rnaseq/
ftp://ftp.sra.ebi.ac.uk/vol1/fastq/SRR197/031/SRR19762831/SRR19762831_2.fastq.gz	5cbfcbf5b3571c2c7d45592bf0314742	MAGE RNA-seq	sequence	mRNA	HG02271	Peruvian in Lima, Peru	https://ftp.1000genomes.ebi.ac.uk/vol1/ftp/data_collections/mage_rnaseq/
ftp://ftp.sra.ebi.ac.uk/vol1/fastq/SRR197/074/SRR19762174/SRR19762174_1.fastq.gz	8058f9b17ed2933df12ba3e0a4b90c01	MAGE RNA-seq	sequence	mRNA	NA19312	Luhya in Webuye, Kenya	https://ftp.1000genomes.ebi.ac.uk/vol1/ftp/data_collections/mage_rnaseq/
ftp://ftp.sra.ebi.ac.uk/vol1/fastq/SRR197/074/SRR19762174/SRR19762174_2.fastq.gz	8058f9b17ed2933df12ba3e0a4b90c01	MAGE RNA-seq	sequence	mRNA	NA19312	Luhya in Webuye, Kenya	https://ftp.1000genomes.ebi.ac.uk/vol1/ftp/data_collections/mage_rnaseq/
ftp://ftp.sra.ebi.ac.uk/vol1/fastq/SRR197/032/SRR19762832/SRR19762832_1.fastq.gz	b2e906dbe4023a565ddf30d2a636485e	MAGE RNA-seq	sequence	mRNA	HG02230	Iberian populations in Spain	https://ftp.1000genomes.ebi.ac.uk/vol1/ftp/data_collections/mage_rnaseq/
ftp://ftp.sra.ebi.ac.uk/vol1/fastq/SRR197/032/SRR19762832/SRR19762832_2.fastq.gz	b2e906dbe4023a565ddf30d2a636485e	MAGE RNA-seq	sequence	mRNA	HG02230	Iberian populations in Spain	https://ftp.1000genomes.ebi.ac.uk/vol1/ftp/data_collections/mage_rnaseq/
ftp://ftp.sra.ebi.ac.uk/vol1/fastq/SRR197/075/SRR19762175/SRR19762175_1.fastq.gz	85285dc5b775144bfaa2e34bf77c0c13	MAGE RNA-seq	sequence	mRNA	NA19323	Luhya in Webuye, Kenya	https://ftp.1000genomes.ebi.ac.uk/vol1/ftp/data_collections/mage_rnaseq/
ftp://ftp.sra.ebi.ac.uk/vol1/fastq/SRR197/075/SRR19762175/SRR19762175_2.fastq.gz	85285dc5b775144bfaa2e34bf77c0c13	MAGE RNA-seq	sequence	mRNA	NA19323	Luhya in Webuye, Kenya	https://ftp.1000genomes.ebi.ac.uk/vol1/ftp/data_collections/mage_rnaseq/
ftp://ftp.sra.ebi.ac.uk/vol1/fastq/SRR197/037/SRR19762837/SRR19762837_1.fastq.gz	c2771474b57f19617e5abca6124a3f81	MAGE RNA-seq	sequence	mRNA	HG02215	British in England and Scotland	https://ftp.1000genomes.ebi.ac.uk/vol1/ftp/data_collections/mage_rnaseq/
ftp://ftp.sra.ebi.ac.uk/vol1/fastq/SRR197/037/SRR19762837/SRR19762837_2.fastq.gz	c2771474b57f19617e5abca6124a3f81	MAGE RNA-seq	sequence	mRNA	HG02215	British in England and Scotland	https://ftp.1000genomes.ebi.ac.uk/vol1/ftp/data_collections/mage_rnaseq/
ftp://ftp.sra.ebi.ac.uk/vol1/fastq/SRR197/081/SRR19762181/SRR19762181_1.fastq.gz	16dd555e7478836fdd54cd9153e56a3d	MAGE RNA-seq	sequence	mRNA	NA19143	Yoruba in Ibadan, Nigeria	https://ftp.1000genomes.ebi.ac.uk/vol1/ftp/data_collections/mage_rnaseq/
ftp://ftp.sra.ebi.ac.uk/vol1/fastq/SRR197/081/SRR19762181/SRR19762181_2.fastq.gz	16dd555e7478836fdd54cd9153e56a3d	MAGE RNA-seq	sequence	mRNA	NA19143	Yoruba in Ibadan, Nigeria	https://ftp.1000genomes.ebi.ac.uk/vol1/ftp/data_collections/mage_rnaseq/
ftp://ftp.sra.ebi.ac.uk/vol1/fastq/SRR197/038/SRR19762838/SRR19762838_1.fastq.gz	37d3cb85992d981718086136032a3570	MAGE RNA-seq	sequence	mRNA	HG02220	Iberian populations in Spain	https://ftp.1000genomes.ebi.ac.uk/vol1/ftp/data_collections/mage_rnaseq/
ftp://ftp.sra.ebi.ac.uk/vol1/fastq/SRR197/038/SRR19762838/SRR19762838_2.fastq.gz	37d3cb85992d981718086136032a3570	MAGE RNA-seq	sequence	mRNA	HG02220	Iberian populations in Spain	https://ftp.1000genomes.ebi.ac.uk/vol1/ftp/data_collections/mage_rnaseq/
ftp://ftp.sra.ebi.ac.uk/vol1/fastq/SRR197/041/SRR19762841/SRR19762841_1.fastq.gz	fa861acee878f09ece2cfcd886cc2491	MAGE RNA-seq	sequence	mRNA	HG01890	African Caribbean in Barbados	https://ftp.1000genomes.ebi.ac.uk/vol1/ftp/data_collections/mage_rnaseq/
ftp://ftp.sra.ebi.ac.uk/vol1/fastq/SRR197/041/SRR19762841/SRR19762841_2.fastq.gz	fa861acee878f09ece2cfcd886cc2491	MAGE RNA-seq	sequence	mRNA	HG01890	African Caribbean in Barbados	https://ftp.1000genomes.ebi.ac.uk/vol1/ftp/data_collections/mage_rnaseq/
ftp://ftp.sra.ebi.ac.uk/vol1/fastq/SRR197/082/SRR19762182/SRR19762182_1.fastq.gz	d7de6c48face8c3b968801637b8002c7	MAGE RNA-seq	sequence	mRNA	NA19143	Yoruba in Ibadan, Nigeria	https://ftp.1000genomes.ebi.ac.uk/vol1/ftp/data_collections/mage_rnaseq/
ftp://ftp.sra.ebi.ac.uk/vol1/fastq/SRR197/082/SRR19762182/SRR19762182_2.fastq.gz	d7de6c48face8c3b968801637b8002c7	MAGE RNA-seq	sequence	mRNA	NA19143	Yoruba in Ibadan, Nigeria	https://ftp.1000genomes.ebi.ac.uk/vol1/ftp/data_collections/mage_rnaseq/
ftp://ftp.sra.ebi.ac.uk/vol1/fastq/SRR197/042/SRR19762842/SRR19762842_1.fastq.gz	6787565f983d749d6dc46a47c0b421ce	MAGE RNA-seq	sequence	mRNA	HG01878	Kinh in Ho Chi Minh City, Vietnam	https://ftp.1000genomes.ebi.ac.uk/vol1/ftp/data_collections/mage_rnaseq/
ftp://ftp.sra.ebi.ac.uk/vol1/fastq/SRR197/042/SRR19762842/SRR19762842_2.fastq.gz	6787565f983d749d6dc46a47c0b421ce	MAGE RNA-seq	sequence	mRNA	HG01878	Kinh in Ho Chi Minh City, Vietnam	https://ftp.1000genomes.ebi.ac.uk/vol1/ftp/data_collections/mage_rnaseq/
ftp://ftp.sra.ebi.ac.uk/vol1/fastq/SRR197/083/SRR19762183/SRR19762183_1.fastq.gz	992b719d03d78e71727d563d2d9ab53d	MAGE RNA-seq	sequence	mRNA	HG00326	Finnish in Finland	https://ftp.1000genomes.ebi.ac.uk/vol1/ftp/data_collections/mage_rnaseq/
ftp://ftp.sra.ebi.ac.uk/vol1/fastq/SRR197/083/SRR19762183/SRR19762183_2.fastq.gz	992b719d03d78e71727d563d2d9ab53d	MAGE RNA-seq	sequence	mRNA	HG00326	Finnish in Finland	https://ftp.1000genomes.ebi.ac.uk/vol1/ftp/data_collections/mage_rnaseq/
ftp://ftp.sra.ebi.ac.uk/vol1/fastq/SRR197/043/SRR19762843/SRR19762843_1.fastq.gz	5bedbca4a4335ff757853d7bda348b25	MAGE RNA-seq	sequence	mRNA	HG01879	African Caribbean in Barbados	https://ftp.1000genomes.ebi.ac.uk/vol1/ftp/data_collections/mage_rnaseq/
ftp://ftp.sra.ebi.ac.uk/vol1/fastq/SRR197/043/SRR19762843/SRR19762843_2.fastq.gz	5bedbca4a4335ff757853d7bda348b25	MAGE RNA-seq	sequence	mRNA	HG01879	African Caribbean in Barbados	https://ftp.1000genomes.ebi.ac.uk/vol1/ftp/data_collections/mage_rnaseq/
ftp://ftp.sra.ebi.ac.uk/vol1/fastq/SRR197/088/SRR19762188/SRR19762188_1.fastq.gz	c73bb32fe146df63d954ea7d8b879157	MAGE RNA-seq	sequence	mRNA	NA18942	Japanese in Tokyo, Japan	https://ftp.1000genomes.ebi.ac.uk/vol1/ftp/data_collections/mage_rnaseq/
ftp://ftp.sra.ebi.ac.uk/vol1/fastq/SRR197/088/SRR19762188/SRR19762188_2.fastq.gz	c73bb32fe146df63d954ea7d8b879157	MAGE RNA-seq	sequence	mRNA	NA18942	Japanese in Tokyo, Japan	https://ftp.1000genomes.ebi.ac.uk/vol1/ftp/data_collections/mage_rnaseq/
ftp://ftp.sra.ebi.ac.uk/vol1/fastq/SRR197/044/SRR19762844/SRR19762844_1.fastq.gz	2cb17d77dce4eb3102bfd694c887e457	MAGE RNA-seq	sequence	mRNA	HG01893	Peruvian in Lima, Peru	https://ftp.1000genomes.ebi.ac.uk/vol1/ftp/data_collections/mage_rnaseq/
ftp://ftp.sra.ebi.ac.uk/vol1/fastq/SRR197/044/SRR19762844/SRR19762844_2.fastq.gz	2cb17d77dce4eb3102bfd694c887e457	MAGE RNA-seq	sequence	mRNA	HG01893	Peruvian in Lima, Peru	https://ftp.1000genomes.ebi.ac.uk/vol1/ftp/data_collections/mage_rnaseq/
ftp://ftp.sra.ebi.ac.uk/vol1/fastq/SRR197/093/SRR19762193/SRR19762193_1.fastq.gz	8dd69f479864ceec6789dac0d408b325	MAGE RNA-seq	sequence	mRNA	NA18915	Yoruba in Ibadan, Nigeria	https://ftp.1000genomes.ebi.ac.uk/vol1/ftp/data_collections/mage_rnaseq/
ftp://ftp.sra.ebi.ac.uk/vol1/fastq/SRR197/093/SRR19762193/SRR19762193_2.fastq.gz	8dd69f479864ceec6789dac0d408b325	MAGE RNA-seq	sequence	mRNA	NA18915	Yoruba in Ibadan, Nigeria	https://ftp.1000genomes.ebi.ac.uk/vol1/ftp/data_collections/mage_rnaseq/
ftp://ftp.sra.ebi.ac.uk/vol1/fastq/SRR197/045/SRR19762845/SRR19762845_1.fastq.gz	78be39957b011fc4fe5202bc1217c0bd	MAGE RNA-seq	sequence	mRNA	HG00148	British in England and Scotland	https://ftp.1000genomes.ebi.ac.uk/vol1/ftp/data_collections/mage_rnaseq/
ftp://ftp.sra.ebi.ac.uk/vol1/fastq/SRR197/045/SRR19762845/SRR19762845_2.fastq.gz	78be39957b011fc4fe5202bc1217c0bd	MAGE RNA-seq	sequence	mRNA	HG00148	British in England and Scotland	https://ftp.1000genomes.ebi.ac.uk/vol1/ftp/data_collections/mage_rnaseq/
ftp://ftp.sra.ebi.ac.uk/vol1/fastq/SRR197/095/SRR19762195/SRR19762195_1.fastq.gz	a70d6d74d74fb77f6e7cbf27b5d01017	MAGE RNA-seq	sequence	mRNA	NA18878	Yoruba in Ibadan, Nigeria	https://ftp.1000genomes.ebi.ac.uk/vol1/ftp/data_collections/mage_rnaseq/
ftp://ftp.sra.ebi.ac.uk/vol1/fastq/SRR197/095/SRR19762195/SRR19762195_2.fastq.gz	a70d6d74d74fb77f6e7cbf27b5d01017	MAGE RNA-seq	sequence	mRNA	NA18878	Yoruba in Ibadan, Nigeria	https://ftp.1000genomes.ebi.ac.uk/vol1/ftp/data_collections/mage_rnaseq/
ftp://ftp.sra.ebi.ac.uk/vol1/fastq/SRR197/047/SRR19762847/SRR19762847_1.fastq.gz	f0541726cab40bcab71f1d3007e1bbc6	MAGE RNA-seq	sequence	mRNA	HG01863	Kinh in Ho Chi Minh City, Vietnam	https://ftp.1000genomes.ebi.ac.uk/vol1/ftp/data_collections/mage_rnaseq/
ftp://ftp.sra.ebi.ac.uk/vol1/fastq/SRR197/047/SRR19762847/SRR19762847_2.fastq.gz	f0541726cab40bcab71f1d3007e1bbc6	MAGE RNA-seq	sequence	mRNA	HG01863	Kinh in Ho Chi Minh City, Vietnam	https://ftp.1000genomes.ebi.ac.uk/vol1/ftp/data_collections/mage_rnaseq/
ftp://ftp.sra.ebi.ac.uk/vol1/fastq/SRR197/097/SRR19762197/SRR19762197_1.fastq.gz	4351bcf6c3a5290a4011559a4822d268	MAGE RNA-seq	sequence	mRNA	HG00318	Finnish in Finland	https://ftp.1000genomes.ebi.ac.uk/vol1/ftp/data_collections/mage_rnaseq/
ftp://ftp.sra.ebi.ac.uk/vol1/fastq/SRR197/097/SRR19762197/SRR19762197_2.fastq.gz	4351bcf6c3a5290a4011559a4822d268	MAGE RNA-seq	sequence	mRNA	HG00318	Finnish in Finland	https://ftp.1000genomes.ebi.ac.uk/vol1/ftp/data_collections/mage_rnaseq/
ftp://ftp.sra.ebi.ac.uk/vol1/fastq/SRR197/051/SRR19762851/SRR19762851_1.fastq.gz	226b2566e76223d0ff5bfb765e61c186	MAGE RNA-seq	sequence	mRNA	HG01862	Kinh in Ho Chi Minh City, Vietnam	https://ftp.1000genomes.ebi.ac.uk/vol1/ftp/data_collections/mage_rnaseq/
ftp://ftp.sra.ebi.ac.uk/vol1/fastq/SRR197/051/SRR19762851/SRR19762851_2.fastq.gz	226b2566e76223d0ff5bfb765e61c186	MAGE RNA-seq	sequence	mRNA	HG01862	Kinh in Ho Chi Minh City, Vietnam	https://ftp.1000genomes.ebi.ac.uk/vol1/ftp/data_collections/mage_rnaseq/
ftp://ftp.sra.ebi.ac.uk/vol1/fastq/SRR197/098/SRR19762198/SRR19762198_1.fastq.gz	00ab0d33ccdde456b915a36ee661bdbc	MAGE RNA-seq	sequence	mRNA	NA18877	Yoruba in Ibadan, Nigeria	https://ftp.1000genomes.ebi.ac.uk/vol1/ftp/data_collections/mage_rnaseq/
ftp://ftp.sra.ebi.ac.uk/vol1/fastq/SRR197/098/SRR19762198/SRR19762198_2.fastq.gz	00ab0d33ccdde456b915a36ee661bdbc	MAGE RNA-seq	sequence	mRNA	NA18877	Yoruba in Ibadan, Nigeria	https://ftp.1000genomes.ebi.ac.uk/vol1/ftp/data_collections/mage_rnaseq/
ftp://ftp.sra.ebi.ac.uk/vol1/fastq/SRR197/052/SRR19762852/SRR19762852_1.fastq.gz	1db58f17e4c4322b2930e4ce76de7976	MAGE RNA-seq	sequence	mRNA	HG01870	Kinh in Ho Chi Minh City, Vietnam	https://ftp.1000genomes.ebi.ac.uk/vol1/ftp/data_collections/mage_rnaseq/
ftp://ftp.sra.ebi.ac.uk/vol1/fastq/SRR197/052/SRR19762852/SRR19762852_2.fastq.gz	1db58f17e4c4322b2930e4ce76de7976	MAGE RNA-seq	sequence	mRNA	HG01870	Kinh in Ho Chi Minh City, Vietnam	https://ftp.1000genomes.ebi.ac.uk/vol1/ftp/data_collections/mage_rnaseq/
ftp://ftp.sra.ebi.ac.uk/vol1/fastq/SRR197/002/SRR19762202/SRR19762202_1.fastq.gz	f5e896c19510a28994d58472153a99f5	MAGE RNA-seq	sequence	mRNA	NA18621	Han Chinese in Beijing, China	https://ftp.1000genomes.ebi.ac.uk/vol1/ftp/data_collections/mage_rnaseq/
ftp://ftp.sra.ebi.ac.uk/vol1/fastq/SRR197/002/SRR19762202/SRR19762202_2.fastq.gz	f5e896c19510a28994d58472153a99f5	MAGE RNA-seq	sequence	mRNA	NA18621	Han Chinese in Beijing, China	https://ftp.1000genomes.ebi.ac.uk/vol1/ftp/data_collections/mage_rnaseq/
ftp://ftp.sra.ebi.ac.uk/vol1/fastq/SRR197/057/SRR19762857/SRR19762857_1.fastq.gz	5afbf3aabe20a55e8078f0a373297a31	MAGE RNA-seq	sequence	mRNA	HG01522	Iberian populations in Spain	https://ftp.1000genomes.ebi.ac.uk/vol1/ftp/data_collections/mage_rnaseq/
ftp://ftp.sra.ebi.ac.uk/vol1/fastq/SRR197/057/SRR19762857/SRR19762857_2.fastq.gz	5afbf3aabe20a55e8078f0a373297a31	MAGE RNA-seq	sequence	mRNA	HG01522	Iberian populations in Spain	https://ftp.1000genomes.ebi.ac.uk/vol1/ftp/data_collections/mage_rnaseq/
ftp://ftp.sra.ebi.ac.uk/vol1/fastq/SRR197/004/SRR19762204/SRR19762204_1.fastq.gz	a3df9dffd554c19d6dceb5b9a2b6115e	MAGE RNA-seq	sequence	mRNA	NA18636	Han Chinese in Beijing, China	https://ftp.1000genomes.ebi.ac.uk/vol1/ftp/data_collections/mage_rnaseq/
ftp://ftp.sra.ebi.ac.uk/vol1/fastq/SRR197/004/SRR19762204/SRR19762204_2.fastq.gz	a3df9dffd554c19d6dceb5b9a2b6115e	MAGE RNA-seq	sequence	mRNA	NA18636	Han Chinese in Beijing, China	https://ftp.1000genomes.ebi.ac.uk/vol1/ftp/data_collections/mage_rnaseq/
ftp://ftp.sra.ebi.ac.uk/vol1/fastq/SRR197/059/SRR19762859/SRR19762859_1.fastq.gz	21d35eb508ab92f5adf80aae08dd2215	MAGE RNA-seq	sequence	mRNA	HG01494	Colombian in Medellin, Colombia	https://ftp.1000genomes.ebi.ac.uk/vol1/ftp/data_collections/mage_rnaseq/
ftp://ftp.sra.ebi.ac.uk/vol1/fastq/SRR197/059/SRR19762859/SRR19762859_2.fastq.gz	21d35eb508ab92f5adf80aae08dd2215	MAGE RNA-seq	sequence	mRNA	HG01494	Colombian in Medellin, Colombia	https://ftp.1000genomes.ebi.ac.uk/vol1/ftp/data_collections/mage_rnaseq/
ftp://ftp.sra.ebi.ac.uk/vol1/fastq/SRR197/007/SRR19762207/SRR19762207_1.fastq.gz	a6b3a0c3e89fd30fc329eb92bc28afaa	MAGE RNA-seq	sequence	mRNA	NA18596	Han Chinese in Beijing, China	https://ftp.1000genomes.ebi.ac.uk/vol1/ftp/data_collections/mage_rnaseq/
ftp://ftp.sra.ebi.ac.uk/vol1/fastq/SRR197/007/SRR19762207/SRR19762207_2.fastq.gz	a6b3a0c3e89fd30fc329eb92bc28afaa	MAGE RNA-seq	sequence	mRNA	NA18596	Han Chinese in Beijing, China	https://ftp.1000genomes.ebi.ac.uk/vol1/ftp/data_collections/mage_rnaseq/
ftp://ftp.sra.ebi.ac.uk/vol1/fastq/SRR197/060/SRR19762860/SRR19762860_1.fastq.gz	3b5e3e0212825df845a2926a9086e535	MAGE RNA-seq	sequence	mRNA	HG01489	Colombian in Medellin, Colombia	https://ftp.1000genomes.ebi.ac.uk/vol1/ftp/data_collections/mage_rnaseq/
ftp://ftp.sra.ebi.ac.uk/vol1/fastq/SRR197/060/SRR19762860/SRR19762860_2.fastq.gz	3b5e3e0212825df845a2926a9086e535	MAGE RNA-seq	sequence	mRNA	HG01489	Colombian in Medellin, Colombia	https://ftp.1000genomes.ebi.ac.uk/vol1/ftp/data_collections/mage_rnaseq/
ftp://ftp.sra.ebi.ac.uk/vol1/fastq/SRR197/010/SRR19762210/SRR19762210_1.fastq.gz	38486dbf802ddd37c84d00e28fa6f673	MAGE RNA-seq	sequence	mRNA	NA18574	Han Chinese in Beijing, China	https://ftp.1000genomes.ebi.ac.uk/vol1/ftp/data_collections/mage_rnaseq/
ftp://ftp.sra.ebi.ac.uk/vol1/fastq/SRR197/010/SRR19762210/SRR19762210_2.fastq.gz	38486dbf802ddd37c84d00e28fa6f673	MAGE RNA-seq	sequence	mRNA	NA18574	Han Chinese in Beijing, China	https://ftp.1000genomes.ebi.ac.uk/vol1/ftp/data_collections/mage_rnaseq/
ftp://ftp.sra.ebi.ac.uk/vol1/fastq/SRR197/070/SRR19762870/SRR19762870_1.fastq.gz	44e3bcad57332832259ff915c83062b3	MAGE RNA-seq	sequence	mRNA	HG01055	Puerto Rican in Puerto Rico	https://ftp.1000genomes.ebi.ac.uk/vol1/ftp/data_collections/mage_rnaseq/
ftp://ftp.sra.ebi.ac.uk/vol1/fastq/SRR197/070/SRR19762870/SRR19762870_2.fastq.gz	44e3bcad57332832259ff915c83062b3	MAGE RNA-seq	sequence	mRNA	HG01055	Puerto Rican in Puerto Rico	https://ftp.1000genomes.ebi.ac.uk/vol1/ftp/data_collections/mage_rnaseq/
ftp://ftp.sra.ebi.ac.uk/vol1/fastq/SRR197/011/SRR19762211/SRR19762211_1.fastq.gz	400159a21465df13295aff7ae7c4dd9b	MAGE RNA-seq	sequence	mRNA	NA18608	Han Chinese in Beijing, China	https://ftp.1000genomes.ebi.ac.uk/vol1/ftp/data_collections/mage_rnaseq/
ftp://ftp.sra.ebi.ac.uk/vol1/fastq/SRR197/011/SRR19762211/SRR19762211_2.fastq.gz	400159a21465df13295aff7ae7c4dd9b	MAGE RNA-seq	sequence	mRNA	NA18608	Han Chinese in Beijing, China	https://ftp.1000genomes.ebi.ac.uk/vol1/ftp/data_collections/mage_rnaseq/
ftp://ftp.sra.ebi.ac.uk/vol1/fastq/SRR197/073/SRR19762873/SRR19762873_1.fastq.gz	9aa4714c33923e5dcf61c3953f1f9851	MAGE RNA-seq	sequence	mRNA	HG01031	Chinese Dai in Xishuangbanna, China	https://ftp.1000genomes.ebi.ac.uk/vol1/ftp/data_collections/mage_rnaseq/
ftp://ftp.sra.ebi.ac.uk/vol1/fastq/SRR197/073/SRR19762873/SRR19762873_2.fastq.gz	9aa4714c33923e5dcf61c3953f1f9851	MAGE RNA-seq	sequence	mRNA	HG01031	Chinese Dai in Xishuangbanna, China	https://ftp.1000genomes.ebi.ac.uk/vol1/ftp/data_collections/mage_rnaseq/
ftp://ftp.sra.ebi.ac.uk/vol1/fastq/SRR197/013/SRR19762213/SRR19762213_1.fastq.gz	5496efb8edf7d1749a9723006478cecc	MAGE RNA-seq	sequence	mRNA	NA18557	Han Chinese in Beijing, China	https://ftp.1000genomes.ebi.ac.uk/vol1/ftp/data_collections/mage_rnaseq/
ftp://ftp.sra.ebi.ac.uk/vol1/fastq/SRR197/013/SRR19762213/SRR19762213_2.fastq.gz	5496efb8edf7d1749a9723006478cecc	MAGE RNA-seq	sequence	mRNA	NA18557	Han Chinese in Beijing, China	https://ftp.1000genomes.ebi.ac.uk/vol1/ftp/data_collections/mage_rnaseq/
ftp://ftp.sra.ebi.ac.uk/vol1/fastq/SRR197/076/SRR19762876/SRR19762876_1.fastq.gz	29c22189c427ea17b8d04d636fb70dd5	MAGE RNA-seq	sequence	mRNA	HG00956	Chinese Dai in Xishuangbanna, China	https://ftp.1000genomes.ebi.ac.uk/vol1/ftp/data_collections/mage_rnaseq/
ftp://ftp.sra.ebi.ac.uk/vol1/fastq/SRR197/076/SRR19762876/SRR19762876_2.fastq.gz	29c22189c427ea17b8d04d636fb70dd5	MAGE RNA-seq	sequence	mRNA	HG00956	Chinese Dai in Xishuangbanna, China	https://ftp.1000genomes.ebi.ac.uk/vol1/ftp/data_collections/mage_rnaseq/
ftp://ftp.sra.ebi.ac.uk/vol1/fastq/SRR197/014/SRR19762214/SRR19762214_1.fastq.gz	64bda24b26bfd59c4b0943e28b5a0c17	MAGE RNA-seq	sequence	mRNA	NA18507	Yoruba in Ibadan, Nigeria	https://ftp.1000genomes.ebi.ac.uk/vol1/ftp/data_collections/mage_rnaseq/
ftp://ftp.sra.ebi.ac.uk/vol1/fastq/SRR197/014/SRR19762214/SRR19762214_2.fastq.gz	64bda24b26bfd59c4b0943e28b5a0c17	MAGE RNA-seq	sequence	mRNA	NA18507	Yoruba in Ibadan, Nigeria	https://ftp.1000genomes.ebi.ac.uk/vol1/ftp/data_collections/mage_rnaseq/
ftp://ftp.sra.ebi.ac.uk/vol1/fastq/SRR197/077/SRR19762877/SRR19762877_1.fastq.gz	a7066e3acd22618014652439c846f23a	MAGE RNA-seq	sequence	mRNA	HG00864	Chinese Dai in Xishuangbanna, China	https://ftp.1000genomes.ebi.ac.uk/vol1/ftp/data_collections/mage_rnaseq/
ftp://ftp.sra.ebi.ac.uk/vol1/fastq/SRR197/077/SRR19762877/SRR19762877_2.fastq.gz	a7066e3acd22618014652439c846f23a	MAGE RNA-seq	sequence	mRNA	HG00864	Chinese Dai in Xishuangbanna, China	https://ftp.1000genomes.ebi.ac.uk/vol1/ftp/data_collections/mage_rnaseq/
ftp://ftp.sra.ebi.ac.uk/vol1/fastq/SRR197/020/SRR19762220/SRR19762220_1.fastq.gz	125f51c0ca28ac9741a1851f51f3a058	MAGE RNA-seq	sequence	mRNA	HG00290	Finnish in Finland	https://ftp.1000genomes.ebi.ac.uk/vol1/ftp/data_collections/mage_rnaseq/
ftp://ftp.sra.ebi.ac.uk/vol1/fastq/SRR197/020/SRR19762220/SRR19762220_2.fastq.gz	125f51c0ca28ac9741a1851f51f3a058	MAGE RNA-seq	sequence	mRNA	HG00290	Finnish in Finland	https://ftp.1000genomes.ebi.ac.uk/vol1/ftp/data_collections/mage_rnaseq/
ftp://ftp.sra.ebi.ac.uk/vol1/fastq/SRR197/080/SRR19762880/SRR19762880_1.fastq.gz	9a9cc9ffddbc7871d788a70ec4b453b9	MAGE RNA-seq	sequence	mRNA	HG00641	Puerto Rican in Puerto Rico	https://ftp.1000genomes.ebi.ac.uk/vol1/ftp/data_collections/mage_rnaseq/
ftp://ftp.sra.ebi.ac.uk/vol1/fastq/SRR197/080/SRR19762880/SRR19762880_2.fastq.gz	9a9cc9ffddbc7871d788a70ec4b453b9	MAGE RNA-seq	sequence	mRNA	HG00641	Puerto Rican in Puerto Rico	https://ftp.1000genomes.ebi.ac.uk/vol1/ftp/data_collections/mage_rnaseq/
ftp://ftp.sra.ebi.ac.uk/vol1/fastq/SRR197/022/SRR19762222/SRR19762222_1.fastq.gz	6952156f1b49fe3e1e69878bd7df3bb3	MAGE RNA-seq	sequence	mRNA	NA12828	Utah residents (CEPH) with Northern and Western European ancestry	https://ftp.1000genomes.ebi.ac.uk/vol1/ftp/data_collections/mage_rnaseq/
ftp://ftp.sra.ebi.ac.uk/vol1/fastq/SRR197/022/SRR19762222/SRR19762222_2.fastq.gz	6952156f1b49fe3e1e69878bd7df3bb3	MAGE RNA-seq	sequence	mRNA	NA12828	Utah residents (CEPH) with Northern and Western European ancestry	https://ftp.1000genomes.ebi.ac.uk/vol1/ftp/data_collections/mage_rnaseq/
ftp://ftp.sra.ebi.ac.uk/vol1/fastq/SRR197/081/SRR19762881/SRR19762881_1.fastq.gz	131ad87a932a149e9a0c604e1efdd46d	MAGE RNA-seq	sequence	mRNA	HG00628	Han Chinese South	https://ftp.1000genomes.ebi.ac.uk/vol1/ftp/data_collections/mage_rnaseq/
ftp://ftp.sra.ebi.ac.uk/vol1/fastq/SRR197/081/SRR19762881/SRR19762881_2.fastq.gz	131ad87a932a149e9a0c604e1efdd46d	MAGE RNA-seq	sequence	mRNA	HG00628	Han Chinese South	https://ftp.1000genomes.ebi.ac.uk/vol1/ftp/data_collections/mage_rnaseq/
ftp://ftp.sra.ebi.ac.uk/vol1/fastq/SRR197/032/SRR19762232/SRR19762232_1.fastq.gz	283272f06afd103ae1de239f1fd4bd16	MAGE RNA-seq	sequence	mRNA	HG04107	Sri Lankan Tamil in the UK	https://ftp.1000genomes.ebi.ac.uk/vol1/ftp/data_collections/mage_rnaseq/
ftp://ftp.sra.ebi.ac.uk/vol1/fastq/SRR197/032/SRR19762232/SRR19762232_2.fastq.gz	283272f06afd103ae1de239f1fd4bd16	MAGE RNA-seq	sequence	mRNA	HG04107	Sri Lankan Tamil in the UK	https://ftp.1000genomes.ebi.ac.uk/vol1/ftp/data_collections/mage_rnaseq/
ftp://ftp.sra.ebi.ac.uk/vol1/fastq/SRR197/088/SRR19762888/SRR19762888_1.fastq.gz	a13943d206ed85886a30db1002204be2	MAGE RNA-seq	sequence	mRNA	HG00121	British in England and Scotland	https://ftp.1000genomes.ebi.ac.uk/vol1/ftp/data_collections/mage_rnaseq/
ftp://ftp.sra.ebi.ac.uk/vol1/fastq/SRR197/088/SRR19762888/SRR19762888_2.fastq.gz	a13943d206ed85886a30db1002204be2	MAGE RNA-seq	sequence	mRNA	HG00121	British in England and Scotland	https://ftp.1000genomes.ebi.ac.uk/vol1/ftp/data_collections/mage_rnaseq/
ftp://ftp.sra.ebi.ac.uk/vol1/fastq/SRR197/036/SRR19762236/SRR19762236_1.fastq.gz	51d3f8eb9dfb8a99682f216e055a6a53	MAGE RNA-seq	sequence	mRNA	HG04047	Sri Lankan Tamil in the UK	https://ftp.1000genomes.ebi.ac.uk/vol1/ftp/data_collections/mage_rnaseq/
ftp://ftp.sra.ebi.ac.uk/vol1/fastq/SRR197/036/SRR19762236/SRR19762236_2.fastq.gz	51d3f8eb9dfb8a99682f216e055a6a53	MAGE RNA-seq	sequence	mRNA	HG04047	Sri Lankan Tamil in the UK	https://ftp.1000genomes.ebi.ac.uk/vol1/ftp/data_collections/mage_rnaseq/
ftp://ftp.sra.ebi.ac.uk/vol1/fastq/SRR197/091/SRR19762891/SRR19762891_1.fastq.gz	9699fff84d041c9b9c6ca811edcc5ec0	MAGE RNA-seq	sequence	mRNA	HG00565	Han Chinese South	https://ftp.1000genomes.ebi.ac.uk/vol1/ftp/data_collections/mage_rnaseq/
ftp://ftp.sra.ebi.ac.uk/vol1/fastq/SRR197/091/SRR19762891/SRR19762891_2.fastq.gz	9699fff84d041c9b9c6ca811edcc5ec0	MAGE RNA-seq	sequence	mRNA	HG00565	Han Chinese South	https://ftp.1000genomes.ebi.ac.uk/vol1/ftp/data_collections/mage_rnaseq/
ftp://ftp.sra.ebi.ac.uk/vol1/fastq/SRR197/037/SRR19762237/SRR19762237_1.fastq.gz	9c9ac62921888110b410b7954ecacf2f	MAGE RNA-seq	sequence	mRNA	HG04033	Sri Lankan Tamil in the UK	https://ftp.1000genomes.ebi.ac.uk/vol1/ftp/data_collections/mage_rnaseq/
ftp://ftp.sra.ebi.ac.uk/vol1/fastq/SRR197/037/SRR19762237/SRR19762237_2.fastq.gz	9c9ac62921888110b410b7954ecacf2f	MAGE RNA-seq	sequence	mRNA	HG04033	Sri Lankan Tamil in the UK	https://ftp.1000genomes.ebi.ac.uk/vol1/ftp/data_collections/mage_rnaseq/
ftp://ftp.sra.ebi.ac.uk/vol1/fastq/SRR197/092/SRR19762892/SRR19762892_1.fastq.gz	b221092dec7a2a07d426098c1fa50ba8	MAGE RNA-seq	sequence	mRNA	HG00556	Han Chinese South	https://ftp.1000genomes.ebi.ac.uk/vol1/ftp/data_collections/mage_rnaseq/
ftp://ftp.sra.ebi.ac.uk/vol1/fastq/SRR197/092/SRR19762892/SRR19762892_2.fastq.gz	b221092dec7a2a07d426098c1fa50ba8	MAGE RNA-seq	sequence	mRNA	HG00556	Han Chinese South	https://ftp.1000genomes.ebi.ac.uk/vol1/ftp/data_collections/mage_rnaseq/
ftp://ftp.sra.ebi.ac.uk/vol1/fastq/SRR197/038/SRR19762238/SRR19762238_1.fastq.gz	dd305a0efd5b8d117dbf4589fd4abfde	MAGE RNA-seq	sequence	mRNA	HG04054	Indian Telugu in the UK	https://ftp.1000genomes.ebi.ac.uk/vol1/ftp/data_collections/mage_rnaseq/
ftp://ftp.sra.ebi.ac.uk/vol1/fastq/SRR197/038/SRR19762238/SRR19762238_2.fastq.gz	dd305a0efd5b8d117dbf4589fd4abfde	MAGE RNA-seq	sequence	mRNA	HG04054	Indian Telugu in the UK	https://ftp.1000genomes.ebi.ac.uk/vol1/ftp/data_collections/mage_rnaseq/
ftp://ftp.sra.ebi.ac.uk/vol1/fastq/SRR197/095/SRR19762895/SRR19762895_1.fastq.gz	f86e576f5daa72ddac76b6ced071fc00	MAGE RNA-seq	sequence	mRNA	NA20525	Toscani in Italy	https://ftp.1000genomes.ebi.ac.uk/vol1/ftp/data_collections/mage_rnaseq/
ftp://ftp.sra.ebi.ac.uk/vol1/fastq/SRR197/095/SRR19762895/SRR19762895_2.fastq.gz	f86e576f5daa72ddac76b6ced071fc00	MAGE RNA-seq	sequence	mRNA	NA20525	Toscani in Italy	https://ftp.1000genomes.ebi.ac.uk/vol1/ftp/data_collections/mage_rnaseq/
ftp://ftp.sra.ebi.ac.uk/vol1/fastq/SRR197/039/SRR19762239/SRR19762239_1.fastq.gz	8a5ea239be8eae0854c8928ad59d09ff	MAGE RNA-seq	sequence	mRNA	HG04060	Indian Telugu in the UK	https://ftp.1000genomes.ebi.ac.uk/vol1/ftp/data_collections/mage_rnaseq/
ftp://ftp.sra.ebi.ac.uk/vol1/fastq/SRR197/039/SRR19762239/SRR19762239_2.fastq.gz	8a5ea239be8eae0854c8928ad59d09ff	MAGE RNA-seq	sequence	mRNA	HG04060	Indian Telugu in the UK	https://ftp.1000genomes.ebi.ac.uk/vol1/ftp/data_collections/mage_rnaseq/
ftp://ftp.sra.ebi.ac.uk/vol1/fastq/SRR197/001/SRR19762901/SRR19762901_1.fastq.gz	8a345f5ead28a16f9b153dc783beaf71	MAGE RNA-seq	sequence	mRNA	NA20507	Toscani in Italy	https://ftp.1000genomes.ebi.ac.uk/vol1/ftp/data_collections/mage_rnaseq/
ftp://ftp.sra.ebi.ac.uk/vol1/fastq/SRR197/001/SRR19762901/SRR19762901_2.fastq.gz	8a345f5ead28a16f9b153dc783beaf71	MAGE RNA-seq	sequence	mRNA	NA20507	Toscani in Italy	https://ftp.1000genomes.ebi.ac.uk/vol1/ftp/data_collections/mage_rnaseq/
ftp://ftp.sra.ebi.ac.uk/vol1/fastq/SRR197/040/SRR19762240/SRR19762240_1.fastq.gz	aef96bf64bc81a6658f7bb0000fbaeb1	MAGE RNA-seq	sequence	mRNA	HG04029	Sri Lankan Tamil in the UK	https://ftp.1000genomes.ebi.ac.uk/vol1/ftp/data_collections/mage_rnaseq/
ftp://ftp.sra.ebi.ac.uk/vol1/fastq/SRR197/040/SRR19762240/SRR19762240_2.fastq.gz	aef96bf64bc81a6658f7bb0000fbaeb1	MAGE RNA-seq	sequence	mRNA	HG04029	Sri Lankan Tamil in the UK	https://ftp.1000genomes.ebi.ac.uk/vol1/ftp/data_collections/mage_rnaseq/
ftp://ftp.sra.ebi.ac.uk/vol1/fastq/SRR197/004/SRR19762904/SRR19762904_1.fastq.gz	e3d2fa897482d68d003b4a3eebc577da	MAGE RNA-seq	sequence	mRNA	NA20522	Toscani in Italy	https://ftp.1000genomes.ebi.ac.uk/vol1/ftp/data_collections/mage_rnaseq/
ftp://ftp.sra.ebi.ac.uk/vol1/fastq/SRR197/004/SRR19762904/SRR19762904_2.fastq.gz	e3d2fa897482d68d003b4a3eebc577da	MAGE RNA-seq	sequence	mRNA	NA20522	Toscani in Italy	https://ftp.1000genomes.ebi.ac.uk/vol1/ftp/data_collections/mage_rnaseq/
ftp://ftp.sra.ebi.ac.uk/vol1/fastq/SRR197/045/SRR19762245/SRR19762245_1.fastq.gz	28aa227a821a284abe92349c696150fc	MAGE RNA-seq	sequence	mRNA	HG03717	Indian Telugu in the UK	https://ftp.1000genomes.ebi.ac.uk/vol1/ftp/data_collections/mage_rnaseq/
ftp://ftp.sra.ebi.ac.uk/vol1/fastq/SRR197/045/SRR19762245/SRR19762245_2.fastq.gz	28aa227a821a284abe92349c696150fc	MAGE RNA-seq	sequence	mRNA	HG03717	Indian Telugu in the UK	https://ftp.1000genomes.ebi.ac.uk/vol1/ftp/data_collections/mage_rnaseq/
ftp://ftp.sra.ebi.ac.uk/vol1/fastq/SRR197/006/SRR19762906/SRR19762906_1.fastq.gz	717b478d28b7886b7f72bdc7ab8be61c	MAGE RNA-seq	sequence	mRNA	NA20502	Toscani in Italy	https://ftp.1000genomes.ebi.ac.uk/vol1/ftp/data_collections/mage_rnaseq/
ftp://ftp.sra.ebi.ac.uk/vol1/fastq/SRR197/006/SRR19762906/SRR19762906_2.fastq.gz	717b478d28b7886b7f72bdc7ab8be61c	MAGE RNA-seq	sequence	mRNA	NA20502	Toscani in Italy	https://ftp.1000genomes.ebi.ac.uk/vol1/ftp/data_collections/mage_rnaseq/
ftp://ftp.sra.ebi.ac.uk/vol1/fastq/SRR197/050/SRR19762250/SRR19762250_1.fastq.gz	c38be44eccb3ce5059a030cab0df8a24	MAGE RNA-seq	sequence	mRNA	HG03692	Sri Lankan Tamil in the UK	https://ftp.1000genomes.ebi.ac.uk/vol1/ftp/data_collections/mage_rnaseq/
ftp://ftp.sra.ebi.ac.uk/vol1/fastq/SRR197/050/SRR19762250/SRR19762250_2.fastq.gz	c38be44eccb3ce5059a030cab0df8a24	MAGE RNA-seq	sequence	mRNA	HG03692	Sri Lankan Tamil in the UK	https://ftp.1000genomes.ebi.ac.uk/vol1/ftp/data_collections/mage_rnaseq/
ftp://ftp.sra.ebi.ac.uk/vol1/fastq/SRR197/007/SRR19762907/SRR19762907_1.fastq.gz	4323d66ab49e264dfd236a25b38deb6d	MAGE RNA-seq	sequence	mRNA	NA19741	Mexican Ancestry in Los Angeles, California	https://ftp.1000genomes.ebi.ac.uk/vol1/ftp/data_collections/mage_rnaseq/
ftp://ftp.sra.ebi.ac.uk/vol1/fastq/SRR197/007/SRR19762907/SRR19762907_2.fastq.gz	4323d66ab49e264dfd236a25b38deb6d	MAGE RNA-seq	sequence	mRNA	NA19741	Mexican Ancestry in Los Angeles, California	https://ftp.1000genomes.ebi.ac.uk/vol1/ftp/data_collections/mage_rnaseq/
ftp://ftp.sra.ebi.ac.uk/vol1/fastq/SRR197/051/SRR19762251/SRR19762251_1.fastq.gz	4faed96244c2923a3af35920badd73bf	MAGE RNA-seq	sequence	mRNA	HG03673	Sri Lankan Tamil in the UK	https://ftp.1000genomes.ebi.ac.uk/vol1/ftp/data_collections/mage_rnaseq/
ftp://ftp.sra.ebi.ac.uk/vol1/fastq/SRR197/051/SRR19762251/SRR19762251_2.fastq.gz	4faed96244c2923a3af35920badd73bf	MAGE RNA-seq	sequence	mRNA	HG03673	Sri Lankan Tamil in the UK	https://ftp.1000genomes.ebi.ac.uk/vol1/ftp/data_collections/mage_rnaseq/
ftp://ftp.sra.ebi.ac.uk/vol1/fastq/SRR197/011/SRR19762911/SRR19762911_1.fastq.gz	35334040c23532feaa40bd35cb714f53	MAGE RNA-seq	sequence	mRNA	NA19752	Mexican Ancestry in Los Angeles, California	https://ftp.1000genomes.ebi.ac.uk/vol1/ftp/data_collections/mage_rnaseq/
ftp://ftp.sra.ebi.ac.uk/vol1/fastq/SRR197/011/SRR19762911/SRR19762911_2.fastq.gz	35334040c23532feaa40bd35cb714f53	MAGE RNA-seq	sequence	mRNA	NA19752	Mexican Ancestry in Los Angeles, California	https://ftp.1000genomes.ebi.ac.uk/vol1/ftp/data_collections/mage_rnaseq/
ftp://ftp.sra.ebi.ac.uk/vol1/fastq/SRR197/052/SRR19762252/SRR19762252_1.fastq.gz	aea360c360e406db4a16d0538558ab89	MAGE RNA-seq	sequence	mRNA	HG03695	Sri Lankan Tamil in the UK	https://ftp.1000genomes.ebi.ac.uk/vol1/ftp/data_collections/mage_rnaseq/
ftp://ftp.sra.ebi.ac.uk/vol1/fastq/SRR197/052/SRR19762252/SRR19762252_2.fastq.gz	aea360c360e406db4a16d0538558ab89	MAGE RNA-seq	sequence	mRNA	HG03695	Sri Lankan Tamil in the UK	https://ftp.1000genomes.ebi.ac.uk/vol1/ftp/data_collections/mage_rnaseq/
ftp://ftp.sra.ebi.ac.uk/vol1/fastq/SRR197/012/SRR19762912/SRR19762912_1.fastq.gz	004fb858b0da608c9606170ce6c0051a	MAGE RNA-seq	sequence	mRNA	HG00337	Finnish in Finland	https://ftp.1000genomes.ebi.ac.uk/vol1/ftp/data_collections/mage_rnaseq/
ftp://ftp.sra.ebi.ac.uk/vol1/fastq/SRR197/012/SRR19762912/SRR19762912_2.fastq.gz	004fb858b0da608c9606170ce6c0051a	MAGE RNA-seq	sequence	mRNA	HG00337	Finnish in Finland	https://ftp.1000genomes.ebi.ac.uk/vol1/ftp/data_collections/mage_rnaseq/
ftp://ftp.sra.ebi.ac.uk/vol1/fastq/SRR197/054/SRR19762254/SRR19762254_1.fastq.gz	812aa24d8095b5175f29f1ffdbfee2d1	MAGE RNA-seq	sequence	mRNA	HG03668	Punjabi in Lahore, Pakistan	https://ftp.1000genomes.ebi.ac.uk/vol1/ftp/data_collections/mage_rnaseq/
ftp://ftp.sra.ebi.ac.uk/vol1/fastq/SRR197/054/SRR19762254/SRR19762254_2.fastq.gz	812aa24d8095b5175f29f1ffdbfee2d1	MAGE RNA-seq	sequence	mRNA	HG03668	Punjabi in Lahore, Pakistan	https://ftp.1000genomes.ebi.ac.uk/vol1/ftp/data_collections/mage_rnaseq/
ftp://ftp.sra.ebi.ac.uk/vol1/fastq/SRR197/013/SRR19762913/SRR19762913_1.fastq.gz	56e875ba1e0467d077ee7d5431de3653	MAGE RNA-seq	sequence	mRNA	NA19723	Mexican Ancestry in Los Angeles, California	https://ftp.1000genomes.ebi.ac.uk/vol1/ftp/data_collections/mage_rnaseq/
ftp://ftp.sra.ebi.ac.uk/vol1/fastq/SRR197/013/SRR19762913/SRR19762913_2.fastq.gz	56e875ba1e0467d077ee7d5431de3653	MAGE RNA-seq	sequence	mRNA	NA19723	Mexican Ancestry in Los Angeles, California	https://ftp.1000genomes.ebi.ac.uk/vol1/ftp/data_collections/mage_rnaseq/
ftp://ftp.sra.ebi.ac.uk/vol1/fastq/SRR197/056/SRR19762256/SRR19762256_1.fastq.gz	b32b55e404af0a5bf595871eedc558e8	MAGE RNA-seq	sequence	mRNA	HG03279	Esan in Nigeria	https://ftp.1000genomes.ebi.ac.uk/vol1/ftp/data_collections/mage_rnaseq/
ftp://ftp.sra.ebi.ac.uk/vol1/fastq/SRR197/056/SRR19762256/SRR19762256_2.fastq.gz	b32b55e404af0a5bf595871eedc558e8	MAGE RNA-seq	sequence	mRNA	HG03279	Esan in Nigeria	https://ftp.1000genomes.ebi.ac.uk/vol1/ftp/data_collections/mage_rnaseq/
ftp://ftp.sra.ebi.ac.uk/vol1/fastq/SRR197/014/SRR19762914/SRR19762914_1.fastq.gz	60b8572ddcbd965544a88aa2771c9138	MAGE RNA-seq	sequence	mRNA	HG00551	Puerto Rican in Puerto Rico	https://ftp.1000genomes.ebi.ac.uk/vol1/ftp/data_collections/mage_rnaseq/
ftp://ftp.sra.ebi.ac.uk/vol1/fastq/SRR197/014/SRR19762914/SRR19762914_2.fastq.gz	60b8572ddcbd965544a88aa2771c9138	MAGE RNA-seq	sequence	mRNA	HG00551	Puerto Rican in Puerto Rico	https://ftp.1000genomes.ebi.ac.uk/vol1/ftp/data_collections/mage_rnaseq/
ftp://ftp.sra.ebi.ac.uk/vol1/fastq/SRR197/066/SRR19762266/SRR19762266_1.fastq.gz	e305226bf031a6a8eeb71c1651ed0ce3	MAGE RNA-seq	sequence	mRNA	HG03166	Esan in Nigeria	https://ftp.1000genomes.ebi.ac.uk/vol1/ftp/data_collections/mage_rnaseq/
ftp://ftp.sra.ebi.ac.uk/vol1/fastq/SRR197/066/SRR19762266/SRR19762266_2.fastq.gz	e305226bf031a6a8eeb71c1651ed0ce3	MAGE RNA-seq	sequence	mRNA	HG03166	Esan in Nigeria	https://ftp.1000genomes.ebi.ac.uk/vol1/ftp/data_collections/mage_rnaseq/
ftp://ftp.sra.ebi.ac.uk/vol1/fastq/SRR197/017/SRR19762917/SRR19762917_1.fastq.gz	84f526e51b687115f7527e3c35a2937b	MAGE RNA-seq	sequence	mRNA	HG00537	Han Chinese South	https://ftp.1000genomes.ebi.ac.uk/vol1/ftp/data_collections/mage_rnaseq/
ftp://ftp.sra.ebi.ac.uk/vol1/fastq/SRR197/017/SRR19762917/SRR19762917_2.fastq.gz	84f526e51b687115f7527e3c35a2937b	MAGE RNA-seq	sequence	mRNA	HG00537	Han Chinese South	https://ftp.1000genomes.ebi.ac.uk/vol1/ftp/data_collections/mage_rnaseq/
ftp://ftp.sra.ebi.ac.uk/vol1/fastq/SRR197/067/SRR19762267/SRR19762267_1.fastq.gz	cab09bdc673ce8510a6cfe1eadc6e82b	MAGE RNA-seq	sequence	mRNA	HG03225	Mende in Sierra Leone	https://ftp.1000genomes.ebi.ac.uk/vol1/ftp/data_collections/mage_rnaseq/
ftp://ftp.sra.ebi.ac.uk/vol1/fastq/SRR197/067/SRR19762267/SRR19762267_2.fastq.gz	cab09bdc673ce8510a6cfe1eadc6e82b	MAGE RNA-seq	sequence	mRNA	HG03225	Mende in Sierra Leone	https://ftp.1000genomes.ebi.ac.uk/vol1/ftp/data_collections/mage_rnaseq/
ftp://ftp.sra.ebi.ac.uk/vol1/fastq/SRR197/018/SRR19762918/SRR19762918_1.fastq.gz	08c6fcfc5ddaf66e9937ec759ba2d42e	MAGE RNA-seq	sequence	mRNA	HG00553	Puerto Rican in Puerto Rico	https://ftp.1000genomes.ebi.ac.uk/vol1/ftp/data_collections/mage_rnaseq/
ftp://ftp.sra.ebi.ac.uk/vol1/fastq/SRR197/018/SRR19762918/SRR19762918_2.fastq.gz	08c6fcfc5ddaf66e9937ec759ba2d42e	MAGE RNA-seq	sequence	mRNA	HG00553	Puerto Rican in Puerto Rico	https://ftp.1000genomes.ebi.ac.uk/vol1/ftp/data_collections/mage_rnaseq/
ftp://ftp.sra.ebi.ac.uk/vol1/fastq/SRR197/068/SRR19762268/SRR19762268_1.fastq.gz	3fcbe9e165d8301dc3603cfd33131dad	MAGE RNA-seq	sequence	mRNA	HG03135	Esan in Nigeria	https://ftp.1000genomes.ebi.ac.uk/vol1/ftp/data_collections/mage_rnaseq/
ftp://ftp.sra.ebi.ac.uk/vol1/fastq/SRR197/068/SRR19762268/SRR19762268_2.fastq.gz	3fcbe9e165d8301dc3603cfd33131dad	MAGE RNA-seq	sequence	mRNA	HG03135	Esan in Nigeria	https://ftp.1000genomes.ebi.ac.uk/vol1/ftp/data_collections/mage_rnaseq/
ftp://ftp.sra.ebi.ac.uk/vol1/fastq/SRR197/023/SRR19762923/SRR19762923_1.fastq.gz	2a84444d8cecd690d2b9772a9b788d68	MAGE RNA-seq	sequence	mRNA	NA21130	Gujarati Indians in Houston, TX	https://ftp.1000genomes.ebi.ac.uk/vol1/ftp/data_collections/mage_rnaseq/
ftp://ftp.sra.ebi.ac.uk/vol1/fastq/SRR197/023/SRR19762923/SRR19762923_2.fastq.gz	2a84444d8cecd690d2b9772a9b788d68	MAGE RNA-seq	sequence	mRNA	NA21130	Gujarati Indians in Houston, TX	https://ftp.1000genomes.ebi.ac.uk/vol1/ftp/data_collections/mage_rnaseq/
ftp://ftp.sra.ebi.ac.uk/vol1/fastq/SRR197/070/SRR19762270/SRR19762270_1.fastq.gz	95f16cac188d3a4198ecc6eee6c67e02	MAGE RNA-seq	sequence	mRNA	NA21120	Gujarati Indians in Houston, TX	https://ftp.1000genomes.ebi.ac.uk/vol1/ftp/data_collections/mage_rnaseq/
ftp://ftp.sra.ebi.ac.uk/vol1/fastq/SRR197/070/SRR19762270/SRR19762270_2.fastq.gz	95f16cac188d3a4198ecc6eee6c67e02	MAGE RNA-seq	sequence	mRNA	NA21120	Gujarati Indians in Houston, TX	https://ftp.1000genomes.ebi.ac.uk/vol1/ftp/data_collections/mage_rnaseq/
ftp://ftp.sra.ebi.ac.uk/vol1/fastq/SRR197/034/SRR19762934/SRR19762934_1.fastq.gz	02f79cabef5c6d056f3ba66547cf7476	MAGE RNA-seq	sequence	mRNA	NA20332	African Ancestry in Southwest US	https://ftp.1000genomes.ebi.ac.uk/vol1/ftp/data_collections/mage_rnaseq/
ftp://ftp.sra.ebi.ac.uk/vol1/fastq/SRR197/034/SRR19762934/SRR19762934_2.fastq.gz	02f79cabef5c6d056f3ba66547cf7476	MAGE RNA-seq	sequence	mRNA	NA20332	African Ancestry in Southwest US	https://ftp.1000genomes.ebi.ac.uk/vol1/ftp/data_collections/mage_rnaseq/
ftp://ftp.sra.ebi.ac.uk/vol1/fastq/SRR197/071/SRR19762271/SRR19762271_1.fastq.gz	69db41626184060785235b16a8b38ce2	MAGE RNA-seq	sequence	mRNA	NA21111	Gujarati Indians in Houston, TX	https://ftp.1000genomes.ebi.ac.uk/vol1/ftp/data_collections/mage_rnaseq/
ftp://ftp.sra.ebi.ac.uk/vol1/fastq/SRR197/071/SRR19762271/SRR19762271_2.fastq.gz	69db41626184060785235b16a8b38ce2	MAGE RNA-seq	sequence	mRNA	NA21111	Gujarati Indians in Houston, TX	https://ftp.1000genomes.ebi.ac.uk/vol1/ftp/data_collections/mage_rnaseq/
ftp://ftp.sra.ebi.ac.uk/vol1/fastq/SRR197/036/SRR19762936/SRR19762936_1.fastq.gz	32d785723ab209a1ecaf6d4edb597bd2	MAGE RNA-seq	sequence	mRNA	NA20314	African Ancestry in Southwest US	https://ftp.1000genomes.ebi.ac.uk/vol1/ftp/data_collections/mage_rnaseq/
ftp://ftp.sra.ebi.ac.uk/vol1/fastq/SRR197/036/SRR19762936/SRR19762936_2.fastq.gz	32d785723ab209a1ecaf6d4edb597bd2	MAGE RNA-seq	sequence	mRNA	NA20314	African Ancestry in Southwest US	https://ftp.1000genomes.ebi.ac.uk/vol1/ftp/data_collections/mage_rnaseq/
ftp://ftp.sra.ebi.ac.uk/vol1/fastq/SRR197/072/SRR19762272/SRR19762272_1.fastq.gz	bbe89002b2918f8643668f8f34bd170b	MAGE RNA-seq	sequence	mRNA	NA21110	Gujarati Indians in Houston, TX	https://ftp.1000genomes.ebi.ac.uk/vol1/ftp/data_collections/mage_rnaseq/
ftp://ftp.sra.ebi.ac.uk/vol1/fastq/SRR197/072/SRR19762272/SRR19762272_2.fastq.gz	bbe89002b2918f8643668f8f34bd170b	MAGE RNA-seq	sequence	mRNA	NA21110	Gujarati Indians in Houston, TX	https://ftp.1000genomes.ebi.ac.uk/vol1/ftp/data_collections/mage_rnaseq/
ftp://ftp.sra.ebi.ac.uk/vol1/fastq/SRR197/074/SRR19762274/SRR19762274_1.fastq.gz	a25254e1703e784d24bca908dcb65d5d	MAGE RNA-seq	sequence	mRNA	NA21124	Gujarati Indians in Houston, TX	https://ftp.1000genomes.ebi.ac.uk/vol1/ftp/data_collections/mage_rnaseq/
ftp://ftp.sra.ebi.ac.uk/vol1/fastq/SRR197/074/SRR19762274/SRR19762274_2.fastq.gz	a25254e1703e784d24bca908dcb65d5d	MAGE RNA-seq	sequence	mRNA	NA21124	Gujarati Indians in Houston, TX	https://ftp.1000genomes.ebi.ac.uk/vol1/ftp/data_collections/mage_rnaseq/
ftp://ftp.sra.ebi.ac.uk/vol1/fastq/SRR197/041/SRR19762941/SRR19762941_1.fastq.gz	610f7934a92a1e56346161fb61a354ff	MAGE RNA-seq	sequence	mRNA	HG00342	Finnish in Finland	https://ftp.1000genomes.ebi.ac.uk/vol1/ftp/data_collections/mage_rnaseq/
ftp://ftp.sra.ebi.ac.uk/vol1/fastq/SRR197/041/SRR19762941/SRR19762941_2.fastq.gz	610f7934a92a1e56346161fb61a354ff	MAGE RNA-seq	sequence	mRNA	HG00342	Finnish in Finland	https://ftp.1000genomes.ebi.ac.uk/vol1/ftp/data_collections/mage_rnaseq/
ftp://ftp.sra.ebi.ac.uk/vol1/fastq/SRR197/075/SRR19762275/SRR19762275_1.fastq.gz	2f855cadabcf3f0136d2bf2d4a0fba7a	MAGE RNA-seq	sequence	mRNA	NA21098	Gujarati Indians in Houston, TX	https://ftp.1000genomes.ebi.ac.uk/vol1/ftp/data_collections/mage_rnaseq/
ftp://ftp.sra.ebi.ac.uk/vol1/fastq/SRR197/075/SRR19762275/SRR19762275_2.fastq.gz	2f855cadabcf3f0136d2bf2d4a0fba7a	MAGE RNA-seq	sequence	mRNA	NA21098	Gujarati Indians in Houston, TX	https://ftp.1000genomes.ebi.ac.uk/vol1/ftp/data_collections/mage_rnaseq/
ftp://ftp.sra.ebi.ac.uk/vol1/fastq/SRR197/042/SRR19762942/SRR19762942_1.fastq.gz	4aa6784cccd01f21027754189aa04d09	MAGE RNA-seq	sequence	mRNA	NA19117	Yoruba in Ibadan, Nigeria	https://ftp.1000genomes.ebi.ac.uk/vol1/ftp/data_collections/mage_rnaseq/
ftp://ftp.sra.ebi.ac.uk/vol1/fastq/SRR197/042/SRR19762942/SRR19762942_2.fastq.gz	4aa6784cccd01f21027754189aa04d09	MAGE RNA-seq	sequence	mRNA	NA19117	Yoruba in Ibadan, Nigeria	https://ftp.1000genomes.ebi.ac.uk/vol1/ftp/data_collections/mage_rnaseq/
ftp://ftp.sra.ebi.ac.uk/vol1/fastq/SRR197/080/SRR19762280/SRR19762280_1.fastq.gz	9cdeefe13aa921ceb94d993703014fe9	MAGE RNA-seq	sequence	mRNA	NA20889	Gujarati Indians in Houston, TX	https://ftp.1000genomes.ebi.ac.uk/vol1/ftp/data_collections/mage_rnaseq/
ftp://ftp.sra.ebi.ac.uk/vol1/fastq/SRR197/080/SRR19762280/SRR19762280_2.fastq.gz	9cdeefe13aa921ceb94d993703014fe9	MAGE RNA-seq	sequence	mRNA	NA20889	Gujarati Indians in Houston, TX	https://ftp.1000genomes.ebi.ac.uk/vol1/ftp/data_collections/mage_rnaseq/
ftp://ftp.sra.ebi.ac.uk/vol1/fastq/SRR197/081/SRR19762281/SRR19762281_1.fastq.gz	6399e4dd61e4db6b5260d2848c000660	MAGE RNA-seq	sequence	mRNA	NA20902	Gujarati Indians in Houston, TX	https://ftp.1000genomes.ebi.ac.uk/vol1/ftp/data_collections/mage_rnaseq/
ftp://ftp.sra.ebi.ac.uk/vol1/fastq/SRR197/081/SRR19762281/SRR19762281_2.fastq.gz	6399e4dd61e4db6b5260d2848c000660	MAGE RNA-seq	sequence	mRNA	NA20902	Gujarati Indians in Houston, TX	https://ftp.1000genomes.ebi.ac.uk/vol1/ftp/data_collections/mage_rnaseq/
ftp://ftp.sra.ebi.ac.uk/vol1/fastq/SRR197/082/SRR19762282/SRR19762282_1.fastq.gz	f9d4585d54069413da6adb5b682a5ad7	MAGE RNA-seq	sequence	mRNA	NA20884	Gujarati Indians in Houston, TX	https://ftp.1000genomes.ebi.ac.uk/vol1/ftp/data_collections/mage_rnaseq/
ftp://ftp.sra.ebi.ac.uk/vol1/fastq/SRR197/082/SRR19762282/SRR19762282_2.fastq.gz	f9d4585d54069413da6adb5b682a5ad7	MAGE RNA-seq	sequence	mRNA	NA20884	Gujarati Indians in Houston, TX	https://ftp.1000genomes.ebi.ac.uk/vol1/ftp/data_collections/mage_rnaseq/
ftp://ftp.sra.ebi.ac.uk/vol1/fastq/SRR197/085/SRR19762285/SRR19762285_1.fastq.gz	7b4fe0927397f9fe9c6da3056928f279	MAGE RNA-seq	sequence	mRNA	NA19982	African Ancestry in Southwest US	https://ftp.1000genomes.ebi.ac.uk/vol1/ftp/data_collections/mage_rnaseq/
ftp://ftp.sra.ebi.ac.uk/vol1/fastq/SRR197/085/SRR19762285/SRR19762285_2.fastq.gz	7b4fe0927397f9fe9c6da3056928f279	MAGE RNA-seq	sequence	mRNA	NA19982	African Ancestry in Southwest US	https://ftp.1000genomes.ebi.ac.uk/vol1/ftp/data_collections/mage_rnaseq/
ftp://ftp.sra.ebi.ac.uk/vol1/fastq/SRR197/091/SRR19762291/SRR19762291_1.fastq.gz	3a8d424f2b080c6f7f8d2f3739144647	MAGE RNA-seq	sequence	mRNA	NA19908	African Ancestry in Southwest US	https://ftp.1000genomes.ebi.ac.uk/vol1/ftp/data_collections/mage_rnaseq/
ftp://ftp.sra.ebi.ac.uk/vol1/fastq/SRR197/091/SRR19762291/SRR19762291_2.fastq.gz	3a8d424f2b080c6f7f8d2f3739144647	MAGE RNA-seq	sequence	mRNA	NA19908	African Ancestry in Southwest US	https://ftp.1000genomes.ebi.ac.uk/vol1/ftp/data_collections/mage_rnaseq/
ftp://ftp.sra.ebi.ac.uk/vol1/fastq/SRR197/093/SRR19762293/SRR19762293_1.fastq.gz	85e41da84c3df40c3d4f25e572a7b613	MAGE RNA-seq	sequence	mRNA	HG00342	Finnish in Finland	https://ftp.1000genomes.ebi.ac.uk/vol1/ftp/data_collections/mage_rnaseq/
ftp://ftp.sra.ebi.ac.uk/vol1/fastq/SRR197/093/SRR19762293/SRR19762293_2.fastq.gz	85e41da84c3df40c3d4f25e572a7b613	MAGE RNA-seq	sequence	mRNA	HG00342	Finnish in Finland	https://ftp.1000genomes.ebi.ac.uk/vol1/ftp/data_collections/mage_rnaseq/
ftp://ftp.sra.ebi.ac.uk/vol1/fastq/SRR197/094/SRR19762294/SRR19762294_1.fastq.gz	e30d37513d0325cb23892fd4cc178bfd	MAGE RNA-seq	sequence	mRNA	NA19904	African Ancestry in Southwest US	https://ftp.1000genomes.ebi.ac.uk/vol1/ftp/data_collections/mage_rnaseq/
ftp://ftp.sra.ebi.ac.uk/vol1/fastq/SRR197/094/SRR19762294/SRR19762294_2.fastq.gz	e30d37513d0325cb23892fd4cc178bfd	MAGE RNA-seq	sequence	mRNA	NA19904	African Ancestry in Southwest US	https://ftp.1000genomes.ebi.ac.uk/vol1/ftp/data_collections/mage_rnaseq/
ftp://ftp.sra.ebi.ac.uk/vol1/fastq/SRR197/096/SRR19762296/SRR19762296_1.fastq.gz	230b6547e0960f84fb62b2b93e497ca0	MAGE RNA-seq	sequence	mRNA	NA19835	African Ancestry in Southwest US	https://ftp.1000genomes.ebi.ac.uk/vol1/ftp/data_collections/mage_rnaseq/
ftp://ftp.sra.ebi.ac.uk/vol1/fastq/SRR197/096/SRR19762296/SRR19762296_2.fastq.gz	230b6547e0960f84fb62b2b93e497ca0	MAGE RNA-seq	sequence	mRNA	NA19835	African Ancestry in Southwest US	https://ftp.1000genomes.ebi.ac.uk/vol1/ftp/data_collections/mage_rnaseq/
ftp://ftp.sra.ebi.ac.uk/vol1/fastq/SRR197/097/SRR19762297/SRR19762297_1.fastq.gz	f7958da3bb074e81b9a633fe4b31915b	MAGE RNA-seq	sequence	mRNA	NA19818	African Ancestry in Southwest US	https://ftp.1000genomes.ebi.ac.uk/vol1/ftp/data_collections/mage_rnaseq/
ftp://ftp.sra.ebi.ac.uk/vol1/fastq/SRR197/097/SRR19762297/SRR19762297_2.fastq.gz	f7958da3bb074e81b9a633fe4b31915b	MAGE RNA-seq	sequence	mRNA	NA19818	African Ancestry in Southwest US	https://ftp.1000genomes.ebi.ac.uk/vol1/ftp/data_collections/mage_rnaseq/
ftp://ftp.sra.ebi.ac.uk/vol1/fastq/SRR197/099/SRR19762299/SRR19762299_1.fastq.gz	7163ffdda9956dcec0f03f5d8af146e6	MAGE RNA-seq	sequence	mRNA	NA19657	Mexican Ancestry in Los Angeles, California	https://ftp.1000genomes.ebi.ac.uk/vol1/ftp/data_collections/mage_rnaseq/
ftp://ftp.sra.ebi.ac.uk/vol1/fastq/SRR197/099/SRR19762299/SRR19762299_2.fastq.gz	7163ffdda9956dcec0f03f5d8af146e6	MAGE RNA-seq	sequence	mRNA	NA19657	Mexican Ancestry in Los Angeles, California	https://ftp.1000genomes.ebi.ac.uk/vol1/ftp/data_collections/mage_rnaseq/
ftp://ftp.sra.ebi.ac.uk/vol1/fastq/SRR197/001/SRR19762301/SRR19762301_1.fastq.gz	2a08c8b651bc920075761e73b1bcad6b	MAGE RNA-seq	sequence	mRNA	HG00335	Finnish in Finland	https://ftp.1000genomes.ebi.ac.uk/vol1/ftp/data_collections/mage_rnaseq/
ftp://ftp.sra.ebi.ac.uk/vol1/fastq/SRR197/001/SRR19762301/SRR19762301_2.fastq.gz	2a08c8b651bc920075761e73b1bcad6b	MAGE RNA-seq	sequence	mRNA	HG00335	Finnish in Finland	https://ftp.1000genomes.ebi.ac.uk/vol1/ftp/data_collections/mage_rnaseq/
ftp://ftp.sra.ebi.ac.uk/vol1/fastq/SRR197/006/SRR19762306/SRR19762306_1.fastq.gz	6a81aeda3dc863118588772475dc6796	MAGE RNA-seq	sequence	mRNA	NA19451	Luhya in Webuye, Kenya	https://ftp.1000genomes.ebi.ac.uk/vol1/ftp/data_collections/mage_rnaseq/
ftp://ftp.sra.ebi.ac.uk/vol1/fastq/SRR197/006/SRR19762306/SRR19762306_2.fastq.gz	6a81aeda3dc863118588772475dc6796	MAGE RNA-seq	sequence	mRNA	NA19451	Luhya in Webuye, Kenya	https://ftp.1000genomes.ebi.ac.uk/vol1/ftp/data_collections/mage_rnaseq/
ftp://ftp.sra.ebi.ac.uk/vol1/fastq/SRR197/009/SRR19762309/SRR19762309_1.fastq.gz	f5a5d1d4df135812e778c9c03eb6b8b8	MAGE RNA-seq	sequence	mRNA	NA19625	African Ancestry in Southwest US	https://ftp.1000genomes.ebi.ac.uk/vol1/ftp/data_collections/mage_rnaseq/
ftp://ftp.sra.ebi.ac.uk/vol1/fastq/SRR197/009/SRR19762309/SRR19762309_2.fastq.gz	f5a5d1d4df135812e778c9c03eb6b8b8	MAGE RNA-seq	sequence	mRNA	NA19625	African Ancestry in Southwest US	https://ftp.1000genomes.ebi.ac.uk/vol1/ftp/data_collections/mage_rnaseq/
ftp://ftp.sra.ebi.ac.uk/vol1/fastq/SRR197/013/SRR19762313/SRR19762313_1.fastq.gz	1ab8e904b4752ce1978e1b78bb3687fa	MAGE RNA-seq	sequence	mRNA	NA19064	Japanese in Tokyo, Japan	https://ftp.1000genomes.ebi.ac.uk/vol1/ftp/data_collections/mage_rnaseq/
ftp://ftp.sra.ebi.ac.uk/vol1/fastq/SRR197/013/SRR19762313/SRR19762313_2.fastq.gz	1ab8e904b4752ce1978e1b78bb3687fa	MAGE RNA-seq	sequence	mRNA	NA19064	Japanese in Tokyo, Japan	https://ftp.1000genomes.ebi.ac.uk/vol1/ftp/data_collections/mage_rnaseq/
ftp://ftp.sra.ebi.ac.uk/vol1/fastq/SRR197/014/SRR19762314/SRR19762314_1.fastq.gz	91fc2942bd3f93a2bb0432d16ee29ac0	MAGE RNA-seq	sequence	mRNA	NA20875	Gujarati Indians in Houston, TX	https://ftp.1000genomes.ebi.ac.uk/vol1/ftp/data_collections/mage_rnaseq/
ftp://ftp.sra.ebi.ac.uk/vol1/fastq/SRR197/014/SRR19762314/SRR19762314_2.fastq.gz	91fc2942bd3f93a2bb0432d16ee29ac0	MAGE RNA-seq	sequence	mRNA	NA20875	Gujarati Indians in Houston, TX	https://ftp.1000genomes.ebi.ac.uk/vol1/ftp/data_collections/mage_rnaseq/
ftp://ftp.sra.ebi.ac.uk/vol1/fastq/SRR197/017/SRR19762317/SRR19762317_1.fastq.gz	72e8f6c6bc3e8a54644f6f6c81b738cd	MAGE RNA-seq	sequence	mRNA	NA20872	Gujarati Indians in Houston, TX	https://ftp.1000genomes.ebi.ac.uk/vol1/ftp/data_collections/mage_rnaseq/
ftp://ftp.sra.ebi.ac.uk/vol1/fastq/SRR197/017/SRR19762317/SRR19762317_2.fastq.gz	72e8f6c6bc3e8a54644f6f6c81b738cd	MAGE RNA-seq	sequence	mRNA	NA20872	Gujarati Indians in Houston, TX	https://ftp.1000genomes.ebi.ac.uk/vol1/ftp/data_collections/mage_rnaseq/
ftp://ftp.sra.ebi.ac.uk/vol1/fastq/SRR197/021/SRR19762321/SRR19762321_1.fastq.gz	d321ad382ac64a9e66fe4048afa93bbc	MAGE RNA-seq	sequence	mRNA	NA20859	Gujarati Indians in Houston, TX	https://ftp.1000genomes.ebi.ac.uk/vol1/ftp/data_collections/mage_rnaseq/
ftp://ftp.sra.ebi.ac.uk/vol1/fastq/SRR197/021/SRR19762321/SRR19762321_2.fastq.gz	d321ad382ac64a9e66fe4048afa93bbc	MAGE RNA-seq	sequence	mRNA	NA20859	Gujarati Indians in Houston, TX	https://ftp.1000genomes.ebi.ac.uk/vol1/ftp/data_collections/mage_rnaseq/
ftp://ftp.sra.ebi.ac.uk/vol1/fastq/SRR197/024/SRR19762324/SRR19762324_1.fastq.gz	c0f15959f7b8a0ab214216b68c9c9c20	MAGE RNA-seq	sequence	mRNA	NA20856	Gujarati Indians in Houston, TX	https://ftp.1000genomes.ebi.ac.uk/vol1/ftp/data_collections/mage_rnaseq/
ftp://ftp.sra.ebi.ac.uk/vol1/fastq/SRR197/024/SRR19762324/SRR19762324_2.fastq.gz	c0f15959f7b8a0ab214216b68c9c9c20	MAGE RNA-seq	sequence	mRNA	NA20856	Gujarati Indians in Houston, TX	https://ftp.1000genomes.ebi.ac.uk/vol1/ftp/data_collections/mage_rnaseq/
ftp://ftp.sra.ebi.ac.uk/vol1/fastq/SRR197/027/SRR19762327/SRR19762327_1.fastq.gz	230e6d14c44a0d896560b571eb23cdd1	MAGE RNA-seq	sequence	mRNA	NA20827	Toscani in Italy	https://ftp.1000genomes.ebi.ac.uk/vol1/ftp/data_collections/mage_rnaseq/
ftp://ftp.sra.ebi.ac.uk/vol1/fastq/SRR197/027/SRR19762327/SRR19762327_2.fastq.gz	230e6d14c44a0d896560b571eb23cdd1	MAGE RNA-seq	sequence	mRNA	NA20827	Toscani in Italy	https://ftp.1000genomes.ebi.ac.uk/vol1/ftp/data_collections/mage_rnaseq/
ftp://ftp.sra.ebi.ac.uk/vol1/fastq/SRR197/028/SRR19762328/SRR19762328_1.fastq.gz	0b08387811b08f46f680c706c4c37322	MAGE RNA-seq	sequence	mRNA	NA20822	Toscani in Italy	https://ftp.1000genomes.ebi.ac.uk/vol1/ftp/data_collections/mage_rnaseq/
ftp://ftp.sra.ebi.ac.uk/vol1/fastq/SRR197/028/SRR19762328/SRR19762328_2.fastq.gz	0b08387811b08f46f680c706c4c37322	MAGE RNA-seq	sequence	mRNA	NA20822	Toscani in Italy	https://ftp.1000genomes.ebi.ac.uk/vol1/ftp/data_collections/mage_rnaseq/
ftp://ftp.sra.ebi.ac.uk/vol1/fastq/SRR197/030/SRR19762330/SRR19762330_1.fastq.gz	5325368a35b9c943e3fab3f257dd3f65	MAGE RNA-seq	sequence	mRNA	NA20815	Toscani in Italy	https://ftp.1000genomes.ebi.ac.uk/vol1/ftp/data_collections/mage_rnaseq/
ftp://ftp.sra.ebi.ac.uk/vol1/fastq/SRR197/030/SRR19762330/SRR19762330_2.fastq.gz	5325368a35b9c943e3fab3f257dd3f65	MAGE RNA-seq	sequence	mRNA	NA20815	Toscani in Italy	https://ftp.1000genomes.ebi.ac.uk/vol1/ftp/data_collections/mage_rnaseq/
ftp://ftp.sra.ebi.ac.uk/vol1/fastq/SRR197/032/SRR19762332/SRR19762332_1.fastq.gz	2c42f89919118814e750f8108dc4678f	MAGE RNA-seq	sequence	mRNA	HG00382	Finnish in Finland	https://ftp.1000genomes.ebi.ac.uk/vol1/ftp/data_collections/mage_rnaseq/
ftp://ftp.sra.ebi.ac.uk/vol1/fastq/SRR197/032/SRR19762332/SRR19762332_2.fastq.gz	2c42f89919118814e750f8108dc4678f	MAGE RNA-seq	sequence	mRNA	HG00382	Finnish in Finland	https://ftp.1000genomes.ebi.ac.uk/vol1/ftp/data_collections/mage_rnaseq/
ftp://ftp.sra.ebi.ac.uk/vol1/fastq/SRR197/033/SRR19762333/SRR19762333_1.fastq.gz	7143415b4a05f8944d5f869827468451	MAGE RNA-seq	sequence	mRNA	NA20815	Toscani in Italy	https://ftp.1000genomes.ebi.ac.uk/vol1/ftp/data_collections/mage_rnaseq/
ftp://ftp.sra.ebi.ac.uk/vol1/fastq/SRR197/033/SRR19762333/SRR19762333_2.fastq.gz	7143415b4a05f8944d5f869827468451	MAGE RNA-seq	sequence	mRNA	NA20815	Toscani in Italy	https://ftp.1000genomes.ebi.ac.uk/vol1/ftp/data_collections/mage_rnaseq/
ftp://ftp.sra.ebi.ac.uk/vol1/fastq/SRR197/034/SRR19762334/SRR19762334_1.fastq.gz	67e591f438998333cd04edd8d238b3b9	MAGE RNA-seq	sequence	mRNA	NA20811	Toscani in Italy	https://ftp.1000genomes.ebi.ac.uk/vol1/ftp/data_collections/mage_rnaseq/
ftp://ftp.sra.ebi.ac.uk/vol1/fastq/SRR197/034/SRR19762334/SRR19762334_2.fastq.gz	67e591f438998333cd04edd8d238b3b9	MAGE RNA-seq	sequence	mRNA	NA20811	Toscani in Italy	https://ftp.1000genomes.ebi.ac.uk/vol1/ftp/data_collections/mage_rnaseq/
ftp://ftp.sra.ebi.ac.uk/vol1/fastq/SRR197/040/SRR19762340/SRR19762340_1.fastq.gz	bd66f06ceab20a3bffbcb462714c2481	MAGE RNA-seq	sequence	mRNA	NA20790	Toscani in Italy	https://ftp.1000genomes.ebi.ac.uk/vol1/ftp/data_collections/mage_rnaseq/
ftp://ftp.sra.ebi.ac.uk/vol1/fastq/SRR197/040/SRR19762340/SRR19762340_2.fastq.gz	bd66f06ceab20a3bffbcb462714c2481	MAGE RNA-seq	sequence	mRNA	NA20790	Toscani in Italy	https://ftp.1000genomes.ebi.ac.uk/vol1/ftp/data_collections/mage_rnaseq/
ftp://ftp.sra.ebi.ac.uk/vol1/fastq/SRR197/049/SRR19762349/SRR19762349_1.fastq.gz	a110c55f55edeafed90985bde3361b22	MAGE RNA-seq	sequence	mRNA	HG00368	Finnish in Finland	https://ftp.1000genomes.ebi.ac.uk/vol1/ftp/data_collections/mage_rnaseq/
ftp://ftp.sra.ebi.ac.uk/vol1/fastq/SRR197/049/SRR19762349/SRR19762349_2.fastq.gz	a110c55f55edeafed90985bde3361b22	MAGE RNA-seq	sequence	mRNA	HG00368	Finnish in Finland	https://ftp.1000genomes.ebi.ac.uk/vol1/ftp/data_collections/mage_rnaseq/
ftp://ftp.sra.ebi.ac.uk/vol1/fastq/SRR197/052/SRR19762352/SRR19762352_1.fastq.gz	9776adb40580c87df686921fd4897039	MAGE RNA-seq	sequence	mRNA	NA20543	Toscani in Italy	https://ftp.1000genomes.ebi.ac.uk/vol1/ftp/data_collections/mage_rnaseq/
ftp://ftp.sra.ebi.ac.uk/vol1/fastq/SRR197/052/SRR19762352/SRR19762352_2.fastq.gz	9776adb40580c87df686921fd4897039	MAGE RNA-seq	sequence	mRNA	NA20543	Toscani in Italy	https://ftp.1000genomes.ebi.ac.uk/vol1/ftp/data_collections/mage_rnaseq/
ftp://ftp.sra.ebi.ac.uk/vol1/fastq/SRR197/055/SRR19762355/SRR19762355_1.fastq.gz	9d33cc81e37d51cf46b292f5d1ebe9f6	MAGE RNA-seq	sequence	mRNA	NA20533	Toscani in Italy	https://ftp.1000genomes.ebi.ac.uk/vol1/ftp/data_collections/mage_rnaseq/
ftp://ftp.sra.ebi.ac.uk/vol1/fastq/SRR197/055/SRR19762355/SRR19762355_2.fastq.gz	9d33cc81e37d51cf46b292f5d1ebe9f6	MAGE RNA-seq	sequence	mRNA	NA20533	Toscani in Italy	https://ftp.1000genomes.ebi.ac.uk/vol1/ftp/data_collections/mage_rnaseq/
ftp://ftp.sra.ebi.ac.uk/vol1/fastq/SRR197/063/SRR19762363/SRR19762363_1.fastq.gz	214206cf9b4a232be40653d3e0db42a8	MAGE RNA-seq	sequence	mRNA	HG00342	Finnish in Finland	https://ftp.1000genomes.ebi.ac.uk/vol1/ftp/data_collections/mage_rnaseq/
ftp://ftp.sra.ebi.ac.uk/vol1/fastq/SRR197/063/SRR19762363/SRR19762363_2.fastq.gz	214206cf9b4a232be40653d3e0db42a8	MAGE RNA-seq	sequence	mRNA	HG00342	Finnish in Finland	https://ftp.1000genomes.ebi.ac.uk/vol1/ftp/data_collections/mage_rnaseq/
ftp://ftp.sra.ebi.ac.uk/vol1/fastq/SRR197/064/SRR19762364/SRR19762364_1.fastq.gz	4d8039737db66faaba19ec99bdb62584	MAGE RNA-seq	sequence	mRNA	NA19762	Mexican Ancestry in Los Angeles, California	https://ftp.1000genomes.ebi.ac.uk/vol1/ftp/data_collections/mage_rnaseq/
ftp://ftp.sra.ebi.ac.uk/vol1/fastq/SRR197/064/SRR19762364/SRR19762364_2.fastq.gz	4d8039737db66faaba19ec99bdb62584	MAGE RNA-seq	sequence	mRNA	NA19762	Mexican Ancestry in Los Angeles, California	https://ftp.1000genomes.ebi.ac.uk/vol1/ftp/data_collections/mage_rnaseq/
ftp://ftp.sra.ebi.ac.uk/vol1/fastq/SRR197/069/SRR19762369/SRR19762369_1.fastq.gz	28f2747fbd2985bae935b113c0c7e204	MAGE RNA-seq	sequence	mRNA	NA19758	Mexican Ancestry in Los Angeles, California	https://ftp.1000genomes.ebi.ac.uk/vol1/ftp/data_collections/mage_rnaseq/
ftp://ftp.sra.ebi.ac.uk/vol1/fastq/SRR197/069/SRR19762369/SRR19762369_2.fastq.gz	28f2747fbd2985bae935b113c0c7e204	MAGE RNA-seq	sequence	mRNA	NA19758	Mexican Ancestry in Los Angeles, California	https://ftp.1000genomes.ebi.ac.uk/vol1/ftp/data_collections/mage_rnaseq/
ftp://ftp.sra.ebi.ac.uk/vol1/fastq/SRR197/071/SRR19762371/SRR19762371_1.fastq.gz	e8790712002b54f3facc569cfd0fcca3	MAGE RNA-seq	sequence	mRNA	NA19401	Luhya in Webuye, Kenya	https://ftp.1000genomes.ebi.ac.uk/vol1/ftp/data_collections/mage_rnaseq/
ftp://ftp.sra.ebi.ac.uk/vol1/fastq/SRR197/071/SRR19762371/SRR19762371_2.fastq.gz	e8790712002b54f3facc569cfd0fcca3	MAGE RNA-seq	sequence	mRNA	NA19401	Luhya in Webuye, Kenya	https://ftp.1000genomes.ebi.ac.uk/vol1/ftp/data_collections/mage_rnaseq/
ftp://ftp.sra.ebi.ac.uk/vol1/fastq/SRR197/074/SRR19762374/SRR19762374_1.fastq.gz	37d4ca42581833f5e6f1ec5a02677b2c	MAGE RNA-seq	sequence	mRNA	NA19438	Luhya in Webuye, Kenya	https://ftp.1000genomes.ebi.ac.uk/vol1/ftp/data_collections/mage_rnaseq/
ftp://ftp.sra.ebi.ac.uk/vol1/fastq/SRR197/074/SRR19762374/SRR19762374_2.fastq.gz	37d4ca42581833f5e6f1ec5a02677b2c	MAGE RNA-seq	sequence	mRNA	NA19438	Luhya in Webuye, Kenya	https://ftp.1000genomes.ebi.ac.uk/vol1/ftp/data_collections/mage_rnaseq/
ftp://ftp.sra.ebi.ac.uk/vol1/fastq/SRR197/076/SRR19762376/SRR19762376_1.fastq.gz	df6749fadc5e60c1299a0063ed836b6a	MAGE RNA-seq	sequence	mRNA	NA19385	Luhya in Webuye, Kenya	https://ftp.1000genomes.ebi.ac.uk/vol1/ftp/data_collections/mage_rnaseq/
ftp://ftp.sra.ebi.ac.uk/vol1/fastq/SRR197/076/SRR19762376/SRR19762376_2.fastq.gz	df6749fadc5e60c1299a0063ed836b6a	MAGE RNA-seq	sequence	mRNA	NA19385	Luhya in Webuye, Kenya	https://ftp.1000genomes.ebi.ac.uk/vol1/ftp/data_collections/mage_rnaseq/
ftp://ftp.sra.ebi.ac.uk/vol1/fastq/SRR197/079/SRR19762379/SRR19762379_1.fastq.gz	76950cb7f66cfedd614f0eb838df4be1	MAGE RNA-seq	sequence	mRNA	NA19351	Luhya in Webuye, Kenya	https://ftp.1000genomes.ebi.ac.uk/vol1/ftp/data_collections/mage_rnaseq/
ftp://ftp.sra.ebi.ac.uk/vol1/fastq/SRR197/079/SRR19762379/SRR19762379_2.fastq.gz	76950cb7f66cfedd614f0eb838df4be1	MAGE RNA-seq	sequence	mRNA	NA19351	Luhya in Webuye, Kenya	https://ftp.1000genomes.ebi.ac.uk/vol1/ftp/data_collections/mage_rnaseq/
ftp://ftp.sra.ebi.ac.uk/vol1/fastq/SRR197/080/SRR19762380/SRR19762380_1.fastq.gz	9373be99b21fdc5c581d955567dc9a2c	MAGE RNA-seq	sequence	mRNA	NA19355	Luhya in Webuye, Kenya	https://ftp.1000genomes.ebi.ac.uk/vol1/ftp/data_collections/mage_rnaseq/
ftp://ftp.sra.ebi.ac.uk/vol1/fastq/SRR197/080/SRR19762380/SRR19762380_2.fastq.gz	9373be99b21fdc5c581d955567dc9a2c	MAGE RNA-seq	sequence	mRNA	NA19355	Luhya in Webuye, Kenya	https://ftp.1000genomes.ebi.ac.uk/vol1/ftp/data_collections/mage_rnaseq/
ftp://ftp.sra.ebi.ac.uk/vol1/fastq/SRR197/086/SRR19762386/SRR19762386_1.fastq.gz	2d206bfa2e2d81d2576163668b949b0a	MAGE RNA-seq	sequence	mRNA	NA18982	Japanese in Tokyo, Japan	https://ftp.1000genomes.ebi.ac.uk/vol1/ftp/data_collections/mage_rnaseq/
ftp://ftp.sra.ebi.ac.uk/vol1/fastq/SRR197/086/SRR19762386/SRR19762386_2.fastq.gz	2d206bfa2e2d81d2576163668b949b0a	MAGE RNA-seq	sequence	mRNA	NA18982	Japanese in Tokyo, Japan	https://ftp.1000genomes.ebi.ac.uk/vol1/ftp/data_collections/mage_rnaseq/
ftp://ftp.sra.ebi.ac.uk/vol1/fastq/SRR197/087/SRR19762387/SRR19762387_1.fastq.gz	0f34a1c1605fd35442df08a4810b27d4	MAGE RNA-seq	sequence	mRNA	NA18995	Japanese in Tokyo, Japan	https://ftp.1000genomes.ebi.ac.uk/vol1/ftp/data_collections/mage_rnaseq/
ftp://ftp.sra.ebi.ac.uk/vol1/fastq/SRR197/087/SRR19762387/SRR19762387_2.fastq.gz	0f34a1c1605fd35442df08a4810b27d4	MAGE RNA-seq	sequence	mRNA	NA18995	Japanese in Tokyo, Japan	https://ftp.1000genomes.ebi.ac.uk/vol1/ftp/data_collections/mage_rnaseq/
ftp://ftp.sra.ebi.ac.uk/vol1/fastq/SRR197/088/SRR19762388/SRR19762388_1.fastq.gz	32c4ade8ca567ea023ff6abb2e2df9f5	MAGE RNA-seq	sequence	mRNA	NA19009	Japanese in Tokyo, Japan	https://ftp.1000genomes.ebi.ac.uk/vol1/ftp/data_collections/mage_rnaseq/
ftp://ftp.sra.ebi.ac.uk/vol1/fastq/SRR197/088/SRR19762388/SRR19762388_2.fastq.gz	32c4ade8ca567ea023ff6abb2e2df9f5	MAGE RNA-seq	sequence	mRNA	NA19009	Japanese in Tokyo, Japan	https://ftp.1000genomes.ebi.ac.uk/vol1/ftp/data_collections/mage_rnaseq/
ftp://ftp.sra.ebi.ac.uk/vol1/fastq/SRR197/092/SRR19762392/SRR19762392_1.fastq.gz	f20a2f459fccb64b90289423cc420b03	MAGE RNA-seq	sequence	mRNA	HG00320	Finnish in Finland	https://ftp.1000genomes.ebi.ac.uk/vol1/ftp/data_collections/mage_rnaseq/
ftp://ftp.sra.ebi.ac.uk/vol1/fastq/SRR197/092/SRR19762392/SRR19762392_2.fastq.gz	f20a2f459fccb64b90289423cc420b03	MAGE RNA-seq	sequence	mRNA	HG00320	Finnish in Finland	https://ftp.1000genomes.ebi.ac.uk/vol1/ftp/data_collections/mage_rnaseq/
ftp://ftp.sra.ebi.ac.uk/vol1/fastq/SRR197/096/SRR19762396/SRR19762396_1.fastq.gz	c76026ee475169315c3a1206d40b8801	MAGE RNA-seq	sequence	mRNA	NA18962	Japanese in Tokyo, Japan	https://ftp.1000genomes.ebi.ac.uk/vol1/ftp/data_collections/mage_rnaseq/
ftp://ftp.sra.ebi.ac.uk/vol1/fastq/SRR197/096/SRR19762396/SRR19762396_2.fastq.gz	c76026ee475169315c3a1206d40b8801	MAGE RNA-seq	sequence	mRNA	NA18962	Japanese in Tokyo, Japan	https://ftp.1000genomes.ebi.ac.uk/vol1/ftp/data_collections/mage_rnaseq/
ftp://ftp.sra.ebi.ac.uk/vol1/fastq/SRR197/003/SRR19762403/SRR19762403_1.fastq.gz	407ea8d4eb25ca1e9f57c4df41d75721	MAGE RNA-seq	sequence	mRNA	HG04177	Bengali in Bangladesh	https://ftp.1000genomes.ebi.ac.uk/vol1/ftp/data_collections/mage_rnaseq/
ftp://ftp.sra.ebi.ac.uk/vol1/fastq/SRR197/003/SRR19762403/SRR19762403_2.fastq.gz	407ea8d4eb25ca1e9f57c4df41d75721	MAGE RNA-seq	sequence	mRNA	HG04177	Bengali in Bangladesh	https://ftp.1000genomes.ebi.ac.uk/vol1/ftp/data_collections/mage_rnaseq/
ftp://ftp.sra.ebi.ac.uk/vol1/fastq/SRR197/008/SRR19762408/SRR19762408_1.fastq.gz	eb2fe5d9b6d9700a2d7be838881892fe	MAGE RNA-seq	sequence	mRNA	HG00265	British in England and Scotland	https://ftp.1000genomes.ebi.ac.uk/vol1/ftp/data_collections/mage_rnaseq/
ftp://ftp.sra.ebi.ac.uk/vol1/fastq/SRR197/008/SRR19762408/SRR19762408_2.fastq.gz	eb2fe5d9b6d9700a2d7be838881892fe	MAGE RNA-seq	sequence	mRNA	HG00265	British in England and Scotland	https://ftp.1000genomes.ebi.ac.uk/vol1/ftp/data_collections/mage_rnaseq/
ftp://ftp.sra.ebi.ac.uk/vol1/fastq/SRR197/015/SRR19762415/SRR19762415_1.fastq.gz	dc6d6a7e987bfaeb3e46fd21709af9f2	MAGE RNA-seq	sequence	mRNA	HG03803	Bengali in Bangladesh	https://ftp.1000genomes.ebi.ac.uk/vol1/ftp/data_collections/mage_rnaseq/
ftp://ftp.sra.ebi.ac.uk/vol1/fastq/SRR197/015/SRR19762415/SRR19762415_2.fastq.gz	dc6d6a7e987bfaeb3e46fd21709af9f2	MAGE RNA-seq	sequence	mRNA	HG03803	Bengali in Bangladesh	https://ftp.1000genomes.ebi.ac.uk/vol1/ftp/data_collections/mage_rnaseq/
ftp://ftp.sra.ebi.ac.uk/vol1/fastq/SRR197/017/SRR19762417/SRR19762417_1.fastq.gz	6af1c9108f1ae5f7d286d6eac64899ee	MAGE RNA-seq	sequence	mRNA	HG03780	Indian Telugu in the UK	https://ftp.1000genomes.ebi.ac.uk/vol1/ftp/data_collections/mage_rnaseq/
ftp://ftp.sra.ebi.ac.uk/vol1/fastq/SRR197/017/SRR19762417/SRR19762417_2.fastq.gz	6af1c9108f1ae5f7d286d6eac64899ee	MAGE RNA-seq	sequence	mRNA	HG03780	Indian Telugu in the UK	https://ftp.1000genomes.ebi.ac.uk/vol1/ftp/data_collections/mage_rnaseq/
ftp://ftp.sra.ebi.ac.uk/vol1/fastq/SRR197/018/SRR19762418/SRR19762418_1.fastq.gz	da590848c1694443069fc3b3b0bde679	MAGE RNA-seq	sequence	mRNA	HG03778	Indian Telugu in the UK	https://ftp.1000genomes.ebi.ac.uk/vol1/ftp/data_collections/mage_rnaseq/
ftp://ftp.sra.ebi.ac.uk/vol1/fastq/SRR197/018/SRR19762418/SRR19762418_2.fastq.gz	da590848c1694443069fc3b3b0bde679	MAGE RNA-seq	sequence	mRNA	HG03778	Indian Telugu in the UK	https://ftp.1000genomes.ebi.ac.uk/vol1/ftp/data_collections/mage_rnaseq/
ftp://ftp.sra.ebi.ac.uk/vol1/fastq/SRR197/022/SRR19762422/SRR19762422_1.fastq.gz	e1a97843f447cb877152a53ca7510aec	MAGE RNA-seq	sequence	mRNA	HG03765	Punjabi in Lahore, Pakistan	https://ftp.1000genomes.ebi.ac.uk/vol1/ftp/data_collections/mage_rnaseq/
ftp://ftp.sra.ebi.ac.uk/vol1/fastq/SRR197/022/SRR19762422/SRR19762422_2.fastq.gz	e1a97843f447cb877152a53ca7510aec	MAGE RNA-seq	sequence	mRNA	HG03765	Punjabi in Lahore, Pakistan	https://ftp.1000genomes.ebi.ac.uk/vol1/ftp/data_collections/mage_rnaseq/
ftp://ftp.sra.ebi.ac.uk/vol1/fastq/SRR197/023/SRR19762423/SRR19762423_1.fastq.gz	9e2905741d337107a797d1244be098f8	MAGE RNA-seq	sequence	mRNA	HG03770	Indian Telugu in the UK	https://ftp.1000genomes.ebi.ac.uk/vol1/ftp/data_collections/mage_rnaseq/
ftp://ftp.sra.ebi.ac.uk/vol1/fastq/SRR197/023/SRR19762423/SRR19762423_2.fastq.gz	9e2905741d337107a797d1244be098f8	MAGE RNA-seq	sequence	mRNA	HG03770	Indian Telugu in the UK	https://ftp.1000genomes.ebi.ac.uk/vol1/ftp/data_collections/mage_rnaseq/
ftp://ftp.sra.ebi.ac.uk/vol1/fastq/SRR197/027/SRR19762427/SRR19762427_1.fastq.gz	52105c9c19897528b2462d1e31337bab	MAGE RNA-seq	sequence	mRNA	HG03445	Mende in Sierra Leone	https://ftp.1000genomes.ebi.ac.uk/vol1/ftp/data_collections/mage_rnaseq/
ftp://ftp.sra.ebi.ac.uk/vol1/fastq/SRR197/027/SRR19762427/SRR19762427_2.fastq.gz	52105c9c19897528b2462d1e31337bab	MAGE RNA-seq	sequence	mRNA	HG03445	Mende in Sierra Leone	https://ftp.1000genomes.ebi.ac.uk/vol1/ftp/data_collections/mage_rnaseq/
ftp://ftp.sra.ebi.ac.uk/vol1/fastq/SRR197/030/SRR19762430/SRR19762430_1.fastq.gz	c01313cb5b30eb30c639642e054ecb15	MAGE RNA-seq	sequence	mRNA	HG03461	Mende in Sierra Leone	https://ftp.1000genomes.ebi.ac.uk/vol1/ftp/data_collections/mage_rnaseq/
ftp://ftp.sra.ebi.ac.uk/vol1/fastq/SRR197/030/SRR19762430/SRR19762430_2.fastq.gz	c01313cb5b30eb30c639642e054ecb15	MAGE RNA-seq	sequence	mRNA	HG03461	Mende in Sierra Leone	https://ftp.1000genomes.ebi.ac.uk/vol1/ftp/data_collections/mage_rnaseq/
ftp://ftp.sra.ebi.ac.uk/vol1/fastq/SRR197/033/SRR19762433/SRR19762433_1.fastq.gz	8a0d4bbe77bc970308bbe69e3ac821db	MAGE RNA-seq	sequence	mRNA	HG00190	Finnish in Finland	https://ftp.1000genomes.ebi.ac.uk/vol1/ftp/data_collections/mage_rnaseq/
ftp://ftp.sra.ebi.ac.uk/vol1/fastq/SRR197/033/SRR19762433/SRR19762433_2.fastq.gz	8a0d4bbe77bc970308bbe69e3ac821db	MAGE RNA-seq	sequence	mRNA	HG00190	Finnish in Finland	https://ftp.1000genomes.ebi.ac.uk/vol1/ftp/data_collections/mage_rnaseq/
ftp://ftp.sra.ebi.ac.uk/vol1/fastq/SRR197/034/SRR19762434/SRR19762434_1.fastq.gz	538e5e95d7e4ef013bcaf099874f3a02	MAGE RNA-seq	sequence	mRNA	HG03372	Esan in Nigeria	https://ftp.1000genomes.ebi.ac.uk/vol1/ftp/data_collections/mage_rnaseq/
ftp://ftp.sra.ebi.ac.uk/vol1/fastq/SRR197/034/SRR19762434/SRR19762434_2.fastq.gz	538e5e95d7e4ef013bcaf099874f3a02	MAGE RNA-seq	sequence	mRNA	HG03372	Esan in Nigeria	https://ftp.1000genomes.ebi.ac.uk/vol1/ftp/data_collections/mage_rnaseq/
ftp://ftp.sra.ebi.ac.uk/vol1/fastq/SRR197/044/SRR19762444/SRR19762444_1.fastq.gz	b0ec16c09fe21dd06579dec132dc178a	MAGE RNA-seq	sequence	mRNA	HG02884	Gambian in Western Division, The Gambia - Mandinka	https://ftp.1000genomes.ebi.ac.uk/vol1/ftp/data_collections/mage_rnaseq/
ftp://ftp.sra.ebi.ac.uk/vol1/fastq/SRR197/044/SRR19762444/SRR19762444_2.fastq.gz	b0ec16c09fe21dd06579dec132dc178a	MAGE RNA-seq	sequence	mRNA	HG02884	Gambian in Western Division, The Gambia - Mandinka	https://ftp.1000genomes.ebi.ac.uk/vol1/ftp/data_collections/mage_rnaseq/
ftp://ftp.sra.ebi.ac.uk/vol1/fastq/SRR197/050/SRR19762450/SRR19762450_1.fastq.gz	a23d08fe0f033827410d2bcd6ba3c9ee	MAGE RNA-seq	sequence	mRNA	HG02799	Gambian in Western Division, The Gambia - Mandinka	https://ftp.1000genomes.ebi.ac.uk/vol1/ftp/data_collections/mage_rnaseq/
ftp://ftp.sra.ebi.ac.uk/vol1/fastq/SRR197/050/SRR19762450/SRR19762450_2.fastq.gz	a23d08fe0f033827410d2bcd6ba3c9ee	MAGE RNA-seq	sequence	mRNA	HG02799	Gambian in Western Division, The Gambia - Mandinka	https://ftp.1000genomes.ebi.ac.uk/vol1/ftp/data_collections/mage_rnaseq/
ftp://ftp.sra.ebi.ac.uk/vol1/fastq/SRR197/054/SRR19762454/SRR19762454_1.fastq.gz	7220ecc55c539125449e00e47b0a12d9	MAGE RNA-seq	sequence	mRNA	HG00186	Finnish in Finland	https://ftp.1000genomes.ebi.ac.uk/vol1/ftp/data_collections/mage_rnaseq/
ftp://ftp.sra.ebi.ac.uk/vol1/fastq/SRR197/054/SRR19762454/SRR19762454_2.fastq.gz	7220ecc55c539125449e00e47b0a12d9	MAGE RNA-seq	sequence	mRNA	HG00186	Finnish in Finland	https://ftp.1000genomes.ebi.ac.uk/vol1/ftp/data_collections/mage_rnaseq/
ftp://ftp.sra.ebi.ac.uk/vol1/fastq/SRR197/060/SRR19762460/SRR19762460_1.fastq.gz	480b1159a15165ca6ab22674cccdc05f	MAGE RNA-seq	sequence	mRNA	HG02613	Gambian in Western Division, The Gambia - Mandinka	https://ftp.1000genomes.ebi.ac.uk/vol1/ftp/data_collections/mage_rnaseq/
ftp://ftp.sra.ebi.ac.uk/vol1/fastq/SRR197/060/SRR19762460/SRR19762460_2.fastq.gz	480b1159a15165ca6ab22674cccdc05f	MAGE RNA-seq	sequence	mRNA	HG02613	Gambian in Western Division, The Gambia - Mandinka	https://ftp.1000genomes.ebi.ac.uk/vol1/ftp/data_collections/mage_rnaseq/
ftp://ftp.sra.ebi.ac.uk/vol1/fastq/SRR197/067/SRR19762467/SRR19762467_1.fastq.gz	abcdfe778b2ff803364b98bc31913b25	MAGE RNA-seq	sequence	mRNA	NA19116	Yoruba in Ibadan, Nigeria	https://ftp.1000genomes.ebi.ac.uk/vol1/ftp/data_collections/mage_rnaseq/
ftp://ftp.sra.ebi.ac.uk/vol1/fastq/SRR197/067/SRR19762467/SRR19762467_2.fastq.gz	abcdfe778b2ff803364b98bc31913b25	MAGE RNA-seq	sequence	mRNA	NA19116	Yoruba in Ibadan, Nigeria	https://ftp.1000genomes.ebi.ac.uk/vol1/ftp/data_collections/mage_rnaseq/
ftp://ftp.sra.ebi.ac.uk/vol1/fastq/SRR197/072/SRR19762472/SRR19762472_1.fastq.gz	3693b2e2f34a56ceb171006a4b27ff97	MAGE RNA-seq	sequence	mRNA	NA19095	Yoruba in Ibadan, Nigeria	https://ftp.1000genomes.ebi.ac.uk/vol1/ftp/data_collections/mage_rnaseq/
ftp://ftp.sra.ebi.ac.uk/vol1/fastq/SRR197/072/SRR19762472/SRR19762472_2.fastq.gz	3693b2e2f34a56ceb171006a4b27ff97	MAGE RNA-seq	sequence	mRNA	NA19095	Yoruba in Ibadan, Nigeria	https://ftp.1000genomes.ebi.ac.uk/vol1/ftp/data_collections/mage_rnaseq/
ftp://ftp.sra.ebi.ac.uk/vol1/fastq/SRR197/073/SRR19762473/SRR19762473_1.fastq.gz	655d93e1468dbafb9c7e246759667979	MAGE RNA-seq	sequence	mRNA	NA19116	Yoruba in Ibadan, Nigeria	https://ftp.1000genomes.ebi.ac.uk/vol1/ftp/data_collections/mage_rnaseq/
ftp://ftp.sra.ebi.ac.uk/vol1/fastq/SRR197/073/SRR19762473/SRR19762473_2.fastq.gz	655d93e1468dbafb9c7e246759667979	MAGE RNA-seq	sequence	mRNA	NA19116	Yoruba in Ibadan, Nigeria	https://ftp.1000genomes.ebi.ac.uk/vol1/ftp/data_collections/mage_rnaseq/
ftp://ftp.sra.ebi.ac.uk/vol1/fastq/SRR197/074/SRR19762474/SRR19762474_1.fastq.gz	d6e91fda12eff8c88bdfbe18dbe9b8e0	MAGE RNA-seq	sequence	mRNA	NA19077	Japanese in Tokyo, Japan	https://ftp.1000genomes.ebi.ac.uk/vol1/ftp/data_collections/mage_rnaseq/
ftp://ftp.sra.ebi.ac.uk/vol1/fastq/SRR197/074/SRR19762474/SRR19762474_2.fastq.gz	d6e91fda12eff8c88bdfbe18dbe9b8e0	MAGE RNA-seq	sequence	mRNA	NA19077	Japanese in Tokyo, Japan	https://ftp.1000genomes.ebi.ac.uk/vol1/ftp/data_collections/mage_rnaseq/
ftp://ftp.sra.ebi.ac.uk/vol1/fastq/SRR197/075/SRR19762475/SRR19762475_1.fastq.gz	c8b308c04e4b7ffeecf6be39ceb584a8	MAGE RNA-seq	sequence	mRNA	NA18865	Yoruba in Ibadan, Nigeria	https://ftp.1000genomes.ebi.ac.uk/vol1/ftp/data_collections/mage_rnaseq/
ftp://ftp.sra.ebi.ac.uk/vol1/fastq/SRR197/075/SRR19762475/SRR19762475_2.fastq.gz	c8b308c04e4b7ffeecf6be39ceb584a8	MAGE RNA-seq	sequence	mRNA	NA18865	Yoruba in Ibadan, Nigeria	https://ftp.1000genomes.ebi.ac.uk/vol1/ftp/data_collections/mage_rnaseq/
ftp://ftp.sra.ebi.ac.uk/vol1/fastq/SRR197/079/SRR19762479/SRR19762479_1.fastq.gz	ce33cf26b7295865d348fcbf6cef14c0	MAGE RNA-seq	sequence	mRNA	NA18864	Yoruba in Ibadan, Nigeria	https://ftp.1000genomes.ebi.ac.uk/vol1/ftp/data_collections/mage_rnaseq/
ftp://ftp.sra.ebi.ac.uk/vol1/fastq/SRR197/079/SRR19762479/SRR19762479_2.fastq.gz	ce33cf26b7295865d348fcbf6cef14c0	MAGE RNA-seq	sequence	mRNA	NA18864	Yoruba in Ibadan, Nigeria	https://ftp.1000genomes.ebi.ac.uk/vol1/ftp/data_collections/mage_rnaseq/
ftp://ftp.sra.ebi.ac.uk/vol1/fastq/SRR197/081/SRR19762481/SRR19762481_1.fastq.gz	715c57e77c985a40b15c4f886e2094e2	MAGE RNA-seq	sequence	mRNA	NA18861	Yoruba in Ibadan, Nigeria	https://ftp.1000genomes.ebi.ac.uk/vol1/ftp/data_collections/mage_rnaseq/
ftp://ftp.sra.ebi.ac.uk/vol1/fastq/SRR197/081/SRR19762481/SRR19762481_2.fastq.gz	715c57e77c985a40b15c4f886e2094e2	MAGE RNA-seq	sequence	mRNA	NA18861	Yoruba in Ibadan, Nigeria	https://ftp.1000genomes.ebi.ac.uk/vol1/ftp/data_collections/mage_rnaseq/
ftp://ftp.sra.ebi.ac.uk/vol1/fastq/SRR197/083/SRR19762483/SRR19762483_1.fastq.gz	1c80b0f1fb87d98423946cf7858d3e4f	MAGE RNA-seq	sequence	mRNA	NA18745	Han Chinese in Beijing, China	https://ftp.1000genomes.ebi.ac.uk/vol1/ftp/data_collections/mage_rnaseq/
ftp://ftp.sra.ebi.ac.uk/vol1/fastq/SRR197/083/SRR19762483/SRR19762483_2.fastq.gz	1c80b0f1fb87d98423946cf7858d3e4f	MAGE RNA-seq	sequence	mRNA	NA18745	Han Chinese in Beijing, China	https://ftp.1000genomes.ebi.ac.uk/vol1/ftp/data_collections/mage_rnaseq/
ftp://ftp.sra.ebi.ac.uk/vol1/fastq/SRR197/085/SRR19762485/SRR19762485_1.fastq.gz	62207e33243216993152380b198606d1	MAGE RNA-seq	sequence	mRNA	NA18646	Han Chinese in Beijing, China	https://ftp.1000genomes.ebi.ac.uk/vol1/ftp/data_collections/mage_rnaseq/
ftp://ftp.sra.ebi.ac.uk/vol1/fastq/SRR197/085/SRR19762485/SRR19762485_2.fastq.gz	62207e33243216993152380b198606d1	MAGE RNA-seq	sequence	mRNA	NA18646	Han Chinese in Beijing, China	https://ftp.1000genomes.ebi.ac.uk/vol1/ftp/data_collections/mage_rnaseq/
ftp://ftp.sra.ebi.ac.uk/vol1/fastq/SRR197/087/SRR19762487/SRR19762487_1.fastq.gz	4f871cb8a5cb940d0c3490572558fc6d	MAGE RNA-seq	sequence	mRNA	NA18856	Yoruba in Ibadan, Nigeria	https://ftp.1000genomes.ebi.ac.uk/vol1/ftp/data_collections/mage_rnaseq/
ftp://ftp.sra.ebi.ac.uk/vol1/fastq/SRR197/087/SRR19762487/SRR19762487_2.fastq.gz	4f871cb8a5cb940d0c3490572558fc6d	MAGE RNA-seq	sequence	mRNA	NA18856	Yoruba in Ibadan, Nigeria	https://ftp.1000genomes.ebi.ac.uk/vol1/ftp/data_collections/mage_rnaseq/
ftp://ftp.sra.ebi.ac.uk/vol1/fastq/SRR197/089/SRR19762489/SRR19762489_1.fastq.gz	ff2eeb8619946e8a44c252c17a48517c	MAGE RNA-seq	sequence	mRNA	NA12748	Utah residents (CEPH) with Northern and Western European ancestry	https://ftp.1000genomes.ebi.ac.uk/vol1/ftp/data_collections/mage_rnaseq/
ftp://ftp.sra.ebi.ac.uk/vol1/fastq/SRR197/089/SRR19762489/SRR19762489_2.fastq.gz	ff2eeb8619946e8a44c252c17a48517c	MAGE RNA-seq	sequence	mRNA	NA12748	Utah residents (CEPH) with Northern and Western European ancestry	https://ftp.1000genomes.ebi.ac.uk/vol1/ftp/data_collections/mage_rnaseq/
ftp://ftp.sra.ebi.ac.uk/vol1/fastq/SRR197/090/SRR19762490/SRR19762490_1.fastq.gz	a8b25bae563bf945c19224b1c1aecb92	MAGE RNA-seq	sequence	mRNA	HG00285	Finnish in Finland	https://ftp.1000genomes.ebi.ac.uk/vol1/ftp/data_collections/mage_rnaseq/
ftp://ftp.sra.ebi.ac.uk/vol1/fastq/SRR197/090/SRR19762490/SRR19762490_2.fastq.gz	a8b25bae563bf945c19224b1c1aecb92	MAGE RNA-seq	sequence	mRNA	HG00285	Finnish in Finland	https://ftp.1000genomes.ebi.ac.uk/vol1/ftp/data_collections/mage_rnaseq/
ftp://ftp.sra.ebi.ac.uk/vol1/fastq/SRR197/080/SRR19762180/SRR19762180_1.fastq.gz	73fc1e50f2c4bb725b0361c947659792	MAGE RNA-seq	sequence	mRNA	NA19143	Yoruba in Ibadan, Nigeria	https://ftp.1000genomes.ebi.ac.uk/vol1/ftp/data_collections/mage_rnaseq/
ftp://ftp.sra.ebi.ac.uk/vol1/fastq/SRR197/080/SRR19762180/SRR19762180_2.fastq.gz	73fc1e50f2c4bb725b0361c947659792	MAGE RNA-seq	sequence	mRNA	NA19143	Yoruba in Ibadan, Nigeria	https://ftp.1000genomes.ebi.ac.uk/vol1/ftp/data_collections/mage_rnaseq/
ftp://ftp.sra.ebi.ac.uk/vol1/fastq/SRR197/092/SRR19762492/SRR19762492_1.fastq.gz	86450bff7552ef860b1a28635303bcc5	MAGE RNA-seq	sequence	mRNA	NA12717	Utah residents (CEPH) with Northern and Western European ancestry	https://ftp.1000genomes.ebi.ac.uk/vol1/ftp/data_collections/mage_rnaseq/
ftp://ftp.sra.ebi.ac.uk/vol1/fastq/SRR197/092/SRR19762492/SRR19762492_2.fastq.gz	86450bff7552ef860b1a28635303bcc5	MAGE RNA-seq	sequence	mRNA	NA12717	Utah residents (CEPH) with Northern and Western European ancestry	https://ftp.1000genomes.ebi.ac.uk/vol1/ftp/data_collections/mage_rnaseq/
ftp://ftp.sra.ebi.ac.uk/vol1/fastq/SRR197/084/SRR19762184/SRR19762184_1.fastq.gz	b899a0285e4ad1c8fbe7497891c2f191	MAGE RNA-seq	sequence	mRNA	NA19129	Yoruba in Ibadan, Nigeria	https://ftp.1000genomes.ebi.ac.uk/vol1/ftp/data_collections/mage_rnaseq/
ftp://ftp.sra.ebi.ac.uk/vol1/fastq/SRR197/084/SRR19762184/SRR19762184_2.fastq.gz	b899a0285e4ad1c8fbe7497891c2f191	MAGE RNA-seq	sequence	mRNA	NA19129	Yoruba in Ibadan, Nigeria	https://ftp.1000genomes.ebi.ac.uk/vol1/ftp/data_collections/mage_rnaseq/
ftp://ftp.sra.ebi.ac.uk/vol1/fastq/SRR197/094/SRR19762494/SRR19762494_1.fastq.gz	8c632d5f8122cd242b8d3d01004c2217	MAGE RNA-seq	sequence	mRNA	NA12762	Utah residents (CEPH) with Northern and Western European ancestry	https://ftp.1000genomes.ebi.ac.uk/vol1/ftp/data_collections/mage_rnaseq/
ftp://ftp.sra.ebi.ac.uk/vol1/fastq/SRR197/094/SRR19762494/SRR19762494_2.fastq.gz	8c632d5f8122cd242b8d3d01004c2217	MAGE RNA-seq	sequence	mRNA	NA12762	Utah residents (CEPH) with Northern and Western European ancestry	https://ftp.1000genomes.ebi.ac.uk/vol1/ftp/data_collections/mage_rnaseq/
ftp://ftp.sra.ebi.ac.uk/vol1/fastq/SRR197/086/SRR19762186/SRR19762186_1.fastq.gz	67bc6813914c68d58a24013c39141e1b	MAGE RNA-seq	sequence	mRNA	NA18953	Japanese in Tokyo, Japan	https://ftp.1000genomes.ebi.ac.uk/vol1/ftp/data_collections/mage_rnaseq/
ftp://ftp.sra.ebi.ac.uk/vol1/fastq/SRR197/086/SRR19762186/SRR19762186_2.fastq.gz	67bc6813914c68d58a24013c39141e1b	MAGE RNA-seq	sequence	mRNA	NA18953	Japanese in Tokyo, Japan	https://ftp.1000genomes.ebi.ac.uk/vol1/ftp/data_collections/mage_rnaseq/
ftp://ftp.sra.ebi.ac.uk/vol1/fastq/SRR197/095/SRR19762495/SRR19762495_1.fastq.gz	ec4deb4f8712fc52a09602f1a6ffe4bc	MAGE RNA-seq	sequence	mRNA	NA12414	Utah residents (CEPH) with Northern and Western European ancestry	https://ftp.1000genomes.ebi.ac.uk/vol1/ftp/data_collections/mage_rnaseq/
ftp://ftp.sra.ebi.ac.uk/vol1/fastq/SRR197/095/SRR19762495/SRR19762495_2.fastq.gz	ec4deb4f8712fc52a09602f1a6ffe4bc	MAGE RNA-seq	sequence	mRNA	NA12414	Utah residents (CEPH) with Northern and Western European ancestry	https://ftp.1000genomes.ebi.ac.uk/vol1/ftp/data_collections/mage_rnaseq/
ftp://ftp.sra.ebi.ac.uk/vol1/fastq/SRR197/087/SRR19762187/SRR19762187_1.fastq.gz	d18407762bf09263e9ab16f4903b4db6	MAGE RNA-seq	sequence	mRNA	NA18948	Japanese in Tokyo, Japan	https://ftp.1000genomes.ebi.ac.uk/vol1/ftp/data_collections/mage_rnaseq/
ftp://ftp.sra.ebi.ac.uk/vol1/fastq/SRR197/087/SRR19762187/SRR19762187_2.fastq.gz	d18407762bf09263e9ab16f4903b4db6	MAGE RNA-seq	sequence	mRNA	NA18948	Japanese in Tokyo, Japan	https://ftp.1000genomes.ebi.ac.uk/vol1/ftp/data_collections/mage_rnaseq/
ftp://ftp.sra.ebi.ac.uk/vol1/fastq/SRR197/099/SRR19762499/SRR19762499_1.fastq.gz	667b1b4768dd368a7dea5e520969ed11	MAGE RNA-seq	sequence	mRNA	NA12286	Utah residents (CEPH) with Northern and Western European ancestry	https://ftp.1000genomes.ebi.ac.uk/vol1/ftp/data_collections/mage_rnaseq/
ftp://ftp.sra.ebi.ac.uk/vol1/fastq/SRR197/099/SRR19762499/SRR19762499_2.fastq.gz	667b1b4768dd368a7dea5e520969ed11	MAGE RNA-seq	sequence	mRNA	NA12286	Utah residents (CEPH) with Northern and Western European ancestry	https://ftp.1000genomes.ebi.ac.uk/vol1/ftp/data_collections/mage_rnaseq/
ftp://ftp.sra.ebi.ac.uk/vol1/fastq/SRR197/089/SRR19762189/SRR19762189_1.fastq.gz	95ffd2461ee1558c32480e344cdb360c	MAGE RNA-seq	sequence	mRNA	NA18951	Japanese in Tokyo, Japan	https://ftp.1000genomes.ebi.ac.uk/vol1/ftp/data_collections/mage_rnaseq/
ftp://ftp.sra.ebi.ac.uk/vol1/fastq/SRR197/089/SRR19762189/SRR19762189_2.fastq.gz	95ffd2461ee1558c32480e344cdb360c	MAGE RNA-seq	sequence	mRNA	NA18951	Japanese in Tokyo, Japan	https://ftp.1000genomes.ebi.ac.uk/vol1/ftp/data_collections/mage_rnaseq/
ftp://ftp.sra.ebi.ac.uk/vol1/fastq/SRR197/000/SRR19762500/SRR19762500_1.fastq.gz	104047ffbf987a724cb61b154f7ac94e	MAGE RNA-seq	sequence	mRNA	NA12348	Utah residents (CEPH) with Northern and Western European ancestry	https://ftp.1000genomes.ebi.ac.uk/vol1/ftp/data_collections/mage_rnaseq/
ftp://ftp.sra.ebi.ac.uk/vol1/fastq/SRR197/000/SRR19762500/SRR19762500_2.fastq.gz	104047ffbf987a724cb61b154f7ac94e	MAGE RNA-seq	sequence	mRNA	NA12348	Utah residents (CEPH) with Northern and Western European ancestry	https://ftp.1000genomes.ebi.ac.uk/vol1/ftp/data_collections/mage_rnaseq/
ftp://ftp.sra.ebi.ac.uk/vol1/fastq/SRR197/090/SRR19762190/SRR19762190_1.fastq.gz	20a1b1774790495fd014396b272cde0c	MAGE RNA-seq	sequence	mRNA	NA18954	Japanese in Tokyo, Japan	https://ftp.1000genomes.ebi.ac.uk/vol1/ftp/data_collections/mage_rnaseq/
ftp://ftp.sra.ebi.ac.uk/vol1/fastq/SRR197/090/SRR19762190/SRR19762190_2.fastq.gz	20a1b1774790495fd014396b272cde0c	MAGE RNA-seq	sequence	mRNA	NA18954	Japanese in Tokyo, Japan	https://ftp.1000genomes.ebi.ac.uk/vol1/ftp/data_collections/mage_rnaseq/
ftp://ftp.sra.ebi.ac.uk/vol1/fastq/SRR197/001/SRR19762501/SRR19762501_1.fastq.gz	31f1667190feba74deb93cb4e41d89e8	MAGE RNA-seq	sequence	mRNA	NA12413	Utah residents (CEPH) with Northern and Western European ancestry	https://ftp.1000genomes.ebi.ac.uk/vol1/ftp/data_collections/mage_rnaseq/
ftp://ftp.sra.ebi.ac.uk/vol1/fastq/SRR197/001/SRR19762501/SRR19762501_2.fastq.gz	31f1667190feba74deb93cb4e41d89e8	MAGE RNA-seq	sequence	mRNA	NA12413	Utah residents (CEPH) with Northern and Western European ancestry	https://ftp.1000genomes.ebi.ac.uk/vol1/ftp/data_collections/mage_rnaseq/
ftp://ftp.sra.ebi.ac.uk/vol1/fastq/SRR197/092/SRR19762192/SRR19762192_1.fastq.gz	e8a628dc3fb7db61b2f425e95f8d71b9	MAGE RNA-seq	sequence	mRNA	NA18924	Yoruba in Ibadan, Nigeria	https://ftp.1000genomes.ebi.ac.uk/vol1/ftp/data_collections/mage_rnaseq/
ftp://ftp.sra.ebi.ac.uk/vol1/fastq/SRR197/092/SRR19762192/SRR19762192_2.fastq.gz	e8a628dc3fb7db61b2f425e95f8d71b9	MAGE RNA-seq	sequence	mRNA	NA18924	Yoruba in Ibadan, Nigeria	https://ftp.1000genomes.ebi.ac.uk/vol1/ftp/data_collections/mage_rnaseq/
ftp://ftp.sra.ebi.ac.uk/vol1/fastq/SRR197/005/SRR19762505/SRR19762505_1.fastq.gz	93af26b4338d18ffe4ca9a48bdc02c21	MAGE RNA-seq	sequence	mRNA	HG03977	Indian Telugu in the UK	https://ftp.1000genomes.ebi.ac.uk/vol1/ftp/data_collections/mage_rnaseq/
ftp://ftp.sra.ebi.ac.uk/vol1/fastq/SRR197/005/SRR19762505/SRR19762505_2.fastq.gz	93af26b4338d18ffe4ca9a48bdc02c21	MAGE RNA-seq	sequence	mRNA	HG03977	Indian Telugu in the UK	https://ftp.1000genomes.ebi.ac.uk/vol1/ftp/data_collections/mage_rnaseq/
ftp://ftp.sra.ebi.ac.uk/vol1/fastq/SRR197/094/SRR19762194/SRR19762194_1.fastq.gz	4513dfdfc9a62e8869aa6fe180723c0b	MAGE RNA-seq	sequence	mRNA	NA18879	Yoruba in Ibadan, Nigeria	https://ftp.1000genomes.ebi.ac.uk/vol1/ftp/data_collections/mage_rnaseq/
ftp://ftp.sra.ebi.ac.uk/vol1/fastq/SRR197/094/SRR19762194/SRR19762194_2.fastq.gz	4513dfdfc9a62e8869aa6fe180723c0b	MAGE RNA-seq	sequence	mRNA	NA18879	Yoruba in Ibadan, Nigeria	https://ftp.1000genomes.ebi.ac.uk/vol1/ftp/data_collections/mage_rnaseq/
ftp://ftp.sra.ebi.ac.uk/vol1/fastq/SRR197/007/SRR19762507/SRR19762507_1.fastq.gz	8d9334a6521dee44e2dd7490ecff8d7a	MAGE RNA-seq	sequence	mRNA	HG03989	Sri Lankan Tamil in the UK	https://ftp.1000genomes.ebi.ac.uk/vol1/ftp/data_collections/mage_rnaseq/
ftp://ftp.sra.ebi.ac.uk/vol1/fastq/SRR197/007/SRR19762507/SRR19762507_2.fastq.gz	8d9334a6521dee44e2dd7490ecff8d7a	MAGE RNA-seq	sequence	mRNA	HG03989	Sri Lankan Tamil in the UK	https://ftp.1000genomes.ebi.ac.uk/vol1/ftp/data_collections/mage_rnaseq/
ftp://ftp.sra.ebi.ac.uk/vol1/fastq/SRR197/001/SRR19762201/SRR19762201_1.fastq.gz	26859916a8a405de87a03152bf0f7b8a	MAGE RNA-seq	sequence	mRNA	NA18622	Han Chinese in Beijing, China	https://ftp.1000genomes.ebi.ac.uk/vol1/ftp/data_collections/mage_rnaseq/
ftp://ftp.sra.ebi.ac.uk/vol1/fastq/SRR197/001/SRR19762201/SRR19762201_2.fastq.gz	26859916a8a405de87a03152bf0f7b8a	MAGE RNA-seq	sequence	mRNA	NA18622	Han Chinese in Beijing, China	https://ftp.1000genomes.ebi.ac.uk/vol1/ftp/data_collections/mage_rnaseq/
ftp://ftp.sra.ebi.ac.uk/vol1/fastq/SRR197/010/SRR19762510/SRR19762510_1.fastq.gz	a6a6e67304f3f4c9d9dca805265f7112	MAGE RNA-seq	sequence	mRNA	HG03934	Bengali in Bangladesh	https://ftp.1000genomes.ebi.ac.uk/vol1/ftp/data_collections/mage_rnaseq/
ftp://ftp.sra.ebi.ac.uk/vol1/fastq/SRR197/010/SRR19762510/SRR19762510_2.fastq.gz	a6a6e67304f3f4c9d9dca805265f7112	MAGE RNA-seq	sequence	mRNA	HG03934	Bengali in Bangladesh	https://ftp.1000genomes.ebi.ac.uk/vol1/ftp/data_collections/mage_rnaseq/
ftp://ftp.sra.ebi.ac.uk/vol1/fastq/SRR197/003/SRR19762203/SRR19762203_1.fastq.gz	850eecceee0a1eb5f1822420d22e36be	MAGE RNA-seq	sequence	mRNA	NA18626	Han Chinese in Beijing, China	https://ftp.1000genomes.ebi.ac.uk/vol1/ftp/data_collections/mage_rnaseq/
ftp://ftp.sra.ebi.ac.uk/vol1/fastq/SRR197/003/SRR19762203/SRR19762203_2.fastq.gz	850eecceee0a1eb5f1822420d22e36be	MAGE RNA-seq	sequence	mRNA	NA18626	Han Chinese in Beijing, China	https://ftp.1000genomes.ebi.ac.uk/vol1/ftp/data_collections/mage_rnaseq/
ftp://ftp.sra.ebi.ac.uk/vol1/fastq/SRR197/012/SRR19762512/SRR19762512_1.fastq.gz	02e47b9d2adfdd03ba26375214b3f5fb	MAGE RNA-seq	sequence	mRNA	HG03900	Sri Lankan Tamil in the UK	https://ftp.1000genomes.ebi.ac.uk/vol1/ftp/data_collections/mage_rnaseq/
ftp://ftp.sra.ebi.ac.uk/vol1/fastq/SRR197/012/SRR19762512/SRR19762512_2.fastq.gz	02e47b9d2adfdd03ba26375214b3f5fb	MAGE RNA-seq	sequence	mRNA	HG03900	Sri Lankan Tamil in the UK	https://ftp.1000genomes.ebi.ac.uk/vol1/ftp/data_collections/mage_rnaseq/
ftp://ftp.sra.ebi.ac.uk/vol1/fastq/SRR197/005/SRR19762205/SRR19762205_1.fastq.gz	cc9a6357de683a1764d87a8878735971	MAGE RNA-seq	sequence	mRNA	NA18610	Han Chinese in Beijing, China	https://ftp.1000genomes.ebi.ac.uk/vol1/ftp/data_collections/mage_rnaseq/
ftp://ftp.sra.ebi.ac.uk/vol1/fastq/SRR197/005/SRR19762205/SRR19762205_2.fastq.gz	cc9a6357de683a1764d87a8878735971	MAGE RNA-seq	sequence	mRNA	NA18610	Han Chinese in Beijing, China	https://ftp.1000genomes.ebi.ac.uk/vol1/ftp/data_collections/mage_rnaseq/
ftp://ftp.sra.ebi.ac.uk/vol1/fastq/SRR197/013/SRR19762513/SRR19762513_1.fastq.gz	a7ea9c9ed2be40dbe375287bab911c2f	MAGE RNA-seq	sequence	mRNA	HG03902	Bengali in Bangladesh	https://ftp.1000genomes.ebi.ac.uk/vol1/ftp/data_collections/mage_rnaseq/
ftp://ftp.sra.ebi.ac.uk/vol1/fastq/SRR197/013/SRR19762513/SRR19762513_2.fastq.gz	a7ea9c9ed2be40dbe375287bab911c2f	MAGE RNA-seq	sequence	mRNA	HG03902	Bengali in Bangladesh	https://ftp.1000genomes.ebi.ac.uk/vol1/ftp/data_collections/mage_rnaseq/
ftp://ftp.sra.ebi.ac.uk/vol1/fastq/SRR197/014/SRR19762514/SRR19762514_1.fastq.gz	d2d18eb7f8f54acc7bdf39ff923c6664	MAGE RNA-seq	sequence	mRNA	HG03922	Bengali in Bangladesh	https://ftp.1000genomes.ebi.ac.uk/vol1/ftp/data_collections/mage_rnaseq/
ftp://ftp.sra.ebi.ac.uk/vol1/fastq/SRR197/014/SRR19762514/SRR19762514_2.fastq.gz	d2d18eb7f8f54acc7bdf39ff923c6664	MAGE RNA-seq	sequence	mRNA	HG03922	Bengali in Bangladesh	https://ftp.1000genomes.ebi.ac.uk/vol1/ftp/data_collections/mage_rnaseq/
ftp://ftp.sra.ebi.ac.uk/vol1/fastq/SRR197/016/SRR19762516/SRR19762516_1.fastq.gz	d8495b21a8eea2c21666f20562bf83ef	MAGE RNA-seq	sequence	mRNA	HG03898	Sri Lankan Tamil in the UK	https://ftp.1000genomes.ebi.ac.uk/vol1/ftp/data_collections/mage_rnaseq/
ftp://ftp.sra.ebi.ac.uk/vol1/fastq/SRR197/016/SRR19762516/SRR19762516_2.fastq.gz	d8495b21a8eea2c21666f20562bf83ef	MAGE RNA-seq	sequence	mRNA	HG03898	Sri Lankan Tamil in the UK	https://ftp.1000genomes.ebi.ac.uk/vol1/ftp/data_collections/mage_rnaseq/
ftp://ftp.sra.ebi.ac.uk/vol1/fastq/SRR197/017/SRR19762517/SRR19762517_1.fastq.gz	895b39397a433b58029b6df3dc9145c7	MAGE RNA-seq	sequence	mRNA	HG03646	Sri Lankan Tamil in the UK	https://ftp.1000genomes.ebi.ac.uk/vol1/ftp/data_collections/mage_rnaseq/
ftp://ftp.sra.ebi.ac.uk/vol1/fastq/SRR197/017/SRR19762517/SRR19762517_2.fastq.gz	895b39397a433b58029b6df3dc9145c7	MAGE RNA-seq	sequence	mRNA	HG03646	Sri Lankan Tamil in the UK	https://ftp.1000genomes.ebi.ac.uk/vol1/ftp/data_collections/mage_rnaseq/
ftp://ftp.sra.ebi.ac.uk/vol1/fastq/SRR197/008/SRR19762208/SRR19762208_1.fastq.gz	ade2df2550d7a298153f8819f59b8c53	MAGE RNA-seq	sequence	mRNA	NA18561	Han Chinese in Beijing, China	https://ftp.1000genomes.ebi.ac.uk/vol1/ftp/data_collections/mage_rnaseq/
ftp://ftp.sra.ebi.ac.uk/vol1/fastq/SRR197/008/SRR19762208/SRR19762208_2.fastq.gz	ade2df2550d7a298153f8819f59b8c53	MAGE RNA-seq	sequence	mRNA	NA18561	Han Chinese in Beijing, China	https://ftp.1000genomes.ebi.ac.uk/vol1/ftp/data_collections/mage_rnaseq/
ftp://ftp.sra.ebi.ac.uk/vol1/fastq/SRR197/020/SRR19762520/SRR19762520_1.fastq.gz	0890f599370c20caf69667e29d2c1540	MAGE RNA-seq	sequence	mRNA	HG03616	Bengali in Bangladesh	https://ftp.1000genomes.ebi.ac.uk/vol1/ftp/data_collections/mage_rnaseq/
ftp://ftp.sra.ebi.ac.uk/vol1/fastq/SRR197/020/SRR19762520/SRR19762520_2.fastq.gz	0890f599370c20caf69667e29d2c1540	MAGE RNA-seq	sequence	mRNA	HG03616	Bengali in Bangladesh	https://ftp.1000genomes.ebi.ac.uk/vol1/ftp/data_collections/mage_rnaseq/
ftp://ftp.sra.ebi.ac.uk/vol1/fastq/SRR197/009/SRR19762209/SRR19762209_1.fastq.gz	35302f6d0afb8478d76163f4434f1c69	MAGE RNA-seq	sequence	mRNA	NA18558	Han Chinese in Beijing, China	https://ftp.1000genomes.ebi.ac.uk/vol1/ftp/data_collections/mage_rnaseq/
ftp://ftp.sra.ebi.ac.uk/vol1/fastq/SRR197/009/SRR19762209/SRR19762209_2.fastq.gz	35302f6d0afb8478d76163f4434f1c69	MAGE RNA-seq	sequence	mRNA	NA18558	Han Chinese in Beijing, China	https://ftp.1000genomes.ebi.ac.uk/vol1/ftp/data_collections/mage_rnaseq/
ftp://ftp.sra.ebi.ac.uk/vol1/fastq/SRR197/023/SRR19762523/SRR19762523_1.fastq.gz	49d0908861a71423699ce0e3bc97b8b9	MAGE RNA-seq	sequence	mRNA	HG03598	Bengali in Bangladesh	https://ftp.1000genomes.ebi.ac.uk/vol1/ftp/data_collections/mage_rnaseq/
ftp://ftp.sra.ebi.ac.uk/vol1/fastq/SRR197/023/SRR19762523/SRR19762523_2.fastq.gz	49d0908861a71423699ce0e3bc97b8b9	MAGE RNA-seq	sequence	mRNA	HG03598	Bengali in Bangladesh	https://ftp.1000genomes.ebi.ac.uk/vol1/ftp/data_collections/mage_rnaseq/
ftp://ftp.sra.ebi.ac.uk/vol1/fastq/SRR197/018/SRR19762218/SRR19762218_1.fastq.gz	0ea368906ee9507ea45b462d677a68a0	MAGE RNA-seq	sequence	mRNA	NA18508	Yoruba in Ibadan, Nigeria	https://ftp.1000genomes.ebi.ac.uk/vol1/ftp/data_collections/mage_rnaseq/
ftp://ftp.sra.ebi.ac.uk/vol1/fastq/SRR197/018/SRR19762218/SRR19762218_2.fastq.gz	0ea368906ee9507ea45b462d677a68a0	MAGE RNA-seq	sequence	mRNA	NA18508	Yoruba in Ibadan, Nigeria	https://ftp.1000genomes.ebi.ac.uk/vol1/ftp/data_collections/mage_rnaseq/
ftp://ftp.sra.ebi.ac.uk/vol1/fastq/SRR197/025/SRR19762525/SRR19762525_1.fastq.gz	6e148c85f780f4383f243d75af47ba9e	MAGE RNA-seq	sequence	mRNA	HG03589	Bengali in Bangladesh	https://ftp.1000genomes.ebi.ac.uk/vol1/ftp/data_collections/mage_rnaseq/
ftp://ftp.sra.ebi.ac.uk/vol1/fastq/SRR197/025/SRR19762525/SRR19762525_2.fastq.gz	6e148c85f780f4383f243d75af47ba9e	MAGE RNA-seq	sequence	mRNA	HG03589	Bengali in Bangladesh	https://ftp.1000genomes.ebi.ac.uk/vol1/ftp/data_collections/mage_rnaseq/
ftp://ftp.sra.ebi.ac.uk/vol1/fastq/SRR197/024/SRR19762224/SRR19762224_1.fastq.gz	da76e0b3585ed53d8a77caaca83a16a8	MAGE RNA-seq	sequence	mRNA	NA12843	Utah residents (CEPH) with Northern and Western European ancestry	https://ftp.1000genomes.ebi.ac.uk/vol1/ftp/data_collections/mage_rnaseq/
ftp://ftp.sra.ebi.ac.uk/vol1/fastq/SRR197/024/SRR19762224/SRR19762224_2.fastq.gz	da76e0b3585ed53d8a77caaca83a16a8	MAGE RNA-seq	sequence	mRNA	NA12843	Utah residents (CEPH) with Northern and Western European ancestry	https://ftp.1000genomes.ebi.ac.uk/vol1/ftp/data_collections/mage_rnaseq/
ftp://ftp.sra.ebi.ac.uk/vol1/fastq/SRR197/026/SRR19762526/SRR19762526_1.fastq.gz	24f1c80017419e8fd9520cc1a31e334d	MAGE RNA-seq	sequence	mRNA	HG03578	Mende in Sierra Leone	https://ftp.1000genomes.ebi.ac.uk/vol1/ftp/data_collections/mage_rnaseq/
ftp://ftp.sra.ebi.ac.uk/vol1/fastq/SRR197/026/SRR19762526/SRR19762526_2.fastq.gz	24f1c80017419e8fd9520cc1a31e334d	MAGE RNA-seq	sequence	mRNA	HG03578	Mende in Sierra Leone	https://ftp.1000genomes.ebi.ac.uk/vol1/ftp/data_collections/mage_rnaseq/
ftp://ftp.sra.ebi.ac.uk/vol1/fastq/SRR197/026/SRR19762226/SRR19762226_1.fastq.gz	6a2368f54d5d5ca5ed91f1553cc1161c	MAGE RNA-seq	sequence	mRNA	NA12812	Utah residents (CEPH) with Northern and Western European ancestry	https://ftp.1000genomes.ebi.ac.uk/vol1/ftp/data_collections/mage_rnaseq/
ftp://ftp.sra.ebi.ac.uk/vol1/fastq/SRR197/026/SRR19762226/SRR19762226_2.fastq.gz	6a2368f54d5d5ca5ed91f1553cc1161c	MAGE RNA-seq	sequence	mRNA	NA12812	Utah residents (CEPH) with Northern and Western European ancestry	https://ftp.1000genomes.ebi.ac.uk/vol1/ftp/data_collections/mage_rnaseq/
ftp://ftp.sra.ebi.ac.uk/vol1/fastq/SRR197/028/SRR19762528/SRR19762528_1.fastq.gz	05b60ab0f406aec6b9eed55c5de7797c	MAGE RNA-seq	sequence	mRNA	HG03593	Bengali in Bangladesh	https://ftp.1000genomes.ebi.ac.uk/vol1/ftp/data_collections/mage_rnaseq/
ftp://ftp.sra.ebi.ac.uk/vol1/fastq/SRR197/028/SRR19762528/SRR19762528_2.fastq.gz	05b60ab0f406aec6b9eed55c5de7797c	MAGE RNA-seq	sequence	mRNA	HG03593	Bengali in Bangladesh	https://ftp.1000genomes.ebi.ac.uk/vol1/ftp/data_collections/mage_rnaseq/
ftp://ftp.sra.ebi.ac.uk/vol1/fastq/SRR197/027/SRR19762227/SRR19762227_1.fastq.gz	14666a5403b3088cf030d423396fe5d3	MAGE RNA-seq	sequence	mRNA	NA12778	Utah residents (CEPH) with Northern and Western European ancestry	https://ftp.1000genomes.ebi.ac.uk/vol1/ftp/data_collections/mage_rnaseq/
ftp://ftp.sra.ebi.ac.uk/vol1/fastq/SRR197/027/SRR19762227/SRR19762227_2.fastq.gz	14666a5403b3088cf030d423396fe5d3	MAGE RNA-seq	sequence	mRNA	NA12778	Utah residents (CEPH) with Northern and Western European ancestry	https://ftp.1000genomes.ebi.ac.uk/vol1/ftp/data_collections/mage_rnaseq/
ftp://ftp.sra.ebi.ac.uk/vol1/fastq/SRR197/034/SRR19762534/SRR19762534_1.fastq.gz	84c625657a3871c753936f35766bda4a	MAGE RNA-seq	sequence	mRNA	HG03105	Esan in Nigeria	https://ftp.1000genomes.ebi.ac.uk/vol1/ftp/data_collections/mage_rnaseq/
ftp://ftp.sra.ebi.ac.uk/vol1/fastq/SRR197/034/SRR19762534/SRR19762534_2.fastq.gz	84c625657a3871c753936f35766bda4a	MAGE RNA-seq	sequence	mRNA	HG03105	Esan in Nigeria	https://ftp.1000genomes.ebi.ac.uk/vol1/ftp/data_collections/mage_rnaseq/
ftp://ftp.sra.ebi.ac.uk/vol1/fastq/SRR197/034/SRR19762234/SRR19762234_1.fastq.gz	5730748fc064f753d7bf832d5f7e03da	MAGE RNA-seq	sequence	mRNA	HG00260	British in England and Scotland	https://ftp.1000genomes.ebi.ac.uk/vol1/ftp/data_collections/mage_rnaseq/
ftp://ftp.sra.ebi.ac.uk/vol1/fastq/SRR197/034/SRR19762234/SRR19762234_2.fastq.gz	5730748fc064f753d7bf832d5f7e03da	MAGE RNA-seq	sequence	mRNA	HG00260	British in England and Scotland	https://ftp.1000genomes.ebi.ac.uk/vol1/ftp/data_collections/mage_rnaseq/
ftp://ftp.sra.ebi.ac.uk/vol1/fastq/SRR197/035/SRR19762535/SRR19762535_1.fastq.gz	5ad23ecd287ac50b9120f675acaacc24	MAGE RNA-seq	sequence	mRNA	HG00189	Finnish in Finland	https://ftp.1000genomes.ebi.ac.uk/vol1/ftp/data_collections/mage_rnaseq/
ftp://ftp.sra.ebi.ac.uk/vol1/fastq/SRR197/035/SRR19762535/SRR19762535_2.fastq.gz	5ad23ecd287ac50b9120f675acaacc24	MAGE RNA-seq	sequence	mRNA	HG00189	Finnish in Finland	https://ftp.1000genomes.ebi.ac.uk/vol1/ftp/data_collections/mage_rnaseq/
ftp://ftp.sra.ebi.ac.uk/vol1/fastq/SRR197/039/SRR19762539/SRR19762539_1.fastq.gz	21c1a1846da8eaecbe104b3b7fb99c41	MAGE RNA-seq	sequence	mRNA	HG03069	Mende in Sierra Leone	https://ftp.1000genomes.ebi.ac.uk/vol1/ftp/data_collections/mage_rnaseq/
ftp://ftp.sra.ebi.ac.uk/vol1/fastq/SRR197/039/SRR19762539/SRR19762539_2.fastq.gz	21c1a1846da8eaecbe104b3b7fb99c41	MAGE RNA-seq	sequence	mRNA	HG03069	Mende in Sierra Leone	https://ftp.1000genomes.ebi.ac.uk/vol1/ftp/data_collections/mage_rnaseq/
ftp://ftp.sra.ebi.ac.uk/vol1/fastq/SRR197/035/SRR19762235/SRR19762235_1.fastq.gz	0297c2dfc9fb6f7f89ee0c9129ac60de	MAGE RNA-seq	sequence	mRNA	HG04059	Indian Telugu in the UK	https://ftp.1000genomes.ebi.ac.uk/vol1/ftp/data_collections/mage_rnaseq/
ftp://ftp.sra.ebi.ac.uk/vol1/fastq/SRR197/035/SRR19762235/SRR19762235_2.fastq.gz	0297c2dfc9fb6f7f89ee0c9129ac60de	MAGE RNA-seq	sequence	mRNA	HG04059	Indian Telugu in the UK	https://ftp.1000genomes.ebi.ac.uk/vol1/ftp/data_collections/mage_rnaseq/
ftp://ftp.sra.ebi.ac.uk/vol1/fastq/SRR197/044/SRR19762544/SRR19762544_1.fastq.gz	e530c63142c865edd631771812653921	MAGE RNA-seq	sequence	mRNA	HG00189	Finnish in Finland	https://ftp.1000genomes.ebi.ac.uk/vol1/ftp/data_collections/mage_rnaseq/
ftp://ftp.sra.ebi.ac.uk/vol1/fastq/SRR197/044/SRR19762544/SRR19762544_2.fastq.gz	e530c63142c865edd631771812653921	MAGE RNA-seq	sequence	mRNA	HG00189	Finnish in Finland	https://ftp.1000genomes.ebi.ac.uk/vol1/ftp/data_collections/mage_rnaseq/
ftp://ftp.sra.ebi.ac.uk/vol1/fastq/SRR197/048/SRR19762548/SRR19762548_1.fastq.gz	c3976b68da15b189d69937e41196a21f	MAGE RNA-seq	sequence	mRNA	HG00188	Finnish in Finland	https://ftp.1000genomes.ebi.ac.uk/vol1/ftp/data_collections/mage_rnaseq/
ftp://ftp.sra.ebi.ac.uk/vol1/fastq/SRR197/048/SRR19762548/SRR19762548_2.fastq.gz	c3976b68da15b189d69937e41196a21f	MAGE RNA-seq	sequence	mRNA	HG00188	Finnish in Finland	https://ftp.1000genomes.ebi.ac.uk/vol1/ftp/data_collections/mage_rnaseq/
ftp://ftp.sra.ebi.ac.uk/vol1/fastq/SRR197/041/SRR19762241/SRR19762241_1.fastq.gz	7f0cf639db0499113dc88aa5029e696c	MAGE RNA-seq	sequence	mRNA	HG04025	Indian Telugu in the UK	https://ftp.1000genomes.ebi.ac.uk/vol1/ftp/data_collections/mage_rnaseq/
ftp://ftp.sra.ebi.ac.uk/vol1/fastq/SRR197/041/SRR19762241/SRR19762241_2.fastq.gz	7f0cf639db0499113dc88aa5029e696c	MAGE RNA-seq	sequence	mRNA	HG04025	Indian Telugu in the UK	https://ftp.1000genomes.ebi.ac.uk/vol1/ftp/data_collections/mage_rnaseq/
ftp://ftp.sra.ebi.ac.uk/vol1/fastq/SRR197/049/SRR19762549/SRR19762549_1.fastq.gz	22eb8fd6e650b7be3a9c24b81f4bfc6c	MAGE RNA-seq	sequence	mRNA	HG02728	Punjabi in Lahore, Pakistan	https://ftp.1000genomes.ebi.ac.uk/vol1/ftp/data_collections/mage_rnaseq/
ftp://ftp.sra.ebi.ac.uk/vol1/fastq/SRR197/049/SRR19762549/SRR19762549_2.fastq.gz	22eb8fd6e650b7be3a9c24b81f4bfc6c	MAGE RNA-seq	sequence	mRNA	HG02728	Punjabi in Lahore, Pakistan	https://ftp.1000genomes.ebi.ac.uk/vol1/ftp/data_collections/mage_rnaseq/
ftp://ftp.sra.ebi.ac.uk/vol1/fastq/SRR197/042/SRR19762242/SRR19762242_1.fastq.gz	719948e09f98ccb646752022540c509e	MAGE RNA-seq	sequence	mRNA	HG03727	Indian Telugu in the UK	https://ftp.1000genomes.ebi.ac.uk/vol1/ftp/data_collections/mage_rnaseq/
ftp://ftp.sra.ebi.ac.uk/vol1/fastq/SRR197/042/SRR19762242/SRR19762242_2.fastq.gz	719948e09f98ccb646752022540c509e	MAGE RNA-seq	sequence	mRNA	HG03727	Indian Telugu in the UK	https://ftp.1000genomes.ebi.ac.uk/vol1/ftp/data_collections/mage_rnaseq/
ftp://ftp.sra.ebi.ac.uk/vol1/fastq/SRR197/058/SRR19762558/SRR19762558_1.fastq.gz	d489a840c9be389e2c2b1fd89e07e81e	MAGE RNA-seq	sequence	mRNA	HG02643	Gambian in Western Division, The Gambia - Mandinka	https://ftp.1000genomes.ebi.ac.uk/vol1/ftp/data_collections/mage_rnaseq/
ftp://ftp.sra.ebi.ac.uk/vol1/fastq/SRR197/058/SRR19762558/SRR19762558_2.fastq.gz	d489a840c9be389e2c2b1fd89e07e81e	MAGE RNA-seq	sequence	mRNA	HG02643	Gambian in Western Division, The Gambia - Mandinka	https://ftp.1000genomes.ebi.ac.uk/vol1/ftp/data_collections/mage_rnaseq/
ftp://ftp.sra.ebi.ac.uk/vol1/fastq/SRR197/043/SRR19762243/SRR19762243_1.fastq.gz	900256f50936c723f84c1d6c1557869a	MAGE RNA-seq	sequence	mRNA	HG03714	Indian Telugu in the UK	https://ftp.1000genomes.ebi.ac.uk/vol1/ftp/data_collections/mage_rnaseq/
ftp://ftp.sra.ebi.ac.uk/vol1/fastq/SRR197/043/SRR19762243/SRR19762243_2.fastq.gz	900256f50936c723f84c1d6c1557869a	MAGE RNA-seq	sequence	mRNA	HG03714	Indian Telugu in the UK	https://ftp.1000genomes.ebi.ac.uk/vol1/ftp/data_collections/mage_rnaseq/
ftp://ftp.sra.ebi.ac.uk/vol1/fastq/SRR197/059/SRR19762559/SRR19762559_1.fastq.gz	607c84d9e13fd03d55455339b4b3339c	MAGE RNA-seq	sequence	mRNA	HG02545	African Caribbean in Barbados	https://ftp.1000genomes.ebi.ac.uk/vol1/ftp/data_collections/mage_rnaseq/
ftp://ftp.sra.ebi.ac.uk/vol1/fastq/SRR197/059/SRR19762559/SRR19762559_2.fastq.gz	607c84d9e13fd03d55455339b4b3339c	MAGE RNA-seq	sequence	mRNA	HG02545	African Caribbean in Barbados	https://ftp.1000genomes.ebi.ac.uk/vol1/ftp/data_collections/mage_rnaseq/
ftp://ftp.sra.ebi.ac.uk/vol1/fastq/SRR197/046/SRR19762246/SRR19762246_1.fastq.gz	cfe4d03a6ce198933b6d3cce90db297b	MAGE RNA-seq	sequence	mRNA	HG03730	Indian Telugu in the UK	https://ftp.1000genomes.ebi.ac.uk/vol1/ftp/data_collections/mage_rnaseq/
ftp://ftp.sra.ebi.ac.uk/vol1/fastq/SRR197/046/SRR19762246/SRR19762246_2.fastq.gz	cfe4d03a6ce198933b6d3cce90db297b	MAGE RNA-seq	sequence	mRNA	HG03730	Indian Telugu in the UK	https://ftp.1000genomes.ebi.ac.uk/vol1/ftp/data_collections/mage_rnaseq/
ftp://ftp.sra.ebi.ac.uk/vol1/fastq/SRR197/063/SRR19762563/SRR19762563_1.fastq.gz	13e344ece8360d98cea0d1e04957789c	MAGE RNA-seq	sequence	mRNA	HG02536	African Caribbean in Barbados	https://ftp.1000genomes.ebi.ac.uk/vol1/ftp/data_collections/mage_rnaseq/
ftp://ftp.sra.ebi.ac.uk/vol1/fastq/SRR197/063/SRR19762563/SRR19762563_2.fastq.gz	13e344ece8360d98cea0d1e04957789c	MAGE RNA-seq	sequence	mRNA	HG02536	African Caribbean in Barbados	https://ftp.1000genomes.ebi.ac.uk/vol1/ftp/data_collections/mage_rnaseq/
ftp://ftp.sra.ebi.ac.uk/vol1/fastq/SRR197/048/SRR19762248/SRR19762248_1.fastq.gz	b2c5a94a291f0b1d2f040f16a7d68d4a	MAGE RNA-seq	sequence	mRNA	HG03709	Punjabi in Lahore, Pakistan	https://ftp.1000genomes.ebi.ac.uk/vol1/ftp/data_collections/mage_rnaseq/
ftp://ftp.sra.ebi.ac.uk/vol1/fastq/SRR197/048/SRR19762248/SRR19762248_2.fastq.gz	b2c5a94a291f0b1d2f040f16a7d68d4a	MAGE RNA-seq	sequence	mRNA	HG03709	Punjabi in Lahore, Pakistan	https://ftp.1000genomes.ebi.ac.uk/vol1/ftp/data_collections/mage_rnaseq/
ftp://ftp.sra.ebi.ac.uk/vol1/fastq/SRR197/067/SRR19762567/SRR19762567_1.fastq.gz	3732a4d3c7ec45ae00214e7f2270dfa1	MAGE RNA-seq	sequence	mRNA	HG00108	British in England and Scotland	https://ftp.1000genomes.ebi.ac.uk/vol1/ftp/data_collections/mage_rnaseq/
ftp://ftp.sra.ebi.ac.uk/vol1/fastq/SRR197/067/SRR19762567/SRR19762567_2.fastq.gz	3732a4d3c7ec45ae00214e7f2270dfa1	MAGE RNA-seq	sequence	mRNA	HG00108	British in England and Scotland	https://ftp.1000genomes.ebi.ac.uk/vol1/ftp/data_collections/mage_rnaseq/
ftp://ftp.sra.ebi.ac.uk/vol1/fastq/SRR197/077/SRR19762577/SRR19762577_1.fastq.gz	618315fb6f651d8fad783576a4d231fe	MAGE RNA-seq	sequence	mRNA	HG02166	Chinese Dai in Xishuangbanna, China	https://ftp.1000genomes.ebi.ac.uk/vol1/ftp/data_collections/mage_rnaseq/
ftp://ftp.sra.ebi.ac.uk/vol1/fastq/SRR197/077/SRR19762577/SRR19762577_2.fastq.gz	618315fb6f651d8fad783576a4d231fe	MAGE RNA-seq	sequence	mRNA	HG02166	Chinese Dai in Xishuangbanna, China	https://ftp.1000genomes.ebi.ac.uk/vol1/ftp/data_collections/mage_rnaseq/
ftp://ftp.sra.ebi.ac.uk/vol1/fastq/SRR197/053/SRR19762253/SRR19762253_1.fastq.gz	2cfc3b13988b6acdff0d7a60869da635	MAGE RNA-seq	sequence	mRNA	HG03697	Sri Lankan Tamil in the UK	https://ftp.1000genomes.ebi.ac.uk/vol1/ftp/data_collections/mage_rnaseq/
ftp://ftp.sra.ebi.ac.uk/vol1/fastq/SRR197/053/SRR19762253/SRR19762253_2.fastq.gz	2cfc3b13988b6acdff0d7a60869da635	MAGE RNA-seq	sequence	mRNA	HG03697	Sri Lankan Tamil in the UK	https://ftp.1000genomes.ebi.ac.uk/vol1/ftp/data_collections/mage_rnaseq/
ftp://ftp.sra.ebi.ac.uk/vol1/fastq/SRR197/083/SRR19762583/SRR19762583_1.fastq.gz	bf4e4269f6180863c64c903322eba38a	MAGE RNA-seq	sequence	mRNA	HG02128	Kinh in Ho Chi Minh City, Vietnam	https://ftp.1000genomes.ebi.ac.uk/vol1/ftp/data_collections/mage_rnaseq/
ftp://ftp.sra.ebi.ac.uk/vol1/fastq/SRR197/083/SRR19762583/SRR19762583_2.fastq.gz	bf4e4269f6180863c64c903322eba38a	MAGE RNA-seq	sequence	mRNA	HG02128	Kinh in Ho Chi Minh City, Vietnam	https://ftp.1000genomes.ebi.ac.uk/vol1/ftp/data_collections/mage_rnaseq/
ftp://ftp.sra.ebi.ac.uk/vol1/fastq/SRR197/085/SRR19762585/SRR19762585_1.fastq.gz	e4349ba61a09adfe1d12bc704c87c73d	MAGE RNA-seq	sequence	mRNA	HG02142	Kinh in Ho Chi Minh City, Vietnam	https://ftp.1000genomes.ebi.ac.uk/vol1/ftp/data_collections/mage_rnaseq/
ftp://ftp.sra.ebi.ac.uk/vol1/fastq/SRR197/085/SRR19762585/SRR19762585_2.fastq.gz	e4349ba61a09adfe1d12bc704c87c73d	MAGE RNA-seq	sequence	mRNA	HG02142	Kinh in Ho Chi Minh City, Vietnam	https://ftp.1000genomes.ebi.ac.uk/vol1/ftp/data_collections/mage_rnaseq/
ftp://ftp.sra.ebi.ac.uk/vol1/fastq/SRR197/057/SRR19762257/SRR19762257_1.fastq.gz	a4111ff6fa60806f9811e28aef9cc3ad	MAGE RNA-seq	sequence	mRNA	HG03268	Esan in Nigeria	https://ftp.1000genomes.ebi.ac.uk/vol1/ftp/data_collections/mage_rnaseq/
ftp://ftp.sra.ebi.ac.uk/vol1/fastq/SRR197/057/SRR19762257/SRR19762257_2.fastq.gz	a4111ff6fa60806f9811e28aef9cc3ad	MAGE RNA-seq	sequence	mRNA	HG03268	Esan in Nigeria	https://ftp.1000genomes.ebi.ac.uk/vol1/ftp/data_collections/mage_rnaseq/
ftp://ftp.sra.ebi.ac.uk/vol1/fastq/SRR197/093/SRR19762593/SRR19762593_1.fastq.gz	8e0826c4f85b0f8dd1c7836ed2b1f928	MAGE RNA-seq	sequence	mRNA	HG01809	Chinese Dai in Xishuangbanna, China	https://ftp.1000genomes.ebi.ac.uk/vol1/ftp/data_collections/mage_rnaseq/
ftp://ftp.sra.ebi.ac.uk/vol1/fastq/SRR197/093/SRR19762593/SRR19762593_2.fastq.gz	8e0826c4f85b0f8dd1c7836ed2b1f928	MAGE RNA-seq	sequence	mRNA	HG01809	Chinese Dai in Xishuangbanna, China	https://ftp.1000genomes.ebi.ac.uk/vol1/ftp/data_collections/mage_rnaseq/
ftp://ftp.sra.ebi.ac.uk/vol1/fastq/SRR197/060/SRR19762260/SRR19762260_1.fastq.gz	5416e86eb344cd75a49287318dd76ecf	MAGE RNA-seq	sequence	mRNA	HG03294	Esan in Nigeria	https://ftp.1000genomes.ebi.ac.uk/vol1/ftp/data_collections/mage_rnaseq/
ftp://ftp.sra.ebi.ac.uk/vol1/fastq/SRR197/060/SRR19762260/SRR19762260_2.fastq.gz	5416e86eb344cd75a49287318dd76ecf	MAGE RNA-seq	sequence	mRNA	HG03294	Esan in Nigeria	https://ftp.1000genomes.ebi.ac.uk/vol1/ftp/data_collections/mage_rnaseq/
ftp://ftp.sra.ebi.ac.uk/vol1/fastq/SRR197/095/SRR19762595/SRR19762595_1.fastq.gz	251cfb014a26b5f8b8a05f424aeb5077	MAGE RNA-seq	sequence	mRNA	HG01800	Chinese Dai in Xishuangbanna, China	https://ftp.1000genomes.ebi.ac.uk/vol1/ftp/data_collections/mage_rnaseq/
ftp://ftp.sra.ebi.ac.uk/vol1/fastq/SRR197/095/SRR19762595/SRR19762595_2.fastq.gz	251cfb014a26b5f8b8a05f424aeb5077	MAGE RNA-seq	sequence	mRNA	HG01800	Chinese Dai in Xishuangbanna, China	https://ftp.1000genomes.ebi.ac.uk/vol1/ftp/data_collections/mage_rnaseq/
ftp://ftp.sra.ebi.ac.uk/vol1/fastq/SRR197/003/SRR19762603/SRR19762603_1.fastq.gz	aff8b339ea076bf24ef583fe00c556c2	MAGE RNA-seq	sequence	mRNA	HG01447	Colombian in Medellin, Colombia	https://ftp.1000genomes.ebi.ac.uk/vol1/ftp/data_collections/mage_rnaseq/
ftp://ftp.sra.ebi.ac.uk/vol1/fastq/SRR197/003/SRR19762603/SRR19762603_2.fastq.gz	aff8b339ea076bf24ef583fe00c556c2	MAGE RNA-seq	sequence	mRNA	HG01447	Colombian in Medellin, Colombia	https://ftp.1000genomes.ebi.ac.uk/vol1/ftp/data_collections/mage_rnaseq/
ftp://ftp.sra.ebi.ac.uk/vol1/fastq/SRR197/064/SRR19762264/SRR19762264_1.fastq.gz	fcba4d37670a4eb036984960c93008e7	MAGE RNA-seq	sequence	mRNA	HG03160	Esan in Nigeria	https://ftp.1000genomes.ebi.ac.uk/vol1/ftp/data_collections/mage_rnaseq/
ftp://ftp.sra.ebi.ac.uk/vol1/fastq/SRR197/064/SRR19762264/SRR19762264_2.fastq.gz	fcba4d37670a4eb036984960c93008e7	MAGE RNA-seq	sequence	mRNA	HG03160	Esan in Nigeria	https://ftp.1000genomes.ebi.ac.uk/vol1/ftp/data_collections/mage_rnaseq/
ftp://ftp.sra.ebi.ac.uk/vol1/fastq/SRR197/006/SRR19762606/SRR19762606_1.fastq.gz	5970d0f4ffe7e3825e1c783871c69cf9	MAGE RNA-seq	sequence	mRNA	HG01389	Colombian in Medellin, Colombia	https://ftp.1000genomes.ebi.ac.uk/vol1/ftp/data_collections/mage_rnaseq/
ftp://ftp.sra.ebi.ac.uk/vol1/fastq/SRR197/006/SRR19762606/SRR19762606_2.fastq.gz	5970d0f4ffe7e3825e1c783871c69cf9	MAGE RNA-seq	sequence	mRNA	HG01389	Colombian in Medellin, Colombia	https://ftp.1000genomes.ebi.ac.uk/vol1/ftp/data_collections/mage_rnaseq/
ftp://ftp.sra.ebi.ac.uk/vol1/fastq/SRR197/065/SRR19762265/SRR19762265_1.fastq.gz	e2b2ff450f972c85167f52d98a6395e7	MAGE RNA-seq	sequence	mRNA	HG03157	Esan in Nigeria	https://ftp.1000genomes.ebi.ac.uk/vol1/ftp/data_collections/mage_rnaseq/
ftp://ftp.sra.ebi.ac.uk/vol1/fastq/SRR197/065/SRR19762265/SRR19762265_2.fastq.gz	e2b2ff450f972c85167f52d98a6395e7	MAGE RNA-seq	sequence	mRNA	HG03157	Esan in Nigeria	https://ftp.1000genomes.ebi.ac.uk/vol1/ftp/data_collections/mage_rnaseq/
ftp://ftp.sra.ebi.ac.uk/vol1/fastq/SRR197/009/SRR19762609/SRR19762609_1.fastq.gz	cba07f7d1515f2f9b5c9d074b07ee084	MAGE RNA-seq	sequence	mRNA	HG01363	Colombian in Medellin, Colombia	https://ftp.1000genomes.ebi.ac.uk/vol1/ftp/data_collections/mage_rnaseq/
ftp://ftp.sra.ebi.ac.uk/vol1/fastq/SRR197/009/SRR19762609/SRR19762609_2.fastq.gz	cba07f7d1515f2f9b5c9d074b07ee084	MAGE RNA-seq	sequence	mRNA	HG01363	Colombian in Medellin, Colombia	https://ftp.1000genomes.ebi.ac.uk/vol1/ftp/data_collections/mage_rnaseq/
ftp://ftp.sra.ebi.ac.uk/vol1/fastq/SRR197/069/SRR19762269/SRR19762269_1.fastq.gz	ff03dd1083f5a8da8365e901358487d0	MAGE RNA-seq	sequence	mRNA	HG03129	Esan in Nigeria	https://ftp.1000genomes.ebi.ac.uk/vol1/ftp/data_collections/mage_rnaseq/
ftp://ftp.sra.ebi.ac.uk/vol1/fastq/SRR197/069/SRR19762269/SRR19762269_2.fastq.gz	ff03dd1083f5a8da8365e901358487d0	MAGE RNA-seq	sequence	mRNA	HG03129	Esan in Nigeria	https://ftp.1000genomes.ebi.ac.uk/vol1/ftp/data_collections/mage_rnaseq/
ftp://ftp.sra.ebi.ac.uk/vol1/fastq/SRR197/011/SRR19762611/SRR19762611_1.fastq.gz	7ddbc7c3ec98a87aa8ab2d6c8f5d2904	MAGE RNA-seq	sequence	mRNA	HG01345	Colombian in Medellin, Colombia	https://ftp.1000genomes.ebi.ac.uk/vol1/ftp/data_collections/mage_rnaseq/
ftp://ftp.sra.ebi.ac.uk/vol1/fastq/SRR197/011/SRR19762611/SRR19762611_2.fastq.gz	7ddbc7c3ec98a87aa8ab2d6c8f5d2904	MAGE RNA-seq	sequence	mRNA	HG01345	Colombian in Medellin, Colombia	https://ftp.1000genomes.ebi.ac.uk/vol1/ftp/data_collections/mage_rnaseq/
ftp://ftp.sra.ebi.ac.uk/vol1/fastq/SRR197/073/SRR19762273/SRR19762273_1.fastq.gz	432abce293e52e90c44e80b737e4ee18	MAGE RNA-seq	sequence	mRNA	NA21112	Gujarati Indians in Houston, TX	https://ftp.1000genomes.ebi.ac.uk/vol1/ftp/data_collections/mage_rnaseq/
ftp://ftp.sra.ebi.ac.uk/vol1/fastq/SRR197/073/SRR19762273/SRR19762273_2.fastq.gz	432abce293e52e90c44e80b737e4ee18	MAGE RNA-seq	sequence	mRNA	NA21112	Gujarati Indians in Houston, TX	https://ftp.1000genomes.ebi.ac.uk/vol1/ftp/data_collections/mage_rnaseq/
ftp://ftp.sra.ebi.ac.uk/vol1/fastq/SRR197/012/SRR19762612/SRR19762612_1.fastq.gz	a807d56b1e6d3ff923fc399ad85951b0	MAGE RNA-seq	sequence	mRNA	HG00130	British in England and Scotland	https://ftp.1000genomes.ebi.ac.uk/vol1/ftp/data_collections/mage_rnaseq/
ftp://ftp.sra.ebi.ac.uk/vol1/fastq/SRR197/012/SRR19762612/SRR19762612_2.fastq.gz	a807d56b1e6d3ff923fc399ad85951b0	MAGE RNA-seq	sequence	mRNA	HG00130	British in England and Scotland	https://ftp.1000genomes.ebi.ac.uk/vol1/ftp/data_collections/mage_rnaseq/
ftp://ftp.sra.ebi.ac.uk/vol1/fastq/SRR197/015/SRR19762615/SRR19762615_1.fastq.gz	493d34af03a389d5e7a2139c9be75249	MAGE RNA-seq	sequence	mRNA	HG01341	Colombian in Medellin, Colombia	https://ftp.1000genomes.ebi.ac.uk/vol1/ftp/data_collections/mage_rnaseq/
ftp://ftp.sra.ebi.ac.uk/vol1/fastq/SRR197/015/SRR19762615/SRR19762615_2.fastq.gz	493d34af03a389d5e7a2139c9be75249	MAGE RNA-seq	sequence	mRNA	HG01341	Colombian in Medellin, Colombia	https://ftp.1000genomes.ebi.ac.uk/vol1/ftp/data_collections/mage_rnaseq/
ftp://ftp.sra.ebi.ac.uk/vol1/fastq/SRR197/020/SRR19762620/SRR19762620_1.fastq.gz	0d82a90380fc428105dc95eac890a028	MAGE RNA-seq	sequence	mRNA	NA19054	Japanese in Tokyo, Japan	https://ftp.1000genomes.ebi.ac.uk/vol1/ftp/data_collections/mage_rnaseq/
ftp://ftp.sra.ebi.ac.uk/vol1/fastq/SRR197/020/SRR19762620/SRR19762620_2.fastq.gz	0d82a90380fc428105dc95eac890a028	MAGE RNA-seq	sequence	mRNA	NA19054	Japanese in Tokyo, Japan	https://ftp.1000genomes.ebi.ac.uk/vol1/ftp/data_collections/mage_rnaseq/
ftp://ftp.sra.ebi.ac.uk/vol1/fastq/SRR197/021/SRR19762621/SRR19762621_1.fastq.gz	433492dfe6dcaf42304a1bb8ea9c5fdd	MAGE RNA-seq	sequence	mRNA	NA19028	Luhya in Webuye, Kenya	https://ftp.1000genomes.ebi.ac.uk/vol1/ftp/data_collections/mage_rnaseq/
ftp://ftp.sra.ebi.ac.uk/vol1/fastq/SRR197/021/SRR19762621/SRR19762621_2.fastq.gz	433492dfe6dcaf42304a1bb8ea9c5fdd	MAGE RNA-seq	sequence	mRNA	NA19028	Luhya in Webuye, Kenya	https://ftp.1000genomes.ebi.ac.uk/vol1/ftp/data_collections/mage_rnaseq/
ftp://ftp.sra.ebi.ac.uk/vol1/fastq/SRR197/076/SRR19762276/SRR19762276_1.fastq.gz	771a7232eeb75e2d520ba63f25f3dc2c	MAGE RNA-seq	sequence	mRNA	HG00410	Han Chinese South	https://ftp.1000genomes.ebi.ac.uk/vol1/ftp/data_collections/mage_rnaseq/
ftp://ftp.sra.ebi.ac.uk/vol1/fastq/SRR197/076/SRR19762276/SRR19762276_2.fastq.gz	771a7232eeb75e2d520ba63f25f3dc2c	MAGE RNA-seq	sequence	mRNA	HG00410	Han Chinese South	https://ftp.1000genomes.ebi.ac.uk/vol1/ftp/data_collections/mage_rnaseq/
ftp://ftp.sra.ebi.ac.uk/vol1/fastq/SRR197/022/SRR19762622/SRR19762622_1.fastq.gz	bb2b620691487ce4e595d9d7d31d568a	MAGE RNA-seq	sequence	mRNA	NA19025	Luhya in Webuye, Kenya	https://ftp.1000genomes.ebi.ac.uk/vol1/ftp/data_collections/mage_rnaseq/
ftp://ftp.sra.ebi.ac.uk/vol1/fastq/SRR197/022/SRR19762622/SRR19762622_2.fastq.gz	bb2b620691487ce4e595d9d7d31d568a	MAGE RNA-seq	sequence	mRNA	NA19025	Luhya in Webuye, Kenya	https://ftp.1000genomes.ebi.ac.uk/vol1/ftp/data_collections/mage_rnaseq/
ftp://ftp.sra.ebi.ac.uk/vol1/fastq/SRR197/087/SRR19762287/SRR19762287_1.fastq.gz	67052e97f0e3f50e3c497e69cea7edce	MAGE RNA-seq	sequence	mRNA	NA20278	African Ancestry in Southwest US	https://ftp.1000genomes.ebi.ac.uk/vol1/ftp/data_collections/mage_rnaseq/
ftp://ftp.sra.ebi.ac.uk/vol1/fastq/SRR197/087/SRR19762287/SRR19762287_2.fastq.gz	67052e97f0e3f50e3c497e69cea7edce	MAGE RNA-seq	sequence	mRNA	NA20278	African Ancestry in Southwest US	https://ftp.1000genomes.ebi.ac.uk/vol1/ftp/data_collections/mage_rnaseq/
ftp://ftp.sra.ebi.ac.uk/vol1/fastq/SRR197/023/SRR19762623/SRR19762623_1.fastq.gz	152e956bc5af76947dda2c17c73bd9e0	MAGE RNA-seq	sequence	mRNA	NA19010	Japanese in Tokyo, Japan	https://ftp.1000genomes.ebi.ac.uk/vol1/ftp/data_collections/mage_rnaseq/
ftp://ftp.sra.ebi.ac.uk/vol1/fastq/SRR197/023/SRR19762623/SRR19762623_2.fastq.gz	152e956bc5af76947dda2c17c73bd9e0	MAGE RNA-seq	sequence	mRNA	NA19010	Japanese in Tokyo, Japan	https://ftp.1000genomes.ebi.ac.uk/vol1/ftp/data_collections/mage_rnaseq/
ftp://ftp.sra.ebi.ac.uk/vol1/fastq/SRR197/029/SRR19762629/SRR19762629_1.fastq.gz	af40541c28d2381ac2a16a274fdaf3da	MAGE RNA-seq	sequence	mRNA	NA18545	Han Chinese in Beijing, China	https://ftp.1000genomes.ebi.ac.uk/vol1/ftp/data_collections/mage_rnaseq/
ftp://ftp.sra.ebi.ac.uk/vol1/fastq/SRR197/029/SRR19762629/SRR19762629_2.fastq.gz	af40541c28d2381ac2a16a274fdaf3da	MAGE RNA-seq	sequence	mRNA	NA18545	Han Chinese in Beijing, China	https://ftp.1000genomes.ebi.ac.uk/vol1/ftp/data_collections/mage_rnaseq/
ftp://ftp.sra.ebi.ac.uk/vol1/fastq/SRR197/088/SRR19762288/SRR19762288_1.fastq.gz	76575de3244a07d318141226e47bc506	MAGE RNA-seq	sequence	mRNA	HG00113	British in England and Scotland	https://ftp.1000genomes.ebi.ac.uk/vol1/ftp/data_collections/mage_rnaseq/
ftp://ftp.sra.ebi.ac.uk/vol1/fastq/SRR197/088/SRR19762288/SRR19762288_2.fastq.gz	76575de3244a07d318141226e47bc506	MAGE RNA-seq	sequence	mRNA	HG00113	British in England and Scotland	https://ftp.1000genomes.ebi.ac.uk/vol1/ftp/data_collections/mage_rnaseq/
ftp://ftp.sra.ebi.ac.uk/vol1/fastq/SRR197/030/SRR19762630/SRR19762630_1.fastq.gz	acf4e2042b975a999a1202fb435547fe	MAGE RNA-seq	sequence	mRNA	NA18544	Han Chinese in Beijing, China	https://ftp.1000genomes.ebi.ac.uk/vol1/ftp/data_collections/mage_rnaseq/
ftp://ftp.sra.ebi.ac.uk/vol1/fastq/SRR197/030/SRR19762630/SRR19762630_2.fastq.gz	acf4e2042b975a999a1202fb435547fe	MAGE RNA-seq	sequence	mRNA	NA18544	Han Chinese in Beijing, China	https://ftp.1000genomes.ebi.ac.uk/vol1/ftp/data_collections/mage_rnaseq/
ftp://ftp.sra.ebi.ac.uk/vol1/fastq/SRR197/095/SRR19762295/SRR19762295_1.fastq.gz	c424c71950018b1cbc5d833f8b102923	MAGE RNA-seq	sequence	mRNA	NA19913	African Ancestry in Southwest US	https://ftp.1000genomes.ebi.ac.uk/vol1/ftp/data_collections/mage_rnaseq/
ftp://ftp.sra.ebi.ac.uk/vol1/fastq/SRR197/095/SRR19762295/SRR19762295_2.fastq.gz	c424c71950018b1cbc5d833f8b102923	MAGE RNA-seq	sequence	mRNA	NA19913	African Ancestry in Southwest US	https://ftp.1000genomes.ebi.ac.uk/vol1/ftp/data_collections/mage_rnaseq/
ftp://ftp.sra.ebi.ac.uk/vol1/fastq/SRR197/031/SRR19762631/SRR19762631_1.fastq.gz	4c6224cf4985c6c8a2b425cdefb78cf8	MAGE RNA-seq	sequence	mRNA	NA18548	Han Chinese in Beijing, China	https://ftp.1000genomes.ebi.ac.uk/vol1/ftp/data_collections/mage_rnaseq/
ftp://ftp.sra.ebi.ac.uk/vol1/fastq/SRR197/031/SRR19762631/SRR19762631_2.fastq.gz	4c6224cf4985c6c8a2b425cdefb78cf8	MAGE RNA-seq	sequence	mRNA	NA18548	Han Chinese in Beijing, China	https://ftp.1000genomes.ebi.ac.uk/vol1/ftp/data_collections/mage_rnaseq/
ftp://ftp.sra.ebi.ac.uk/vol1/fastq/SRR197/098/SRR19762298/SRR19762298_1.fastq.gz	fb3107c2a707289a0aa32832756cdc8d	MAGE RNA-seq	sequence	mRNA	NA19663	Mexican Ancestry in Los Angeles, California	https://ftp.1000genomes.ebi.ac.uk/vol1/ftp/data_collections/mage_rnaseq/
ftp://ftp.sra.ebi.ac.uk/vol1/fastq/SRR197/098/SRR19762298/SRR19762298_2.fastq.gz	fb3107c2a707289a0aa32832756cdc8d	MAGE RNA-seq	sequence	mRNA	NA19663	Mexican Ancestry in Los Angeles, California	https://ftp.1000genomes.ebi.ac.uk/vol1/ftp/data_collections/mage_rnaseq/
ftp://ftp.sra.ebi.ac.uk/vol1/fastq/SRR197/034/SRR19762634/SRR19762634_1.fastq.gz	c195d1e656b2e8bed968fc560eee8536	MAGE RNA-seq	sequence	mRNA	NA18541	Han Chinese in Beijing, China	https://ftp.1000genomes.ebi.ac.uk/vol1/ftp/data_collections/mage_rnaseq/
ftp://ftp.sra.ebi.ac.uk/vol1/fastq/SRR197/034/SRR19762634/SRR19762634_2.fastq.gz	c195d1e656b2e8bed968fc560eee8536	MAGE RNA-seq	sequence	mRNA	NA18541	Han Chinese in Beijing, China	https://ftp.1000genomes.ebi.ac.uk/vol1/ftp/data_collections/mage_rnaseq/
ftp://ftp.sra.ebi.ac.uk/vol1/fastq/SRR197/035/SRR19762635/SRR19762635_1.fastq.gz	d73365a8b36550844e0114bb8913af7a	MAGE RNA-seq	sequence	mRNA	NA18535	Han Chinese in Beijing, China	https://ftp.1000genomes.ebi.ac.uk/vol1/ftp/data_collections/mage_rnaseq/
ftp://ftp.sra.ebi.ac.uk/vol1/fastq/SRR197/035/SRR19762635/SRR19762635_2.fastq.gz	d73365a8b36550844e0114bb8913af7a	MAGE RNA-seq	sequence	mRNA	NA18535	Han Chinese in Beijing, China	https://ftp.1000genomes.ebi.ac.uk/vol1/ftp/data_collections/mage_rnaseq/
ftp://ftp.sra.ebi.ac.uk/vol1/fastq/SRR197/000/SRR19762300/SRR19762300_1.fastq.gz	7e689c78e573cd2f9e2781407990b591	MAGE RNA-seq	sequence	mRNA	NA19654	Mexican Ancestry in Los Angeles, California	https://ftp.1000genomes.ebi.ac.uk/vol1/ftp/data_collections/mage_rnaseq/
ftp://ftp.sra.ebi.ac.uk/vol1/fastq/SRR197/000/SRR19762300/SRR19762300_2.fastq.gz	7e689c78e573cd2f9e2781407990b591	MAGE RNA-seq	sequence	mRNA	NA19654	Mexican Ancestry in Los Angeles, California	https://ftp.1000genomes.ebi.ac.uk/vol1/ftp/data_collections/mage_rnaseq/
ftp://ftp.sra.ebi.ac.uk/vol1/fastq/SRR197/037/SRR19762637/SRR19762637_1.fastq.gz	e405c909c361980438e693db5c09fa5d	MAGE RNA-seq	sequence	mRNA	NA18528	Han Chinese in Beijing, China	https://ftp.1000genomes.ebi.ac.uk/vol1/ftp/data_collections/mage_rnaseq/
ftp://ftp.sra.ebi.ac.uk/vol1/fastq/SRR197/037/SRR19762637/SRR19762637_2.fastq.gz	e405c909c361980438e693db5c09fa5d	MAGE RNA-seq	sequence	mRNA	NA18528	Han Chinese in Beijing, China	https://ftp.1000genomes.ebi.ac.uk/vol1/ftp/data_collections/mage_rnaseq/
ftp://ftp.sra.ebi.ac.uk/vol1/fastq/SRR197/005/SRR19762305/SRR19762305_1.fastq.gz	c81adacf8232a1d8c743be707f3f45d8	MAGE RNA-seq	sequence	mRNA	NA19475	Luhya in Webuye, Kenya	https://ftp.1000genomes.ebi.ac.uk/vol1/ftp/data_collections/mage_rnaseq/
ftp://ftp.sra.ebi.ac.uk/vol1/fastq/SRR197/005/SRR19762305/SRR19762305_2.fastq.gz	c81adacf8232a1d8c743be707f3f45d8	MAGE RNA-seq	sequence	mRNA	NA19475	Luhya in Webuye, Kenya	https://ftp.1000genomes.ebi.ac.uk/vol1/ftp/data_collections/mage_rnaseq/
ftp://ftp.sra.ebi.ac.uk/vol1/fastq/SRR197/038/SRR19762638/SRR19762638_1.fastq.gz	c87fc2013fff07333816d5ba474ebe22	MAGE RNA-seq	sequence	mRNA	HG00304	Finnish in Finland	https://ftp.1000genomes.ebi.ac.uk/vol1/ftp/data_collections/mage_rnaseq/
ftp://ftp.sra.ebi.ac.uk/vol1/fastq/SRR197/038/SRR19762638/SRR19762638_2.fastq.gz	c87fc2013fff07333816d5ba474ebe22	MAGE RNA-seq	sequence	mRNA	HG00304	Finnish in Finland	https://ftp.1000genomes.ebi.ac.uk/vol1/ftp/data_collections/mage_rnaseq/
ftp://ftp.sra.ebi.ac.uk/vol1/fastq/SRR197/010/SRR19762310/SRR19762310_1.fastq.gz	855fe022f88df7d26716fa69e325dfde	MAGE RNA-seq	sequence	mRNA	NA19443	Luhya in Webuye, Kenya	https://ftp.1000genomes.ebi.ac.uk/vol1/ftp/data_collections/mage_rnaseq/
ftp://ftp.sra.ebi.ac.uk/vol1/fastq/SRR197/010/SRR19762310/SRR19762310_2.fastq.gz	855fe022f88df7d26716fa69e325dfde	MAGE RNA-seq	sequence	mRNA	NA19443	Luhya in Webuye, Kenya	https://ftp.1000genomes.ebi.ac.uk/vol1/ftp/data_collections/mage_rnaseq/
ftp://ftp.sra.ebi.ac.uk/vol1/fastq/SRR197/043/SRR19762643/SRR19762643_1.fastq.gz	7613208a6332315e7c41f4a968e545da	MAGE RNA-seq	sequence	mRNA	NA12003	Utah residents (CEPH) with Northern and Western European ancestry	https://ftp.1000genomes.ebi.ac.uk/vol1/ftp/data_collections/mage_rnaseq/
ftp://ftp.sra.ebi.ac.uk/vol1/fastq/SRR197/043/SRR19762643/SRR19762643_2.fastq.gz	7613208a6332315e7c41f4a968e545da	MAGE RNA-seq	sequence	mRNA	NA12003	Utah residents (CEPH) with Northern and Western European ancestry	https://ftp.1000genomes.ebi.ac.uk/vol1/ftp/data_collections/mage_rnaseq/
ftp://ftp.sra.ebi.ac.uk/vol1/fastq/SRR197/011/SRR19762311/SRR19762311_1.fastq.gz	e5ff8396be8f237b1df0bded3a757169	MAGE RNA-seq	sequence	mRNA	HG00331	Finnish in Finland	https://ftp.1000genomes.ebi.ac.uk/vol1/ftp/data_collections/mage_rnaseq/
ftp://ftp.sra.ebi.ac.uk/vol1/fastq/SRR197/011/SRR19762311/SRR19762311_2.fastq.gz	e5ff8396be8f237b1df0bded3a757169	MAGE RNA-seq	sequence	mRNA	HG00331	Finnish in Finland	https://ftp.1000genomes.ebi.ac.uk/vol1/ftp/data_collections/mage_rnaseq/
ftp://ftp.sra.ebi.ac.uk/vol1/fastq/SRR197/047/SRR19762647/SRR19762647_1.fastq.gz	61d39032dffa6c2762af6df94ded73f5	MAGE RNA-seq	sequence	mRNA	NA11932	Utah residents (CEPH) with Northern and Western European ancestry	https://ftp.1000genomes.ebi.ac.uk/vol1/ftp/data_collections/mage_rnaseq/
ftp://ftp.sra.ebi.ac.uk/vol1/fastq/SRR197/047/SRR19762647/SRR19762647_2.fastq.gz	61d39032dffa6c2762af6df94ded73f5	MAGE RNA-seq	sequence	mRNA	NA11932	Utah residents (CEPH) with Northern and Western European ancestry	https://ftp.1000genomes.ebi.ac.uk/vol1/ftp/data_collections/mage_rnaseq/
ftp://ftp.sra.ebi.ac.uk/vol1/fastq/SRR197/015/SRR19762315/SRR19762315_1.fastq.gz	c00ab1f80693b3ce1895097d655ff82f	MAGE RNA-seq	sequence	mRNA	HG00404	Han Chinese South	https://ftp.1000genomes.ebi.ac.uk/vol1/ftp/data_collections/mage_rnaseq/
ftp://ftp.sra.ebi.ac.uk/vol1/fastq/SRR197/015/SRR19762315/SRR19762315_2.fastq.gz	c00ab1f80693b3ce1895097d655ff82f	MAGE RNA-seq	sequence	mRNA	HG00404	Han Chinese South	https://ftp.1000genomes.ebi.ac.uk/vol1/ftp/data_collections/mage_rnaseq/
ftp://ftp.sra.ebi.ac.uk/vol1/fastq/SRR197/048/SRR19762648/SRR19762648_1.fastq.gz	2068239e3668ee75f93055be06554c78	MAGE RNA-seq	sequence	mRNA	NA11930	Utah residents (CEPH) with Northern and Western European ancestry	https://ftp.1000genomes.ebi.ac.uk/vol1/ftp/data_collections/mage_rnaseq/
ftp://ftp.sra.ebi.ac.uk/vol1/fastq/SRR197/048/SRR19762648/SRR19762648_2.fastq.gz	2068239e3668ee75f93055be06554c78	MAGE RNA-seq	sequence	mRNA	NA11930	Utah residents (CEPH) with Northern and Western European ancestry	https://ftp.1000genomes.ebi.ac.uk/vol1/ftp/data_collections/mage_rnaseq/
ftp://ftp.sra.ebi.ac.uk/vol1/fastq/SRR197/016/SRR19762316/SRR19762316_1.fastq.gz	f3d255d12415d7ffe3353991a18991a0	MAGE RNA-seq	sequence	mRNA	NA20870	Gujarati Indians in Houston, TX	https://ftp.1000genomes.ebi.ac.uk/vol1/ftp/data_collections/mage_rnaseq/
ftp://ftp.sra.ebi.ac.uk/vol1/fastq/SRR197/016/SRR19762316/SRR19762316_2.fastq.gz	f3d255d12415d7ffe3353991a18991a0	MAGE RNA-seq	sequence	mRNA	NA20870	Gujarati Indians in Houston, TX	https://ftp.1000genomes.ebi.ac.uk/vol1/ftp/data_collections/mage_rnaseq/
ftp://ftp.sra.ebi.ac.uk/vol1/fastq/SRR197/051/SRR19762651/SRR19762651_1.fastq.gz	fe6db34280c41d5393b79557ead8d462	MAGE RNA-seq	sequence	mRNA	HG00269	Finnish in Finland	https://ftp.1000genomes.ebi.ac.uk/vol1/ftp/data_collections/mage_rnaseq/
ftp://ftp.sra.ebi.ac.uk/vol1/fastq/SRR197/051/SRR19762651/SRR19762651_2.fastq.gz	fe6db34280c41d5393b79557ead8d462	MAGE RNA-seq	sequence	mRNA	HG00269	Finnish in Finland	https://ftp.1000genomes.ebi.ac.uk/vol1/ftp/data_collections/mage_rnaseq/
ftp://ftp.sra.ebi.ac.uk/vol1/fastq/SRR197/026/SRR19762326/SRR19762326_1.fastq.gz	ed5532191133adb4b27cb4a16f315a1c	MAGE RNA-seq	sequence	mRNA	NA20832	Toscani in Italy	https://ftp.1000genomes.ebi.ac.uk/vol1/ftp/data_collections/mage_rnaseq/
ftp://ftp.sra.ebi.ac.uk/vol1/fastq/SRR197/026/SRR19762326/SRR19762326_2.fastq.gz	ed5532191133adb4b27cb4a16f315a1c	MAGE RNA-seq	sequence	mRNA	NA20832	Toscani in Italy	https://ftp.1000genomes.ebi.ac.uk/vol1/ftp/data_collections/mage_rnaseq/
ftp://ftp.sra.ebi.ac.uk/vol1/fastq/SRR197/053/SRR19762653/SRR19762653_1.fastq.gz	22ac0252dc68141b91b129fbbfa775da	MAGE RNA-seq	sequence	mRNA	NA11919	Utah residents (CEPH) with Northern and Western European ancestry	https://ftp.1000genomes.ebi.ac.uk/vol1/ftp/data_collections/mage_rnaseq/
ftp://ftp.sra.ebi.ac.uk/vol1/fastq/SRR197/053/SRR19762653/SRR19762653_2.fastq.gz	22ac0252dc68141b91b129fbbfa775da	MAGE RNA-seq	sequence	mRNA	NA11919	Utah residents (CEPH) with Northern and Western European ancestry	https://ftp.1000genomes.ebi.ac.uk/vol1/ftp/data_collections/mage_rnaseq/
ftp://ftp.sra.ebi.ac.uk/vol1/fastq/SRR197/054/SRR19762654/SRR19762654_1.fastq.gz	0b40f5f736d4ca320353ee3778e26c9b	MAGE RNA-seq	sequence	mRNA	HG00110	British in England and Scotland	https://ftp.1000genomes.ebi.ac.uk/vol1/ftp/data_collections/mage_rnaseq/
ftp://ftp.sra.ebi.ac.uk/vol1/fastq/SRR197/054/SRR19762654/SRR19762654_2.fastq.gz	0b40f5f736d4ca320353ee3778e26c9b	MAGE RNA-seq	sequence	mRNA	HG00110	British in England and Scotland	https://ftp.1000genomes.ebi.ac.uk/vol1/ftp/data_collections/mage_rnaseq/
ftp://ftp.sra.ebi.ac.uk/vol1/fastq/SRR197/055/SRR19762655/SRR19762655_1.fastq.gz	9f47ae6d9fb573f864f4d62afc0dab61	MAGE RNA-seq	sequence	mRNA	HG04227	Sri Lankan Tamil in the UK	https://ftp.1000genomes.ebi.ac.uk/vol1/ftp/data_collections/mage_rnaseq/
ftp://ftp.sra.ebi.ac.uk/vol1/fastq/SRR197/055/SRR19762655/SRR19762655_2.fastq.gz	9f47ae6d9fb573f864f4d62afc0dab61	MAGE RNA-seq	sequence	mRNA	HG04227	Sri Lankan Tamil in the UK	https://ftp.1000genomes.ebi.ac.uk/vol1/ftp/data_collections/mage_rnaseq/
ftp://ftp.sra.ebi.ac.uk/vol1/fastq/SRR197/031/SRR19762331/SRR19762331_1.fastq.gz	dc79df23b41a7b794fe375b29c127b16	MAGE RNA-seq	sequence	mRNA	NA20821	Toscani in Italy	https://ftp.1000genomes.ebi.ac.uk/vol1/ftp/data_collections/mage_rnaseq/
ftp://ftp.sra.ebi.ac.uk/vol1/fastq/SRR197/031/SRR19762331/SRR19762331_2.fastq.gz	dc79df23b41a7b794fe375b29c127b16	MAGE RNA-seq	sequence	mRNA	NA20821	Toscani in Italy	https://ftp.1000genomes.ebi.ac.uk/vol1/ftp/data_collections/mage_rnaseq/
ftp://ftp.sra.ebi.ac.uk/vol1/fastq/SRR197/035/SRR19762335/SRR19762335_1.fastq.gz	ab384a018f2ec51077bc573fbaa5cb26	MAGE RNA-seq	sequence	mRNA	NA20797	Toscani in Italy	https://ftp.1000genomes.ebi.ac.uk/vol1/ftp/data_collections/mage_rnaseq/
ftp://ftp.sra.ebi.ac.uk/vol1/fastq/SRR197/035/SRR19762335/SRR19762335_2.fastq.gz	ab384a018f2ec51077bc573fbaa5cb26	MAGE RNA-seq	sequence	mRNA	NA20797	Toscani in Italy	https://ftp.1000genomes.ebi.ac.uk/vol1/ftp/data_collections/mage_rnaseq/
ftp://ftp.sra.ebi.ac.uk/vol1/fastq/SRR197/056/SRR19762656/SRR19762656_1.fastq.gz	464276c642aaef8e84e3247b4fc615f0	MAGE RNA-seq	sequence	mRNA	HG03897	Sri Lankan Tamil in the UK	https://ftp.1000genomes.ebi.ac.uk/vol1/ftp/data_collections/mage_rnaseq/
ftp://ftp.sra.ebi.ac.uk/vol1/fastq/SRR197/056/SRR19762656/SRR19762656_2.fastq.gz	464276c642aaef8e84e3247b4fc615f0	MAGE RNA-seq	sequence	mRNA	HG03897	Sri Lankan Tamil in the UK	https://ftp.1000genomes.ebi.ac.uk/vol1/ftp/data_collections/mage_rnaseq/
ftp://ftp.sra.ebi.ac.uk/vol1/fastq/SRR197/059/SRR19762659/SRR19762659_1.fastq.gz	b90ea939d016d3a386714d4b03c4ede6	MAGE RNA-seq	sequence	mRNA	HG03896	Sri Lankan Tamil in the UK	https://ftp.1000genomes.ebi.ac.uk/vol1/ftp/data_collections/mage_rnaseq/
ftp://ftp.sra.ebi.ac.uk/vol1/fastq/SRR197/059/SRR19762659/SRR19762659_2.fastq.gz	b90ea939d016d3a386714d4b03c4ede6	MAGE RNA-seq	sequence	mRNA	HG03896	Sri Lankan Tamil in the UK	https://ftp.1000genomes.ebi.ac.uk/vol1/ftp/data_collections/mage_rnaseq/
ftp://ftp.sra.ebi.ac.uk/vol1/fastq/SRR197/072/SRR19762672/SRR19762672_1.fastq.gz	06c53ee3efac1f22690904e3e4c92947	MAGE RNA-seq	sequence	mRNA	HG03548	Mende in Sierra Leone	https://ftp.1000genomes.ebi.ac.uk/vol1/ftp/data_collections/mage_rnaseq/
ftp://ftp.sra.ebi.ac.uk/vol1/fastq/SRR197/072/SRR19762672/SRR19762672_2.fastq.gz	06c53ee3efac1f22690904e3e4c92947	MAGE RNA-seq	sequence	mRNA	HG03548	Mende in Sierra Leone	https://ftp.1000genomes.ebi.ac.uk/vol1/ftp/data_collections/mage_rnaseq/
ftp://ftp.sra.ebi.ac.uk/vol1/fastq/SRR197/073/SRR19762673/SRR19762673_1.fastq.gz	8087627c7cf5027a3de3a2f61d1025a8	MAGE RNA-seq	sequence	mRNA	HG03557	Mende in Sierra Leone	https://ftp.1000genomes.ebi.ac.uk/vol1/ftp/data_collections/mage_rnaseq/
ftp://ftp.sra.ebi.ac.uk/vol1/fastq/SRR197/073/SRR19762673/SRR19762673_2.fastq.gz	8087627c7cf5027a3de3a2f61d1025a8	MAGE RNA-seq	sequence	mRNA	HG03557	Mende in Sierra Leone	https://ftp.1000genomes.ebi.ac.uk/vol1/ftp/data_collections/mage_rnaseq/
ftp://ftp.sra.ebi.ac.uk/vol1/fastq/SRR197/088/SRR19762688/SRR19762688_1.fastq.gz	dfc620c395f78d7a867451f0d512ee23	MAGE RNA-seq	sequence	mRNA	HG03058	Mende in Sierra Leone	https://ftp.1000genomes.ebi.ac.uk/vol1/ftp/data_collections/mage_rnaseq/
ftp://ftp.sra.ebi.ac.uk/vol1/fastq/SRR197/088/SRR19762688/SRR19762688_2.fastq.gz	dfc620c395f78d7a867451f0d512ee23	MAGE RNA-seq	sequence	mRNA	HG03058	Mende in Sierra Leone	https://ftp.1000genomes.ebi.ac.uk/vol1/ftp/data_collections/mage_rnaseq/
ftp://ftp.sra.ebi.ac.uk/vol1/fastq/SRR197/090/SRR19762690/SRR19762690_1.fastq.gz	7e9ad9eb0a5fe8947648438e89a0d77b	MAGE RNA-seq	sequence	mRNA	HG02977	Esan in Nigeria	https://ftp.1000genomes.ebi.ac.uk/vol1/ftp/data_collections/mage_rnaseq/
ftp://ftp.sra.ebi.ac.uk/vol1/fastq/SRR197/090/SRR19762690/SRR19762690_2.fastq.gz	7e9ad9eb0a5fe8947648438e89a0d77b	MAGE RNA-seq	sequence	mRNA	HG02977	Esan in Nigeria	https://ftp.1000genomes.ebi.ac.uk/vol1/ftp/data_collections/mage_rnaseq/
ftp://ftp.sra.ebi.ac.uk/vol1/fastq/SRR197/038/SRR19762338/SRR19762338_1.fastq.gz	f4df3fd740cf3e6849c21de1ad013484	MAGE RNA-seq	sequence	mRNA	NA20797	Toscani in Italy	https://ftp.1000genomes.ebi.ac.uk/vol1/ftp/data_collections/mage_rnaseq/
ftp://ftp.sra.ebi.ac.uk/vol1/fastq/SRR197/038/SRR19762338/SRR19762338_2.fastq.gz	f4df3fd740cf3e6849c21de1ad013484	MAGE RNA-seq	sequence	mRNA	NA20797	Toscani in Italy	https://ftp.1000genomes.ebi.ac.uk/vol1/ftp/data_collections/mage_rnaseq/
ftp://ftp.sra.ebi.ac.uk/vol1/fastq/SRR197/094/SRR19762694/SRR19762694_1.fastq.gz	f6f98c2b43f8a51c352b0789db3cc110	MAGE RNA-seq	sequence	mRNA	HG02946	Esan in Nigeria	https://ftp.1000genomes.ebi.ac.uk/vol1/ftp/data_collections/mage_rnaseq/
ftp://ftp.sra.ebi.ac.uk/vol1/fastq/SRR197/094/SRR19762694/SRR19762694_2.fastq.gz	f6f98c2b43f8a51c352b0789db3cc110	MAGE RNA-seq	sequence	mRNA	HG02946	Esan in Nigeria	https://ftp.1000genomes.ebi.ac.uk/vol1/ftp/data_collections/mage_rnaseq/
ftp://ftp.sra.ebi.ac.uk/vol1/fastq/SRR197/039/SRR19762339/SRR19762339_1.fastq.gz	a0213d2cf110d2791991e5e51dba0165	MAGE RNA-seq	sequence	mRNA	NA20797	Toscani in Italy	https://ftp.1000genomes.ebi.ac.uk/vol1/ftp/data_collections/mage_rnaseq/
ftp://ftp.sra.ebi.ac.uk/vol1/fastq/SRR197/039/SRR19762339/SRR19762339_2.fastq.gz	a0213d2cf110d2791991e5e51dba0165	MAGE RNA-seq	sequence	mRNA	NA20797	Toscani in Italy	https://ftp.1000genomes.ebi.ac.uk/vol1/ftp/data_collections/mage_rnaseq/
ftp://ftp.sra.ebi.ac.uk/vol1/fastq/SRR197/095/SRR19762695/SRR19762695_1.fastq.gz	908d572c2e79035c42a0d640df36e020	MAGE RNA-seq	sequence	mRNA	HG02970	Esan in Nigeria	https://ftp.1000genomes.ebi.ac.uk/vol1/ftp/data_collections/mage_rnaseq/
ftp://ftp.sra.ebi.ac.uk/vol1/fastq/SRR197/095/SRR19762695/SRR19762695_2.fastq.gz	908d572c2e79035c42a0d640df36e020	MAGE RNA-seq	sequence	mRNA	HG02970	Esan in Nigeria	https://ftp.1000genomes.ebi.ac.uk/vol1/ftp/data_collections/mage_rnaseq/
ftp://ftp.sra.ebi.ac.uk/vol1/fastq/SRR197/010/SRR19762710/SRR19762710_1.fastq.gz	6ca61fe2bbfe660f60b8af0e30cdfcf7	MAGE RNA-seq	sequence	mRNA	HG02364	Chinese Dai in Xishuangbanna, China	https://ftp.1000genomes.ebi.ac.uk/vol1/ftp/data_collections/mage_rnaseq/
ftp://ftp.sra.ebi.ac.uk/vol1/fastq/SRR197/010/SRR19762710/SRR19762710_2.fastq.gz	6ca61fe2bbfe660f60b8af0e30cdfcf7	MAGE RNA-seq	sequence	mRNA	HG02364	Chinese Dai in Xishuangbanna, China	https://ftp.1000genomes.ebi.ac.uk/vol1/ftp/data_collections/mage_rnaseq/
ftp://ftp.sra.ebi.ac.uk/vol1/fastq/SRR197/041/SRR19762341/SRR19762341_1.fastq.gz	747966c3f220cddc2d08c23068dbd578	MAGE RNA-seq	sequence	mRNA	NA20778	Toscani in Italy	https://ftp.1000genomes.ebi.ac.uk/vol1/ftp/data_collections/mage_rnaseq/
ftp://ftp.sra.ebi.ac.uk/vol1/fastq/SRR197/041/SRR19762341/SRR19762341_2.fastq.gz	747966c3f220cddc2d08c23068dbd578	MAGE RNA-seq	sequence	mRNA	NA20778	Toscani in Italy	https://ftp.1000genomes.ebi.ac.uk/vol1/ftp/data_collections/mage_rnaseq/
ftp://ftp.sra.ebi.ac.uk/vol1/fastq/SRR197/011/SRR19762711/SRR19762711_1.fastq.gz	dfa88b2448828df3e11f6ffb32dd86a6	MAGE RNA-seq	sequence	mRNA	HG02355	Chinese Dai in Xishuangbanna, China	https://ftp.1000genomes.ebi.ac.uk/vol1/ftp/data_collections/mage_rnaseq/
ftp://ftp.sra.ebi.ac.uk/vol1/fastq/SRR197/011/SRR19762711/SRR19762711_2.fastq.gz	dfa88b2448828df3e11f6ffb32dd86a6	MAGE RNA-seq	sequence	mRNA	HG02355	Chinese Dai in Xishuangbanna, China	https://ftp.1000genomes.ebi.ac.uk/vol1/ftp/data_collections/mage_rnaseq/
ftp://ftp.sra.ebi.ac.uk/vol1/fastq/SRR197/042/SRR19762342/SRR19762342_1.fastq.gz	8a58c0d9dfe4c109e8c209c631643314	MAGE RNA-seq	sequence	mRNA	NA20771	Toscani in Italy	https://ftp.1000genomes.ebi.ac.uk/vol1/ftp/data_collections/mage_rnaseq/
ftp://ftp.sra.ebi.ac.uk/vol1/fastq/SRR197/042/SRR19762342/SRR19762342_2.fastq.gz	8a58c0d9dfe4c109e8c209c631643314	MAGE RNA-seq	sequence	mRNA	NA20771	Toscani in Italy	https://ftp.1000genomes.ebi.ac.uk/vol1/ftp/data_collections/mage_rnaseq/
ftp://ftp.sra.ebi.ac.uk/vol1/fastq/SRR197/012/SRR19762712/SRR19762712_1.fastq.gz	e7e3d1c9c7f76c5c6ef269e62988585a	MAGE RNA-seq	sequence	mRNA	HG02102	Peruvian in Lima, Peru	https://ftp.1000genomes.ebi.ac.uk/vol1/ftp/data_collections/mage_rnaseq/
ftp://ftp.sra.ebi.ac.uk/vol1/fastq/SRR197/012/SRR19762712/SRR19762712_2.fastq.gz	e7e3d1c9c7f76c5c6ef269e62988585a	MAGE RNA-seq	sequence	mRNA	HG02102	Peruvian in Lima, Peru	https://ftp.1000genomes.ebi.ac.uk/vol1/ftp/data_collections/mage_rnaseq/
ftp://ftp.sra.ebi.ac.uk/vol1/fastq/SRR197/044/SRR19762344/SRR19762344_1.fastq.gz	e8c6d98a123d68f9c31e94161e389ed9	MAGE RNA-seq	sequence	mRNA	NA20763	Toscani in Italy	https://ftp.1000genomes.ebi.ac.uk/vol1/ftp/data_collections/mage_rnaseq/
ftp://ftp.sra.ebi.ac.uk/vol1/fastq/SRR197/044/SRR19762344/SRR19762344_2.fastq.gz	e8c6d98a123d68f9c31e94161e389ed9	MAGE RNA-seq	sequence	mRNA	NA20763	Toscani in Italy	https://ftp.1000genomes.ebi.ac.uk/vol1/ftp/data_collections/mage_rnaseq/
ftp://ftp.sra.ebi.ac.uk/vol1/fastq/SRR197/045/SRR19762345/SRR19762345_1.fastq.gz	822cf87de6a25240c155afce227edb3b	MAGE RNA-seq	sequence	mRNA	NA20767	Toscani in Italy	https://ftp.1000genomes.ebi.ac.uk/vol1/ftp/data_collections/mage_rnaseq/
ftp://ftp.sra.ebi.ac.uk/vol1/fastq/SRR197/045/SRR19762345/SRR19762345_2.fastq.gz	822cf87de6a25240c155afce227edb3b	MAGE RNA-seq	sequence	mRNA	NA20767	Toscani in Italy	https://ftp.1000genomes.ebi.ac.uk/vol1/ftp/data_collections/mage_rnaseq/
ftp://ftp.sra.ebi.ac.uk/vol1/fastq/SRR197/016/SRR19762716/SRR19762716_1.fastq.gz	734f990c7ea4ed9dad57b68fe497613a	MAGE RNA-seq	sequence	mRNA	HG02104	Peruvian in Lima, Peru	https://ftp.1000genomes.ebi.ac.uk/vol1/ftp/data_collections/mage_rnaseq/
ftp://ftp.sra.ebi.ac.uk/vol1/fastq/SRR197/016/SRR19762716/SRR19762716_2.fastq.gz	734f990c7ea4ed9dad57b68fe497613a	MAGE RNA-seq	sequence	mRNA	HG02104	Peruvian in Lima, Peru	https://ftp.1000genomes.ebi.ac.uk/vol1/ftp/data_collections/mage_rnaseq/
ftp://ftp.sra.ebi.ac.uk/vol1/fastq/SRR197/017/SRR19762717/SRR19762717_1.fastq.gz	c99d9b0ea9c6913e9cbabfeed40d3cbc	MAGE RNA-seq	sequence	mRNA	HG02067	Kinh in Ho Chi Minh City, Vietnam	https://ftp.1000genomes.ebi.ac.uk/vol1/ftp/data_collections/mage_rnaseq/
ftp://ftp.sra.ebi.ac.uk/vol1/fastq/SRR197/017/SRR19762717/SRR19762717_2.fastq.gz	c99d9b0ea9c6913e9cbabfeed40d3cbc	MAGE RNA-seq	sequence	mRNA	HG02067	Kinh in Ho Chi Minh City, Vietnam	https://ftp.1000genomes.ebi.ac.uk/vol1/ftp/data_collections/mage_rnaseq/
ftp://ftp.sra.ebi.ac.uk/vol1/fastq/SRR197/018/SRR19762718/SRR19762718_1.fastq.gz	55dbab4c84630e0db164d1c8a058495f	MAGE RNA-seq	sequence	mRNA	HG00151	British in England and Scotland	https://ftp.1000genomes.ebi.ac.uk/vol1/ftp/data_collections/mage_rnaseq/
ftp://ftp.sra.ebi.ac.uk/vol1/fastq/SRR197/018/SRR19762718/SRR19762718_2.fastq.gz	55dbab4c84630e0db164d1c8a058495f	MAGE RNA-seq	sequence	mRNA	HG00151	British in England and Scotland	https://ftp.1000genomes.ebi.ac.uk/vol1/ftp/data_collections/mage_rnaseq/
ftp://ftp.sra.ebi.ac.uk/vol1/fastq/SRR197/046/SRR19762346/SRR19762346_1.fastq.gz	d9cddacd0125306930941a27de375251	MAGE RNA-seq	sequence	mRNA	NA20775	Toscani in Italy	https://ftp.1000genomes.ebi.ac.uk/vol1/ftp/data_collections/mage_rnaseq/
ftp://ftp.sra.ebi.ac.uk/vol1/fastq/SRR197/046/SRR19762346/SRR19762346_2.fastq.gz	d9cddacd0125306930941a27de375251	MAGE RNA-seq	sequence	mRNA	NA20775	Toscani in Italy	https://ftp.1000genomes.ebi.ac.uk/vol1/ftp/data_collections/mage_rnaseq/
ftp://ftp.sra.ebi.ac.uk/vol1/fastq/SRR197/023/SRR19762723/SRR19762723_1.fastq.gz	ea4ba3bf285a55fb1386831e2ffb1fb6	MAGE RNA-seq	sequence	mRNA	HG02058	Kinh in Ho Chi Minh City, Vietnam	https://ftp.1000genomes.ebi.ac.uk/vol1/ftp/data_collections/mage_rnaseq/
ftp://ftp.sra.ebi.ac.uk/vol1/fastq/SRR197/023/SRR19762723/SRR19762723_2.fastq.gz	ea4ba3bf285a55fb1386831e2ffb1fb6	MAGE RNA-seq	sequence	mRNA	HG02058	Kinh in Ho Chi Minh City, Vietnam	https://ftp.1000genomes.ebi.ac.uk/vol1/ftp/data_collections/mage_rnaseq/
ftp://ftp.sra.ebi.ac.uk/vol1/fastq/SRR197/048/SRR19762348/SRR19762348_1.fastq.gz	aaa7ae61ed2c2c6d85012c3f1623d43c	MAGE RNA-seq	sequence	mRNA	NA20755	Toscani in Italy	https://ftp.1000genomes.ebi.ac.uk/vol1/ftp/data_collections/mage_rnaseq/
ftp://ftp.sra.ebi.ac.uk/vol1/fastq/SRR197/048/SRR19762348/SRR19762348_2.fastq.gz	aaa7ae61ed2c2c6d85012c3f1623d43c	MAGE RNA-seq	sequence	mRNA	NA20755	Toscani in Italy	https://ftp.1000genomes.ebi.ac.uk/vol1/ftp/data_collections/mage_rnaseq/
ftp://ftp.sra.ebi.ac.uk/vol1/fastq/SRR197/029/SRR19762729/SRR19762729_1.fastq.gz	acd33501de4517107830eaf5bc239f15	MAGE RNA-seq	sequence	mRNA	HG01762	Iberian populations in Spain	https://ftp.1000genomes.ebi.ac.uk/vol1/ftp/data_collections/mage_rnaseq/
ftp://ftp.sra.ebi.ac.uk/vol1/fastq/SRR197/029/SRR19762729/SRR19762729_2.fastq.gz	acd33501de4517107830eaf5bc239f15	MAGE RNA-seq	sequence	mRNA	HG01762	Iberian populations in Spain	https://ftp.1000genomes.ebi.ac.uk/vol1/ftp/data_collections/mage_rnaseq/
ftp://ftp.sra.ebi.ac.uk/vol1/fastq/SRR197/050/SRR19762350/SRR19762350_1.fastq.gz	ce5f32533d32af18eeb704b10ae26144	MAGE RNA-seq	sequence	mRNA	NA20543	Toscani in Italy	https://ftp.1000genomes.ebi.ac.uk/vol1/ftp/data_collections/mage_rnaseq/
ftp://ftp.sra.ebi.ac.uk/vol1/fastq/SRR197/050/SRR19762350/SRR19762350_2.fastq.gz	ce5f32533d32af18eeb704b10ae26144	MAGE RNA-seq	sequence	mRNA	NA20543	Toscani in Italy	https://ftp.1000genomes.ebi.ac.uk/vol1/ftp/data_collections/mage_rnaseq/
ftp://ftp.sra.ebi.ac.uk/vol1/fastq/SRR197/030/SRR19762730/SRR19762730_1.fastq.gz	09dda414a76e2f72ea508ae38cfb3e1c	MAGE RNA-seq	sequence	mRNA	HG01771	Iberian populations in Spain	https://ftp.1000genomes.ebi.ac.uk/vol1/ftp/data_collections/mage_rnaseq/
ftp://ftp.sra.ebi.ac.uk/vol1/fastq/SRR197/030/SRR19762730/SRR19762730_2.fastq.gz	09dda414a76e2f72ea508ae38cfb3e1c	MAGE RNA-seq	sequence	mRNA	HG01771	Iberian populations in Spain	https://ftp.1000genomes.ebi.ac.uk/vol1/ftp/data_collections/mage_rnaseq/
ftp://ftp.sra.ebi.ac.uk/vol1/fastq/SRR197/051/SRR19762351/SRR19762351_1.fastq.gz	89a6a22e5cef2cd0324e7f4ba83d41a6	MAGE RNA-seq	sequence	mRNA	NA20543	Toscani in Italy	https://ftp.1000genomes.ebi.ac.uk/vol1/ftp/data_collections/mage_rnaseq/
ftp://ftp.sra.ebi.ac.uk/vol1/fastq/SRR197/051/SRR19762351/SRR19762351_2.fastq.gz	89a6a22e5cef2cd0324e7f4ba83d41a6	MAGE RNA-seq	sequence	mRNA	NA20543	Toscani in Italy	https://ftp.1000genomes.ebi.ac.uk/vol1/ftp/data_collections/mage_rnaseq/
ftp://ftp.sra.ebi.ac.uk/vol1/fastq/SRR197/032/SRR19762732/SRR19762732_1.fastq.gz	cadfa5b8da171c520268400e3f728ef8	MAGE RNA-seq	sequence	mRNA	HG00142	British in England and Scotland	https://ftp.1000genomes.ebi.ac.uk/vol1/ftp/data_collections/mage_rnaseq/
ftp://ftp.sra.ebi.ac.uk/vol1/fastq/SRR197/032/SRR19762732/SRR19762732_2.fastq.gz	cadfa5b8da171c520268400e3f728ef8	MAGE RNA-seq	sequence	mRNA	HG00142	British in England and Scotland	https://ftp.1000genomes.ebi.ac.uk/vol1/ftp/data_collections/mage_rnaseq/
ftp://ftp.sra.ebi.ac.uk/vol1/fastq/SRR197/053/SRR19762353/SRR19762353_1.fastq.gz	e5a0ca487a00bdc06da1fde3f7093698	MAGE RNA-seq	sequence	mRNA	NA20587	Toscani in Italy	https://ftp.1000genomes.ebi.ac.uk/vol1/ftp/data_collections/mage_rnaseq/
ftp://ftp.sra.ebi.ac.uk/vol1/fastq/SRR197/053/SRR19762353/SRR19762353_2.fastq.gz	e5a0ca487a00bdc06da1fde3f7093698	MAGE RNA-seq	sequence	mRNA	NA20587	Toscani in Italy	https://ftp.1000genomes.ebi.ac.uk/vol1/ftp/data_collections/mage_rnaseq/
ftp://ftp.sra.ebi.ac.uk/vol1/fastq/SRR197/036/SRR19762736/SRR19762736_1.fastq.gz	b435bbbf4ecddeee789e56e587687b25	MAGE RNA-seq	sequence	mRNA	HG01630	Iberian populations in Spain	https://ftp.1000genomes.ebi.ac.uk/vol1/ftp/data_collections/mage_rnaseq/
ftp://ftp.sra.ebi.ac.uk/vol1/fastq/SRR197/036/SRR19762736/SRR19762736_2.fastq.gz	b435bbbf4ecddeee789e56e587687b25	MAGE RNA-seq	sequence	mRNA	HG01630	Iberian populations in Spain	https://ftp.1000genomes.ebi.ac.uk/vol1/ftp/data_collections/mage_rnaseq/
ftp://ftp.sra.ebi.ac.uk/vol1/fastq/SRR197/054/SRR19762354/SRR19762354_1.fastq.gz	9ef3ade37ab21d30b126ae8a24669787	MAGE RNA-seq	sequence	mRNA	NA20536	Toscani in Italy	https://ftp.1000genomes.ebi.ac.uk/vol1/ftp/data_collections/mage_rnaseq/
ftp://ftp.sra.ebi.ac.uk/vol1/fastq/SRR197/054/SRR19762354/SRR19762354_2.fastq.gz	9ef3ade37ab21d30b126ae8a24669787	MAGE RNA-seq	sequence	mRNA	NA20536	Toscani in Italy	https://ftp.1000genomes.ebi.ac.uk/vol1/ftp/data_collections/mage_rnaseq/
ftp://ftp.sra.ebi.ac.uk/vol1/fastq/SRR197/037/SRR19762737/SRR19762737_1.fastq.gz	53800ef3568789f0252d4e159f7e887a	MAGE RNA-seq	sequence	mRNA	HG01682	Iberian populations in Spain	https://ftp.1000genomes.ebi.ac.uk/vol1/ftp/data_collections/mage_rnaseq/
ftp://ftp.sra.ebi.ac.uk/vol1/fastq/SRR197/037/SRR19762737/SRR19762737_2.fastq.gz	53800ef3568789f0252d4e159f7e887a	MAGE RNA-seq	sequence	mRNA	HG01682	Iberian populations in Spain	https://ftp.1000genomes.ebi.ac.uk/vol1/ftp/data_collections/mage_rnaseq/
ftp://ftp.sra.ebi.ac.uk/vol1/fastq/SRR197/039/SRR19762739/SRR19762739_1.fastq.gz	e89c3c05ff2a8a9f7f87b44e445deb89	MAGE RNA-seq	sequence	mRNA	HG01607	Iberian populations in Spain	https://ftp.1000genomes.ebi.ac.uk/vol1/ftp/data_collections/mage_rnaseq/
ftp://ftp.sra.ebi.ac.uk/vol1/fastq/SRR197/039/SRR19762739/SRR19762739_2.fastq.gz	e89c3c05ff2a8a9f7f87b44e445deb89	MAGE RNA-seq	sequence	mRNA	HG01607	Iberian populations in Spain	https://ftp.1000genomes.ebi.ac.uk/vol1/ftp/data_collections/mage_rnaseq/
ftp://ftp.sra.ebi.ac.uk/vol1/fastq/SRR197/056/SRR19762356/SRR19762356_1.fastq.gz	354d1d61440d46e9a4d7b60a431cf9bf	MAGE RNA-seq	sequence	mRNA	NA19789	Mexican Ancestry in Los Angeles, California	https://ftp.1000genomes.ebi.ac.uk/vol1/ftp/data_collections/mage_rnaseq/
ftp://ftp.sra.ebi.ac.uk/vol1/fastq/SRR197/056/SRR19762356/SRR19762356_2.fastq.gz	354d1d61440d46e9a4d7b60a431cf9bf	MAGE RNA-seq	sequence	mRNA	NA19789	Mexican Ancestry in Los Angeles, California	https://ftp.1000genomes.ebi.ac.uk/vol1/ftp/data_collections/mage_rnaseq/
ftp://ftp.sra.ebi.ac.uk/vol1/fastq/SRR197/042/SRR19762742/SRR19762742_1.fastq.gz	2986390e94c5925ae213d25ea363dead	MAGE RNA-seq	sequence	mRNA	HG01260	Colombian in Medellin, Colombia	https://ftp.1000genomes.ebi.ac.uk/vol1/ftp/data_collections/mage_rnaseq/
ftp://ftp.sra.ebi.ac.uk/vol1/fastq/SRR197/042/SRR19762742/SRR19762742_2.fastq.gz	2986390e94c5925ae213d25ea363dead	MAGE RNA-seq	sequence	mRNA	HG01260	Colombian in Medellin, Colombia	https://ftp.1000genomes.ebi.ac.uk/vol1/ftp/data_collections/mage_rnaseq/
ftp://ftp.sra.ebi.ac.uk/vol1/fastq/SRR197/060/SRR19762360/SRR19762360_1.fastq.gz	340e0725e95661f3cd196ba0d9ee688a	MAGE RNA-seq	sequence	mRNA	NA19795	Mexican Ancestry in Los Angeles, California	https://ftp.1000genomes.ebi.ac.uk/vol1/ftp/data_collections/mage_rnaseq/
ftp://ftp.sra.ebi.ac.uk/vol1/fastq/SRR197/060/SRR19762360/SRR19762360_2.fastq.gz	340e0725e95661f3cd196ba0d9ee688a	MAGE RNA-seq	sequence	mRNA	NA19795	Mexican Ancestry in Los Angeles, California	https://ftp.1000genomes.ebi.ac.uk/vol1/ftp/data_collections/mage_rnaseq/
ftp://ftp.sra.ebi.ac.uk/vol1/fastq/SRR197/045/SRR19762745/SRR19762745_1.fastq.gz	c4dacb2e10792e5e1b0f8d85dcd04679	MAGE RNA-seq	sequence	mRNA	HG01251	Colombian in Medellin, Colombia	https://ftp.1000genomes.ebi.ac.uk/vol1/ftp/data_collections/mage_rnaseq/
ftp://ftp.sra.ebi.ac.uk/vol1/fastq/SRR197/045/SRR19762745/SRR19762745_2.fastq.gz	c4dacb2e10792e5e1b0f8d85dcd04679	MAGE RNA-seq	sequence	mRNA	HG01251	Colombian in Medellin, Colombia	https://ftp.1000genomes.ebi.ac.uk/vol1/ftp/data_collections/mage_rnaseq/
ftp://ftp.sra.ebi.ac.uk/vol1/fastq/SRR197/062/SRR19762362/SRR19762362_1.fastq.gz	53bba9cc4e6e4f4203a50418a8992ea1	MAGE RNA-seq	sequence	mRNA	NA19773	Mexican Ancestry in Los Angeles, California	https://ftp.1000genomes.ebi.ac.uk/vol1/ftp/data_collections/mage_rnaseq/
ftp://ftp.sra.ebi.ac.uk/vol1/fastq/SRR197/062/SRR19762362/SRR19762362_2.fastq.gz	53bba9cc4e6e4f4203a50418a8992ea1	MAGE RNA-seq	sequence	mRNA	NA19773	Mexican Ancestry in Los Angeles, California	https://ftp.1000genomes.ebi.ac.uk/vol1/ftp/data_collections/mage_rnaseq/
ftp://ftp.sra.ebi.ac.uk/vol1/fastq/SRR197/048/SRR19762748/SRR19762748_1.fastq.gz	e9fd7d9b31781f6490f9053a4fa5ddd1	MAGE RNA-seq	sequence	mRNA	HG01242	Puerto Rican in Puerto Rico	https://ftp.1000genomes.ebi.ac.uk/vol1/ftp/data_collections/mage_rnaseq/
ftp://ftp.sra.ebi.ac.uk/vol1/fastq/SRR197/048/SRR19762748/SRR19762748_2.fastq.gz	e9fd7d9b31781f6490f9053a4fa5ddd1	MAGE RNA-seq	sequence	mRNA	HG01242	Puerto Rican in Puerto Rico	https://ftp.1000genomes.ebi.ac.uk/vol1/ftp/data_collections/mage_rnaseq/
ftp://ftp.sra.ebi.ac.uk/vol1/fastq/SRR197/051/SRR19762751/SRR19762751_1.fastq.gz	85d14a22b446f21b62a71ffcf70e9c75	MAGE RNA-seq	sequence	mRNA	HG01188	Puerto Rican in Puerto Rico	https://ftp.1000genomes.ebi.ac.uk/vol1/ftp/data_collections/mage_rnaseq/
ftp://ftp.sra.ebi.ac.uk/vol1/fastq/SRR197/051/SRR19762751/SRR19762751_2.fastq.gz	85d14a22b446f21b62a71ffcf70e9c75	MAGE RNA-seq	sequence	mRNA	HG01188	Puerto Rican in Puerto Rico	https://ftp.1000genomes.ebi.ac.uk/vol1/ftp/data_collections/mage_rnaseq/
ftp://ftp.sra.ebi.ac.uk/vol1/fastq/SRR197/058/SRR19762758/SRR19762758_1.fastq.gz	d717895f168c654ce50dc325991608eb	MAGE RNA-seq	sequence	mRNA	HG00705	Han Chinese South	https://ftp.1000genomes.ebi.ac.uk/vol1/ftp/data_collections/mage_rnaseq/
ftp://ftp.sra.ebi.ac.uk/vol1/fastq/SRR197/058/SRR19762758/SRR19762758_2.fastq.gz	d717895f168c654ce50dc325991608eb	MAGE RNA-seq	sequence	mRNA	HG00705	Han Chinese South	https://ftp.1000genomes.ebi.ac.uk/vol1/ftp/data_collections/mage_rnaseq/
ftp://ftp.sra.ebi.ac.uk/vol1/fastq/SRR197/067/SRR19762367/SRR19762367_1.fastq.gz	20c0f7338ff6501cfee22089d0feb3cd	MAGE RNA-seq	sequence	mRNA	NA19770	Mexican Ancestry in Los Angeles, California	https://ftp.1000genomes.ebi.ac.uk/vol1/ftp/data_collections/mage_rnaseq/
ftp://ftp.sra.ebi.ac.uk/vol1/fastq/SRR197/067/SRR19762367/SRR19762367_2.fastq.gz	20c0f7338ff6501cfee22089d0feb3cd	MAGE RNA-seq	sequence	mRNA	NA19770	Mexican Ancestry in Los Angeles, California	https://ftp.1000genomes.ebi.ac.uk/vol1/ftp/data_collections/mage_rnaseq/
ftp://ftp.sra.ebi.ac.uk/vol1/fastq/SRR197/063/SRR19762763/SRR19762763_1.fastq.gz	4c5e13a68d7651058bbc280055539cf2	MAGE RNA-seq	sequence	mRNA	HG00657	Han Chinese South	https://ftp.1000genomes.ebi.ac.uk/vol1/ftp/data_collections/mage_rnaseq/
ftp://ftp.sra.ebi.ac.uk/vol1/fastq/SRR197/063/SRR19762763/SRR19762763_2.fastq.gz	4c5e13a68d7651058bbc280055539cf2	MAGE RNA-seq	sequence	mRNA	HG00657	Han Chinese South	https://ftp.1000genomes.ebi.ac.uk/vol1/ftp/data_collections/mage_rnaseq/
ftp://ftp.sra.ebi.ac.uk/vol1/fastq/SRR197/068/SRR19762368/SRR19762368_1.fastq.gz	98a8c4a114bbc79ccaedbc14d3168eb7	MAGE RNA-seq	sequence	mRNA	NA19759	Mexican Ancestry in Los Angeles, California	https://ftp.1000genomes.ebi.ac.uk/vol1/ftp/data_collections/mage_rnaseq/
ftp://ftp.sra.ebi.ac.uk/vol1/fastq/SRR197/068/SRR19762368/SRR19762368_2.fastq.gz	98a8c4a114bbc79ccaedbc14d3168eb7	MAGE RNA-seq	sequence	mRNA	NA19759	Mexican Ancestry in Los Angeles, California	https://ftp.1000genomes.ebi.ac.uk/vol1/ftp/data_collections/mage_rnaseq/
ftp://ftp.sra.ebi.ac.uk/vol1/fastq/SRR197/064/SRR19762764/SRR19762764_1.fastq.gz	d6fba6a91d1ed15a810f186f252e8f33	MAGE RNA-seq	sequence	mRNA	HG00693	Han Chinese South	https://ftp.1000genomes.ebi.ac.uk/vol1/ftp/data_collections/mage_rnaseq/
ftp://ftp.sra.ebi.ac.uk/vol1/fastq/SRR197/064/SRR19762764/SRR19762764_2.fastq.gz	d6fba6a91d1ed15a810f186f252e8f33	MAGE RNA-seq	sequence	mRNA	HG00693	Han Chinese South	https://ftp.1000genomes.ebi.ac.uk/vol1/ftp/data_collections/mage_rnaseq/
ftp://ftp.sra.ebi.ac.uk/vol1/fastq/SRR197/072/SRR19762372/SRR19762372_1.fastq.gz	a7af2bb36f022e947d312f5ccf599018	MAGE RNA-seq	sequence	mRNA	NA19397	Luhya in Webuye, Kenya	https://ftp.1000genomes.ebi.ac.uk/vol1/ftp/data_collections/mage_rnaseq/
ftp://ftp.sra.ebi.ac.uk/vol1/fastq/SRR197/072/SRR19762372/SRR19762372_2.fastq.gz	a7af2bb36f022e947d312f5ccf599018	MAGE RNA-seq	sequence	mRNA	NA19397	Luhya in Webuye, Kenya	https://ftp.1000genomes.ebi.ac.uk/vol1/ftp/data_collections/mage_rnaseq/
ftp://ftp.sra.ebi.ac.uk/vol1/fastq/SRR197/080/SRR19762780/SRR19762780_1.fastq.gz	08cb3b775b4140a8d5dd0e265a9d653e	MAGE RNA-seq	sequence	mRNA	HG02283	African Caribbean in Barbados	https://ftp.1000genomes.ebi.ac.uk/vol1/ftp/data_collections/mage_rnaseq/
ftp://ftp.sra.ebi.ac.uk/vol1/fastq/SRR197/080/SRR19762780/SRR19762780_2.fastq.gz	08cb3b775b4140a8d5dd0e265a9d653e	MAGE RNA-seq	sequence	mRNA	HG02283	African Caribbean in Barbados	https://ftp.1000genomes.ebi.ac.uk/vol1/ftp/data_collections/mage_rnaseq/
ftp://ftp.sra.ebi.ac.uk/vol1/fastq/SRR197/073/SRR19762373/SRR19762373_1.fastq.gz	7ef1aefb70e72c3d865fef66b347792a	MAGE RNA-seq	sequence	mRNA	NA19404	Luhya in Webuye, Kenya	https://ftp.1000genomes.ebi.ac.uk/vol1/ftp/data_collections/mage_rnaseq/
ftp://ftp.sra.ebi.ac.uk/vol1/fastq/SRR197/073/SRR19762373/SRR19762373_2.fastq.gz	7ef1aefb70e72c3d865fef66b347792a	MAGE RNA-seq	sequence	mRNA	NA19404	Luhya in Webuye, Kenya	https://ftp.1000genomes.ebi.ac.uk/vol1/ftp/data_collections/mage_rnaseq/
ftp://ftp.sra.ebi.ac.uk/vol1/fastq/SRR197/085/SRR19762785/SRR19762785_1.fastq.gz	0e642ba1dbf10c234138bc326bfe0233	MAGE RNA-seq	sequence	mRNA	HG02274	Peruvian in Lima, Peru	https://ftp.1000genomes.ebi.ac.uk/vol1/ftp/data_collections/mage_rnaseq/
ftp://ftp.sra.ebi.ac.uk/vol1/fastq/SRR197/085/SRR19762785/SRR19762785_2.fastq.gz	0e642ba1dbf10c234138bc326bfe0233	MAGE RNA-seq	sequence	mRNA	HG02274	Peruvian in Lima, Peru	https://ftp.1000genomes.ebi.ac.uk/vol1/ftp/data_collections/mage_rnaseq/
ftp://ftp.sra.ebi.ac.uk/vol1/fastq/SRR197/087/SRR19762787/SRR19762787_1.fastq.gz	6e55a6c0157a26988693e6b1100ab1f9	MAGE RNA-seq	sequence	mRNA	HG00148	British in England and Scotland	https://ftp.1000genomes.ebi.ac.uk/vol1/ftp/data_collections/mage_rnaseq/
ftp://ftp.sra.ebi.ac.uk/vol1/fastq/SRR197/087/SRR19762787/SRR19762787_2.fastq.gz	6e55a6c0157a26988693e6b1100ab1f9	MAGE RNA-seq	sequence	mRNA	HG00148	British in England and Scotland	https://ftp.1000genomes.ebi.ac.uk/vol1/ftp/data_collections/mage_rnaseq/
ftp://ftp.sra.ebi.ac.uk/vol1/fastq/SRR197/077/SRR19762377/SRR19762377_1.fastq.gz	8530cc4ccba7d2adcc8647b7fc34bf97	MAGE RNA-seq	sequence	mRNA	NA19374	Luhya in Webuye, Kenya	https://ftp.1000genomes.ebi.ac.uk/vol1/ftp/data_collections/mage_rnaseq/
ftp://ftp.sra.ebi.ac.uk/vol1/fastq/SRR197/077/SRR19762377/SRR19762377_2.fastq.gz	8530cc4ccba7d2adcc8647b7fc34bf97	MAGE RNA-seq	sequence	mRNA	NA19374	Luhya in Webuye, Kenya	https://ftp.1000genomes.ebi.ac.uk/vol1/ftp/data_collections/mage_rnaseq/
ftp://ftp.sra.ebi.ac.uk/vol1/fastq/SRR197/088/SRR19762788/SRR19762788_1.fastq.gz	8bd0596b29ee2df293a2316c1c0f6492	MAGE RNA-seq	sequence	mRNA	HG01965	Peruvian in Lima, Peru	https://ftp.1000genomes.ebi.ac.uk/vol1/ftp/data_collections/mage_rnaseq/
ftp://ftp.sra.ebi.ac.uk/vol1/fastq/SRR197/088/SRR19762788/SRR19762788_2.fastq.gz	8bd0596b29ee2df293a2316c1c0f6492	MAGE RNA-seq	sequence	mRNA	HG01965	Peruvian in Lima, Peru	https://ftp.1000genomes.ebi.ac.uk/vol1/ftp/data_collections/mage_rnaseq/
ftp://ftp.sra.ebi.ac.uk/vol1/fastq/SRR197/092/SRR19762792/SRR19762792_1.fastq.gz	9f5c8b19e540219ff0c8a30deed474f5	MAGE RNA-seq	sequence	mRNA	HG01951	Peruvian in Lima, Peru	https://ftp.1000genomes.ebi.ac.uk/vol1/ftp/data_collections/mage_rnaseq/
ftp://ftp.sra.ebi.ac.uk/vol1/fastq/SRR197/092/SRR19762792/SRR19762792_2.fastq.gz	9f5c8b19e540219ff0c8a30deed474f5	MAGE RNA-seq	sequence	mRNA	HG01951	Peruvian in Lima, Peru	https://ftp.1000genomes.ebi.ac.uk/vol1/ftp/data_collections/mage_rnaseq/
ftp://ftp.sra.ebi.ac.uk/vol1/fastq/SRR197/089/SRR19762389/SRR19762389_1.fastq.gz	49f09dc414dbf94f4806c75312f61e91	MAGE RNA-seq	sequence	mRNA	NA18977	Japanese in Tokyo, Japan	https://ftp.1000genomes.ebi.ac.uk/vol1/ftp/data_collections/mage_rnaseq/
ftp://ftp.sra.ebi.ac.uk/vol1/fastq/SRR197/089/SRR19762389/SRR19762389_2.fastq.gz	49f09dc414dbf94f4806c75312f61e91	MAGE RNA-seq	sequence	mRNA	NA18977	Japanese in Tokyo, Japan	https://ftp.1000genomes.ebi.ac.uk/vol1/ftp/data_collections/mage_rnaseq/
ftp://ftp.sra.ebi.ac.uk/vol1/fastq/SRR197/093/SRR19762793/SRR19762793_1.fastq.gz	3feae356f5db68ee58ede5cc06925072	MAGE RNA-seq	sequence	mRNA	HG01945	Peruvian in Lima, Peru	https://ftp.1000genomes.ebi.ac.uk/vol1/ftp/data_collections/mage_rnaseq/
ftp://ftp.sra.ebi.ac.uk/vol1/fastq/SRR197/093/SRR19762793/SRR19762793_2.fastq.gz	3feae356f5db68ee58ede5cc06925072	MAGE RNA-seq	sequence	mRNA	HG01945	Peruvian in Lima, Peru	https://ftp.1000genomes.ebi.ac.uk/vol1/ftp/data_collections/mage_rnaseq/
ftp://ftp.sra.ebi.ac.uk/vol1/fastq/SRR197/094/SRR19762394/SRR19762394_1.fastq.gz	b89cc2a699a1c625926cc6d6deb77867	MAGE RNA-seq	sequence	mRNA	NA18969	Japanese in Tokyo, Japan	https://ftp.1000genomes.ebi.ac.uk/vol1/ftp/data_collections/mage_rnaseq/
ftp://ftp.sra.ebi.ac.uk/vol1/fastq/SRR197/094/SRR19762394/SRR19762394_2.fastq.gz	b89cc2a699a1c625926cc6d6deb77867	MAGE RNA-seq	sequence	mRNA	NA18969	Japanese in Tokyo, Japan	https://ftp.1000genomes.ebi.ac.uk/vol1/ftp/data_collections/mage_rnaseq/
ftp://ftp.sra.ebi.ac.uk/vol1/fastq/SRR197/095/SRR19762795/SRR19762795_1.fastq.gz	26e108f20bb3e26866c1ed9f6355cf14	MAGE RNA-seq	sequence	mRNA	HG01921	Peruvian in Lima, Peru	https://ftp.1000genomes.ebi.ac.uk/vol1/ftp/data_collections/mage_rnaseq/
ftp://ftp.sra.ebi.ac.uk/vol1/fastq/SRR197/095/SRR19762795/SRR19762795_2.fastq.gz	26e108f20bb3e26866c1ed9f6355cf14	MAGE RNA-seq	sequence	mRNA	HG01921	Peruvian in Lima, Peru	https://ftp.1000genomes.ebi.ac.uk/vol1/ftp/data_collections/mage_rnaseq/
ftp://ftp.sra.ebi.ac.uk/vol1/fastq/SRR197/095/SRR19762395/SRR19762395_1.fastq.gz	175077b58dc08cbf6406ccb3e3e5a9d9	MAGE RNA-seq	sequence	mRNA	NA18971	Japanese in Tokyo, Japan	https://ftp.1000genomes.ebi.ac.uk/vol1/ftp/data_collections/mage_rnaseq/
ftp://ftp.sra.ebi.ac.uk/vol1/fastq/SRR197/095/SRR19762395/SRR19762395_2.fastq.gz	175077b58dc08cbf6406ccb3e3e5a9d9	MAGE RNA-seq	sequence	mRNA	NA18971	Japanese in Tokyo, Japan	https://ftp.1000genomes.ebi.ac.uk/vol1/ftp/data_collections/mage_rnaseq/
ftp://ftp.sra.ebi.ac.uk/vol1/fastq/SRR197/014/SRR19762814/SRR19762814_1.fastq.gz	f2e15977d31aa86d6e4f5bdb9216d880	MAGE RNA-seq	sequence	mRNA	HG01161	Puerto Rican in Puerto Rico	https://ftp.1000genomes.ebi.ac.uk/vol1/ftp/data_collections/mage_rnaseq/
ftp://ftp.sra.ebi.ac.uk/vol1/fastq/SRR197/014/SRR19762814/SRR19762814_2.fastq.gz	f2e15977d31aa86d6e4f5bdb9216d880	MAGE RNA-seq	sequence	mRNA	HG01161	Puerto Rican in Puerto Rico	https://ftp.1000genomes.ebi.ac.uk/vol1/ftp/data_collections/mage_rnaseq/
ftp://ftp.sra.ebi.ac.uk/vol1/fastq/SRR197/097/SRR19762397/SRR19762397_1.fastq.gz	77d4b1fc240f93ef96304d08df2ef4a9	MAGE RNA-seq	sequence	mRNA	NA18956	Japanese in Tokyo, Japan	https://ftp.1000genomes.ebi.ac.uk/vol1/ftp/data_collections/mage_rnaseq/
ftp://ftp.sra.ebi.ac.uk/vol1/fastq/SRR197/097/SRR19762397/SRR19762397_2.fastq.gz	77d4b1fc240f93ef96304d08df2ef4a9	MAGE RNA-seq	sequence	mRNA	NA18956	Japanese in Tokyo, Japan	https://ftp.1000genomes.ebi.ac.uk/vol1/ftp/data_collections/mage_rnaseq/
ftp://ftp.sra.ebi.ac.uk/vol1/fastq/SRR197/016/SRR19762816/SRR19762816_1.fastq.gz	a4a36747dd7ee35105638165b3f048f4	MAGE RNA-seq	sequence	mRNA	HG01164	Puerto Rican in Puerto Rico	https://ftp.1000genomes.ebi.ac.uk/vol1/ftp/data_collections/mage_rnaseq/
ftp://ftp.sra.ebi.ac.uk/vol1/fastq/SRR197/016/SRR19762816/SRR19762816_2.fastq.gz	a4a36747dd7ee35105638165b3f048f4	MAGE RNA-seq	sequence	mRNA	HG01164	Puerto Rican in Puerto Rico	https://ftp.1000genomes.ebi.ac.uk/vol1/ftp/data_collections/mage_rnaseq/
ftp://ftp.sra.ebi.ac.uk/vol1/fastq/SRR197/098/SRR19762398/SRR19762398_1.fastq.gz	046f1b4619d5dcc551e6fe3cbe86422e	MAGE RNA-seq	sequence	mRNA	HG04195	Bengali in Bangladesh	https://ftp.1000genomes.ebi.ac.uk/vol1/ftp/data_collections/mage_rnaseq/
ftp://ftp.sra.ebi.ac.uk/vol1/fastq/SRR197/098/SRR19762398/SRR19762398_2.fastq.gz	046f1b4619d5dcc551e6fe3cbe86422e	MAGE RNA-seq	sequence	mRNA	HG04195	Bengali in Bangladesh	https://ftp.1000genomes.ebi.ac.uk/vol1/ftp/data_collections/mage_rnaseq/
ftp://ftp.sra.ebi.ac.uk/vol1/fastq/SRR197/021/SRR19762821/SRR19762821_1.fastq.gz	03035f75291b574b4d7bf069ff682dab	MAGE RNA-seq	sequence	mRNA	HG01073	Puerto Rican in Puerto Rico	https://ftp.1000genomes.ebi.ac.uk/vol1/ftp/data_collections/mage_rnaseq/
ftp://ftp.sra.ebi.ac.uk/vol1/fastq/SRR197/021/SRR19762821/SRR19762821_2.fastq.gz	03035f75291b574b4d7bf069ff682dab	MAGE RNA-seq	sequence	mRNA	HG01073	Puerto Rican in Puerto Rico	https://ftp.1000genomes.ebi.ac.uk/vol1/ftp/data_collections/mage_rnaseq/
ftp://ftp.sra.ebi.ac.uk/vol1/fastq/SRR197/002/SRR19762402/SRR19762402_1.fastq.gz	8efb3633228805146bcb7d48d4bcf6b9	MAGE RNA-seq	sequence	mRNA	HG04216	Indian Telugu in the UK	https://ftp.1000genomes.ebi.ac.uk/vol1/ftp/data_collections/mage_rnaseq/
ftp://ftp.sra.ebi.ac.uk/vol1/fastq/SRR197/002/SRR19762402/SRR19762402_2.fastq.gz	8efb3633228805146bcb7d48d4bcf6b9	MAGE RNA-seq	sequence	mRNA	HG04216	Indian Telugu in the UK	https://ftp.1000genomes.ebi.ac.uk/vol1/ftp/data_collections/mage_rnaseq/
ftp://ftp.sra.ebi.ac.uk/vol1/fastq/SRR197/022/SRR19762822/SRR19762822_1.fastq.gz	aee466a2452ced9f03104e68d43a910c	MAGE RNA-seq	sequence	mRNA	HG01092	Puerto Rican in Puerto Rico	https://ftp.1000genomes.ebi.ac.uk/vol1/ftp/data_collections/mage_rnaseq/
ftp://ftp.sra.ebi.ac.uk/vol1/fastq/SRR197/022/SRR19762822/SRR19762822_2.fastq.gz	aee466a2452ced9f03104e68d43a910c	MAGE RNA-seq	sequence	mRNA	HG01092	Puerto Rican in Puerto Rico	https://ftp.1000genomes.ebi.ac.uk/vol1/ftp/data_collections/mage_rnaseq/
ftp://ftp.sra.ebi.ac.uk/vol1/fastq/SRR197/005/SRR19762405/SRR19762405_1.fastq.gz	657cc4d4a8529c12e041a32c41dcd894	MAGE RNA-seq	sequence	mRNA	HG04158	Bengali in Bangladesh	https://ftp.1000genomes.ebi.ac.uk/vol1/ftp/data_collections/mage_rnaseq/
ftp://ftp.sra.ebi.ac.uk/vol1/fastq/SRR197/005/SRR19762405/SRR19762405_2.fastq.gz	657cc4d4a8529c12e041a32c41dcd894	MAGE RNA-seq	sequence	mRNA	HG04158	Bengali in Bangladesh	https://ftp.1000genomes.ebi.ac.uk/vol1/ftp/data_collections/mage_rnaseq/
ftp://ftp.sra.ebi.ac.uk/vol1/fastq/SRR197/023/SRR19762823/SRR19762823_1.fastq.gz	062042e28c404a7fed72a1e4ffdad82e	MAGE RNA-seq	sequence	mRNA	HG01113	Colombian in Medellin, Colombia	https://ftp.1000genomes.ebi.ac.uk/vol1/ftp/data_collections/mage_rnaseq/
ftp://ftp.sra.ebi.ac.uk/vol1/fastq/SRR197/023/SRR19762823/SRR19762823_2.fastq.gz	062042e28c404a7fed72a1e4ffdad82e	MAGE RNA-seq	sequence	mRNA	HG01113	Colombian in Medellin, Colombia	https://ftp.1000genomes.ebi.ac.uk/vol1/ftp/data_collections/mage_rnaseq/
ftp://ftp.sra.ebi.ac.uk/vol1/fastq/SRR197/029/SRR19762829/SRR19762829_1.fastq.gz	96c380dcbd2e41ed8145961927807366	MAGE RNA-seq	sequence	mRNA	HG02236	Iberian populations in Spain	https://ftp.1000genomes.ebi.ac.uk/vol1/ftp/data_collections/mage_rnaseq/
ftp://ftp.sra.ebi.ac.uk/vol1/fastq/SRR197/029/SRR19762829/SRR19762829_2.fastq.gz	96c380dcbd2e41ed8145961927807366	MAGE RNA-seq	sequence	mRNA	HG02236	Iberian populations in Spain	https://ftp.1000genomes.ebi.ac.uk/vol1/ftp/data_collections/mage_rnaseq/
ftp://ftp.sra.ebi.ac.uk/vol1/fastq/SRR197/006/SRR19762406/SRR19762406_1.fastq.gz	bc34009dc8aac38704b9c320f7ba967d	MAGE RNA-seq	sequence	mRNA	HG04156	Bengali in Bangladesh	https://ftp.1000genomes.ebi.ac.uk/vol1/ftp/data_collections/mage_rnaseq/
ftp://ftp.sra.ebi.ac.uk/vol1/fastq/SRR197/006/SRR19762406/SRR19762406_2.fastq.gz	bc34009dc8aac38704b9c320f7ba967d	MAGE RNA-seq	sequence	mRNA	HG04156	Bengali in Bangladesh	https://ftp.1000genomes.ebi.ac.uk/vol1/ftp/data_collections/mage_rnaseq/
ftp://ftp.sra.ebi.ac.uk/vol1/fastq/SRR197/030/SRR19762830/SRR19762830_1.fastq.gz	6c163c6cb321877b5bf8ed8a65005274	MAGE RNA-seq	sequence	mRNA	HG02265	Peruvian in Lima, Peru	https://ftp.1000genomes.ebi.ac.uk/vol1/ftp/data_collections/mage_rnaseq/
ftp://ftp.sra.ebi.ac.uk/vol1/fastq/SRR197/030/SRR19762830/SRR19762830_2.fastq.gz	6c163c6cb321877b5bf8ed8a65005274	MAGE RNA-seq	sequence	mRNA	HG02265	Peruvian in Lima, Peru	https://ftp.1000genomes.ebi.ac.uk/vol1/ftp/data_collections/mage_rnaseq/
ftp://ftp.sra.ebi.ac.uk/vol1/fastq/SRR197/007/SRR19762407/SRR19762407_1.fastq.gz	604aa65af51740bd034629054c588158	MAGE RNA-seq	sequence	mRNA	HG04155	Bengali in Bangladesh	https://ftp.1000genomes.ebi.ac.uk/vol1/ftp/data_collections/mage_rnaseq/
ftp://ftp.sra.ebi.ac.uk/vol1/fastq/SRR197/007/SRR19762407/SRR19762407_2.fastq.gz	604aa65af51740bd034629054c588158	MAGE RNA-seq	sequence	mRNA	HG04155	Bengali in Bangladesh	https://ftp.1000genomes.ebi.ac.uk/vol1/ftp/data_collections/mage_rnaseq/
ftp://ftp.sra.ebi.ac.uk/vol1/fastq/SRR197/036/SRR19762836/SRR19762836_1.fastq.gz	1e48fb28bea4a9ea3ff396b1777a79d1	MAGE RNA-seq	sequence	mRNA	HG02188	Chinese Dai in Xishuangbanna, China	https://ftp.1000genomes.ebi.ac.uk/vol1/ftp/data_collections/mage_rnaseq/
ftp://ftp.sra.ebi.ac.uk/vol1/fastq/SRR197/036/SRR19762836/SRR19762836_2.fastq.gz	1e48fb28bea4a9ea3ff396b1777a79d1	MAGE RNA-seq	sequence	mRNA	HG02188	Chinese Dai in Xishuangbanna, China	https://ftp.1000genomes.ebi.ac.uk/vol1/ftp/data_collections/mage_rnaseq/
ftp://ftp.sra.ebi.ac.uk/vol1/fastq/SRR197/009/SRR19762409/SRR19762409_1.fastq.gz	9c3962f72f829f4159c428ac66633480	MAGE RNA-seq	sequence	mRNA	HG04164	Bengali in Bangladesh	https://ftp.1000genomes.ebi.ac.uk/vol1/ftp/data_collections/mage_rnaseq/
ftp://ftp.sra.ebi.ac.uk/vol1/fastq/SRR197/009/SRR19762409/SRR19762409_2.fastq.gz	9c3962f72f829f4159c428ac66633480	MAGE RNA-seq	sequence	mRNA	HG04164	Bengali in Bangladesh	https://ftp.1000genomes.ebi.ac.uk/vol1/ftp/data_collections/mage_rnaseq/
ftp://ftp.sra.ebi.ac.uk/vol1/fastq/SRR197/039/SRR19762839/SRR19762839_1.fastq.gz	ad5e0602ae3a9844afd9976620f98ad5	MAGE RNA-seq	sequence	mRNA	HG02185	Chinese Dai in Xishuangbanna, China	https://ftp.1000genomes.ebi.ac.uk/vol1/ftp/data_collections/mage_rnaseq/
ftp://ftp.sra.ebi.ac.uk/vol1/fastq/SRR197/039/SRR19762839/SRR19762839_2.fastq.gz	ad5e0602ae3a9844afd9976620f98ad5	MAGE RNA-seq	sequence	mRNA	HG02185	Chinese Dai in Xishuangbanna, China	https://ftp.1000genomes.ebi.ac.uk/vol1/ftp/data_collections/mage_rnaseq/
ftp://ftp.sra.ebi.ac.uk/vol1/fastq/SRR197/011/SRR19762411/SRR19762411_1.fastq.gz	d59df7d268d8672b8de8a056fc353bbd	MAGE RNA-seq	sequence	mRNA	HG04141	Bengali in Bangladesh	https://ftp.1000genomes.ebi.ac.uk/vol1/ftp/data_collections/mage_rnaseq/
ftp://ftp.sra.ebi.ac.uk/vol1/fastq/SRR197/011/SRR19762411/SRR19762411_2.fastq.gz	d59df7d268d8672b8de8a056fc353bbd	MAGE RNA-seq	sequence	mRNA	HG04141	Bengali in Bangladesh	https://ftp.1000genomes.ebi.ac.uk/vol1/ftp/data_collections/mage_rnaseq/
ftp://ftp.sra.ebi.ac.uk/vol1/fastq/SRR197/012/SRR19762412/SRR19762412_1.fastq.gz	1d4961bfc2e726a0321b71b9ab471dc1	MAGE RNA-seq	sequence	mRNA	HG03815	Bengali in Bangladesh	https://ftp.1000genomes.ebi.ac.uk/vol1/ftp/data_collections/mage_rnaseq/
ftp://ftp.sra.ebi.ac.uk/vol1/fastq/SRR197/012/SRR19762412/SRR19762412_2.fastq.gz	1d4961bfc2e726a0321b71b9ab471dc1	MAGE RNA-seq	sequence	mRNA	HG03815	Bengali in Bangladesh	https://ftp.1000genomes.ebi.ac.uk/vol1/ftp/data_collections/mage_rnaseq/
ftp://ftp.sra.ebi.ac.uk/vol1/fastq/SRR197/014/SRR19762414/SRR19762414_1.fastq.gz	38e0cc3a5635bef51bb5d880f4a78b84	MAGE RNA-seq	sequence	mRNA	HG03781	Indian Telugu in the UK	https://ftp.1000genomes.ebi.ac.uk/vol1/ftp/data_collections/mage_rnaseq/
ftp://ftp.sra.ebi.ac.uk/vol1/fastq/SRR197/014/SRR19762414/SRR19762414_2.fastq.gz	38e0cc3a5635bef51bb5d880f4a78b84	MAGE RNA-seq	sequence	mRNA	HG03781	Indian Telugu in the UK	https://ftp.1000genomes.ebi.ac.uk/vol1/ftp/data_collections/mage_rnaseq/
ftp://ftp.sra.ebi.ac.uk/vol1/fastq/SRR197/016/SRR19762416/SRR19762416_1.fastq.gz	84ffdbd51f4dcf704d9ccaa8b769416d	MAGE RNA-seq	sequence	mRNA	HG03823	Bengali in Bangladesh	https://ftp.1000genomes.ebi.ac.uk/vol1/ftp/data_collections/mage_rnaseq/
ftp://ftp.sra.ebi.ac.uk/vol1/fastq/SRR197/016/SRR19762416/SRR19762416_2.fastq.gz	84ffdbd51f4dcf704d9ccaa8b769416d	MAGE RNA-seq	sequence	mRNA	HG03823	Bengali in Bangladesh	https://ftp.1000genomes.ebi.ac.uk/vol1/ftp/data_collections/mage_rnaseq/
ftp://ftp.sra.ebi.ac.uk/vol1/fastq/SRR197/049/SRR19762849/SRR19762849_1.fastq.gz	6f6fbcd21293e7201d834c06189ba866	MAGE RNA-seq	sequence	mRNA	HG01853	Kinh in Ho Chi Minh City, Vietnam	https://ftp.1000genomes.ebi.ac.uk/vol1/ftp/data_collections/mage_rnaseq/
ftp://ftp.sra.ebi.ac.uk/vol1/fastq/SRR197/049/SRR19762849/SRR19762849_2.fastq.gz	6f6fbcd21293e7201d834c06189ba866	MAGE RNA-seq	sequence	mRNA	HG01853	Kinh in Ho Chi Minh City, Vietnam	https://ftp.1000genomes.ebi.ac.uk/vol1/ftp/data_collections/mage_rnaseq/
ftp://ftp.sra.ebi.ac.uk/vol1/fastq/SRR197/050/SRR19762850/SRR19762850_1.fastq.gz	84a7f749a3604f72f2f82792c1018679	MAGE RNA-seq	sequence	mRNA	HG00148	British in England and Scotland	https://ftp.1000genomes.ebi.ac.uk/vol1/ftp/data_collections/mage_rnaseq/
ftp://ftp.sra.ebi.ac.uk/vol1/fastq/SRR197/050/SRR19762850/SRR19762850_2.fastq.gz	84a7f749a3604f72f2f82792c1018679	MAGE RNA-seq	sequence	mRNA	HG00148	British in England and Scotland	https://ftp.1000genomes.ebi.ac.uk/vol1/ftp/data_collections/mage_rnaseq/
ftp://ftp.sra.ebi.ac.uk/vol1/fastq/SRR197/024/SRR19762424/SRR19762424_1.fastq.gz	541228707fdc745918a9c3f05cc99312	MAGE RNA-seq	sequence	mRNA	HG03738	Sri Lankan Tamil in the UK	https://ftp.1000genomes.ebi.ac.uk/vol1/ftp/data_collections/mage_rnaseq/
ftp://ftp.sra.ebi.ac.uk/vol1/fastq/SRR197/024/SRR19762424/SRR19762424_2.fastq.gz	541228707fdc745918a9c3f05cc99312	MAGE RNA-seq	sequence	mRNA	HG03738	Sri Lankan Tamil in the UK	https://ftp.1000genomes.ebi.ac.uk/vol1/ftp/data_collections/mage_rnaseq/
ftp://ftp.sra.ebi.ac.uk/vol1/fastq/SRR197/053/SRR19762853/SRR19762853_1.fastq.gz	94739e9bf1fae48ab4e6457c594ea42e	MAGE RNA-seq	sequence	mRNA	HG01851	Kinh in Ho Chi Minh City, Vietnam	https://ftp.1000genomes.ebi.ac.uk/vol1/ftp/data_collections/mage_rnaseq/
ftp://ftp.sra.ebi.ac.uk/vol1/fastq/SRR197/053/SRR19762853/SRR19762853_2.fastq.gz	94739e9bf1fae48ab4e6457c594ea42e	MAGE RNA-seq	sequence	mRNA	HG01851	Kinh in Ho Chi Minh City, Vietnam	https://ftp.1000genomes.ebi.ac.uk/vol1/ftp/data_collections/mage_rnaseq/
ftp://ftp.sra.ebi.ac.uk/vol1/fastq/SRR197/054/SRR19762854/SRR19762854_1.fastq.gz	c3f1e2450c6ef6e6d362b40b23849d9b	MAGE RNA-seq	sequence	mRNA	HG01506	Iberian populations in Spain	https://ftp.1000genomes.ebi.ac.uk/vol1/ftp/data_collections/mage_rnaseq/
ftp://ftp.sra.ebi.ac.uk/vol1/fastq/SRR197/054/SRR19762854/SRR19762854_2.fastq.gz	c3f1e2450c6ef6e6d362b40b23849d9b	MAGE RNA-seq	sequence	mRNA	HG01506	Iberian populations in Spain	https://ftp.1000genomes.ebi.ac.uk/vol1/ftp/data_collections/mage_rnaseq/
ftp://ftp.sra.ebi.ac.uk/vol1/fastq/SRR197/025/SRR19762425/SRR19762425_1.fastq.gz	0fd23fb52dda80621291874cc9c93bac	MAGE RNA-seq	sequence	mRNA	HG03736	Sri Lankan Tamil in the UK	https://ftp.1000genomes.ebi.ac.uk/vol1/ftp/data_collections/mage_rnaseq/
ftp://ftp.sra.ebi.ac.uk/vol1/fastq/SRR197/025/SRR19762425/SRR19762425_2.fastq.gz	0fd23fb52dda80621291874cc9c93bac	MAGE RNA-seq	sequence	mRNA	HG03736	Sri Lankan Tamil in the UK	https://ftp.1000genomes.ebi.ac.uk/vol1/ftp/data_collections/mage_rnaseq/
ftp://ftp.sra.ebi.ac.uk/vol1/fastq/SRR197/058/SRR19762858/SRR19762858_1.fastq.gz	cb2daacf901fc0e073b077e5c782b80a	MAGE RNA-seq	sequence	mRNA	HG01503	Iberian populations in Spain	https://ftp.1000genomes.ebi.ac.uk/vol1/ftp/data_collections/mage_rnaseq/
ftp://ftp.sra.ebi.ac.uk/vol1/fastq/SRR197/058/SRR19762858/SRR19762858_2.fastq.gz	cb2daacf901fc0e073b077e5c782b80a	MAGE RNA-seq	sequence	mRNA	HG01503	Iberian populations in Spain	https://ftp.1000genomes.ebi.ac.uk/vol1/ftp/data_collections/mage_rnaseq/
ftp://ftp.sra.ebi.ac.uk/vol1/fastq/SRR197/026/SRR19762426/SRR19762426_1.fastq.gz	c2857930a0658b0067bd4c84fa755ae0	MAGE RNA-seq	sequence	mRNA	HG03460	Mende in Sierra Leone	https://ftp.1000genomes.ebi.ac.uk/vol1/ftp/data_collections/mage_rnaseq/
ftp://ftp.sra.ebi.ac.uk/vol1/fastq/SRR197/026/SRR19762426/SRR19762426_2.fastq.gz	c2857930a0658b0067bd4c84fa755ae0	MAGE RNA-seq	sequence	mRNA	HG03460	Mende in Sierra Leone	https://ftp.1000genomes.ebi.ac.uk/vol1/ftp/data_collections/mage_rnaseq/
ftp://ftp.sra.ebi.ac.uk/vol1/fastq/SRR197/061/SRR19762861/SRR19762861_1.fastq.gz	4b5e544b0555ba8a941deaf7c58c5b03	MAGE RNA-seq	sequence	mRNA	HG01479	Colombian in Medellin, Colombia	https://ftp.1000genomes.ebi.ac.uk/vol1/ftp/data_collections/mage_rnaseq/
ftp://ftp.sra.ebi.ac.uk/vol1/fastq/SRR197/061/SRR19762861/SRR19762861_2.fastq.gz	4b5e544b0555ba8a941deaf7c58c5b03	MAGE RNA-seq	sequence	mRNA	HG01479	Colombian in Medellin, Colombia	https://ftp.1000genomes.ebi.ac.uk/vol1/ftp/data_collections/mage_rnaseq/
ftp://ftp.sra.ebi.ac.uk/vol1/fastq/SRR197/028/SRR19762428/SRR19762428_1.fastq.gz	e953821618f65b8c328128d959ec3d06	MAGE RNA-seq	sequence	mRNA	HG03419	Mende in Sierra Leone	https://ftp.1000genomes.ebi.ac.uk/vol1/ftp/data_collections/mage_rnaseq/
ftp://ftp.sra.ebi.ac.uk/vol1/fastq/SRR197/028/SRR19762428/SRR19762428_2.fastq.gz	e953821618f65b8c328128d959ec3d06	MAGE RNA-seq	sequence	mRNA	HG03419	Mende in Sierra Leone	https://ftp.1000genomes.ebi.ac.uk/vol1/ftp/data_collections/mage_rnaseq/
ftp://ftp.sra.ebi.ac.uk/vol1/fastq/SRR197/062/SRR19762862/SRR19762862_1.fastq.gz	1b3aa312973573bb36c65f9642516e6a	MAGE RNA-seq	sequence	mRNA	HG01488	Colombian in Medellin, Colombia	https://ftp.1000genomes.ebi.ac.uk/vol1/ftp/data_collections/mage_rnaseq/
ftp://ftp.sra.ebi.ac.uk/vol1/fastq/SRR197/062/SRR19762862/SRR19762862_2.fastq.gz	1b3aa312973573bb36c65f9642516e6a	MAGE RNA-seq	sequence	mRNA	HG01488	Colombian in Medellin, Colombia	https://ftp.1000genomes.ebi.ac.uk/vol1/ftp/data_collections/mage_rnaseq/
ftp://ftp.sra.ebi.ac.uk/vol1/fastq/SRR197/029/SRR19762429/SRR19762429_1.fastq.gz	b695f6d5e704db55a3ef7b24b73eb83a	MAGE RNA-seq	sequence	mRNA	HG03446	Mende in Sierra Leone	https://ftp.1000genomes.ebi.ac.uk/vol1/ftp/data_collections/mage_rnaseq/
ftp://ftp.sra.ebi.ac.uk/vol1/fastq/SRR197/029/SRR19762429/SRR19762429_2.fastq.gz	b695f6d5e704db55a3ef7b24b73eb83a	MAGE RNA-seq	sequence	mRNA	HG03446	Mende in Sierra Leone	https://ftp.1000genomes.ebi.ac.uk/vol1/ftp/data_collections/mage_rnaseq/
ftp://ftp.sra.ebi.ac.uk/vol1/fastq/SRR197/064/SRR19762864/SRR19762864_1.fastq.gz	0e158dffb79e626a4f636d63fa8db35e	MAGE RNA-seq	sequence	mRNA	HG01501	Iberian populations in Spain	https://ftp.1000genomes.ebi.ac.uk/vol1/ftp/data_collections/mage_rnaseq/
ftp://ftp.sra.ebi.ac.uk/vol1/fastq/SRR197/064/SRR19762864/SRR19762864_2.fastq.gz	0e158dffb79e626a4f636d63fa8db35e	MAGE RNA-seq	sequence	mRNA	HG01501	Iberian populations in Spain	https://ftp.1000genomes.ebi.ac.uk/vol1/ftp/data_collections/mage_rnaseq/
ftp://ftp.sra.ebi.ac.uk/vol1/fastq/SRR197/031/SRR19762431/SRR19762431_1.fastq.gz	4b107c8e941f359d497d46a1d55e1117	MAGE RNA-seq	sequence	mRNA	HG03401	Mende in Sierra Leone	https://ftp.1000genomes.ebi.ac.uk/vol1/ftp/data_collections/mage_rnaseq/
ftp://ftp.sra.ebi.ac.uk/vol1/fastq/SRR197/031/SRR19762431/SRR19762431_2.fastq.gz	4b107c8e941f359d497d46a1d55e1117	MAGE RNA-seq	sequence	mRNA	HG03401	Mende in Sierra Leone	https://ftp.1000genomes.ebi.ac.uk/vol1/ftp/data_collections/mage_rnaseq/
ftp://ftp.sra.ebi.ac.uk/vol1/fastq/SRR197/067/SRR19762867/SRR19762867_1.fastq.gz	b48ff576791efe5f517bcd1c19158ffa	MAGE RNA-seq	sequence	mRNA	HG01395	Puerto Rican in Puerto Rico	https://ftp.1000genomes.ebi.ac.uk/vol1/ftp/data_collections/mage_rnaseq/
ftp://ftp.sra.ebi.ac.uk/vol1/fastq/SRR197/067/SRR19762867/SRR19762867_2.fastq.gz	b48ff576791efe5f517bcd1c19158ffa	MAGE RNA-seq	sequence	mRNA	HG01395	Puerto Rican in Puerto Rico	https://ftp.1000genomes.ebi.ac.uk/vol1/ftp/data_collections/mage_rnaseq/
ftp://ftp.sra.ebi.ac.uk/vol1/fastq/SRR197/035/SRR19762435/SRR19762435_1.fastq.gz	eae433ab1c553746b23d8fcbba176028	MAGE RNA-seq	sequence	mRNA	HG03313	Esan in Nigeria	https://ftp.1000genomes.ebi.ac.uk/vol1/ftp/data_collections/mage_rnaseq/
ftp://ftp.sra.ebi.ac.uk/vol1/fastq/SRR197/035/SRR19762435/SRR19762435_2.fastq.gz	eae433ab1c553746b23d8fcbba176028	MAGE RNA-seq	sequence	mRNA	HG03313	Esan in Nigeria	https://ftp.1000genomes.ebi.ac.uk/vol1/ftp/data_collections/mage_rnaseq/
ftp://ftp.sra.ebi.ac.uk/vol1/fastq/SRR197/068/SRR19762868/SRR19762868_1.fastq.gz	6170a30501daab0943175bebbf9962d9	MAGE RNA-seq	sequence	mRNA	HG01060	Puerto Rican in Puerto Rico	https://ftp.1000genomes.ebi.ac.uk/vol1/ftp/data_collections/mage_rnaseq/
ftp://ftp.sra.ebi.ac.uk/vol1/fastq/SRR197/068/SRR19762868/SRR19762868_2.fastq.gz	6170a30501daab0943175bebbf9962d9	MAGE RNA-seq	sequence	mRNA	HG01060	Puerto Rican in Puerto Rico	https://ftp.1000genomes.ebi.ac.uk/vol1/ftp/data_collections/mage_rnaseq/
ftp://ftp.sra.ebi.ac.uk/vol1/fastq/SRR197/038/SRR19762438/SRR19762438_1.fastq.gz	7d4bb6ddbbd710aabee7333e2be82943	MAGE RNA-seq	sequence	mRNA	HG03311	Esan in Nigeria	https://ftp.1000genomes.ebi.ac.uk/vol1/ftp/data_collections/mage_rnaseq/
ftp://ftp.sra.ebi.ac.uk/vol1/fastq/SRR197/038/SRR19762438/SRR19762438_2.fastq.gz	7d4bb6ddbbd710aabee7333e2be82943	MAGE RNA-seq	sequence	mRNA	HG03311	Esan in Nigeria	https://ftp.1000genomes.ebi.ac.uk/vol1/ftp/data_collections/mage_rnaseq/
ftp://ftp.sra.ebi.ac.uk/vol1/fastq/SRR197/074/SRR19762874/SRR19762874_1.fastq.gz	ab47b317b2f240a913e2f2659f21d8c4	MAGE RNA-seq	sequence	mRNA	HG01029	Chinese Dai in Xishuangbanna, China	https://ftp.1000genomes.ebi.ac.uk/vol1/ftp/data_collections/mage_rnaseq/
ftp://ftp.sra.ebi.ac.uk/vol1/fastq/SRR197/074/SRR19762874/SRR19762874_2.fastq.gz	ab47b317b2f240a913e2f2659f21d8c4	MAGE RNA-seq	sequence	mRNA	HG01029	Chinese Dai in Xishuangbanna, China	https://ftp.1000genomes.ebi.ac.uk/vol1/ftp/data_collections/mage_rnaseq/
ftp://ftp.sra.ebi.ac.uk/vol1/fastq/SRR197/039/SRR19762439/SRR19762439_1.fastq.gz	ffc04361d90c374dc2f092c4e6a8eb5e	MAGE RNA-seq	sequence	mRNA	HG03301	Esan in Nigeria	https://ftp.1000genomes.ebi.ac.uk/vol1/ftp/data_collections/mage_rnaseq/
ftp://ftp.sra.ebi.ac.uk/vol1/fastq/SRR197/039/SRR19762439/SRR19762439_2.fastq.gz	ffc04361d90c374dc2f092c4e6a8eb5e	MAGE RNA-seq	sequence	mRNA	HG03301	Esan in Nigeria	https://ftp.1000genomes.ebi.ac.uk/vol1/ftp/data_collections/mage_rnaseq/
ftp://ftp.sra.ebi.ac.uk/vol1/fastq/SRR197/078/SRR19762878/SRR19762878_1.fastq.gz	f031759bef5aa0071048134e41ae30b9	MAGE RNA-seq	sequence	mRNA	HG00851	Chinese Dai in Xishuangbanna, China	https://ftp.1000genomes.ebi.ac.uk/vol1/ftp/data_collections/mage_rnaseq/
ftp://ftp.sra.ebi.ac.uk/vol1/fastq/SRR197/078/SRR19762878/SRR19762878_2.fastq.gz	f031759bef5aa0071048134e41ae30b9	MAGE RNA-seq	sequence	mRNA	HG00851	Chinese Dai in Xishuangbanna, China	https://ftp.1000genomes.ebi.ac.uk/vol1/ftp/data_collections/mage_rnaseq/
ftp://ftp.sra.ebi.ac.uk/vol1/fastq/SRR197/041/SRR19762441/SRR19762441_1.fastq.gz	ef379e52ed11375698e55e48b9dc8f65	MAGE RNA-seq	sequence	mRNA	HG02839	Gambian in Western Division, The Gambia - Mandinka	https://ftp.1000genomes.ebi.ac.uk/vol1/ftp/data_collections/mage_rnaseq/
ftp://ftp.sra.ebi.ac.uk/vol1/fastq/SRR197/041/SRR19762441/SRR19762441_2.fastq.gz	ef379e52ed11375698e55e48b9dc8f65	MAGE RNA-seq	sequence	mRNA	HG02839	Gambian in Western Division, The Gambia - Mandinka	https://ftp.1000genomes.ebi.ac.uk/vol1/ftp/data_collections/mage_rnaseq/
ftp://ftp.sra.ebi.ac.uk/vol1/fastq/SRR197/079/SRR19762879/SRR19762879_1.fastq.gz	144bf14ac063af1f8424a1e64485f296	MAGE RNA-seq	sequence	mRNA	HG00844	Chinese Dai in Xishuangbanna, China	https://ftp.1000genomes.ebi.ac.uk/vol1/ftp/data_collections/mage_rnaseq/
ftp://ftp.sra.ebi.ac.uk/vol1/fastq/SRR197/079/SRR19762879/SRR19762879_2.fastq.gz	144bf14ac063af1f8424a1e64485f296	MAGE RNA-seq	sequence	mRNA	HG00844	Chinese Dai in Xishuangbanna, China	https://ftp.1000genomes.ebi.ac.uk/vol1/ftp/data_collections/mage_rnaseq/
ftp://ftp.sra.ebi.ac.uk/vol1/fastq/SRR197/043/SRR19762443/SRR19762443_1.fastq.gz	2cb9820a027e7d8645309e12c5b00054	MAGE RNA-seq	sequence	mRNA	HG02851	Gambian in Western Division, The Gambia - Mandinka	https://ftp.1000genomes.ebi.ac.uk/vol1/ftp/data_collections/mage_rnaseq/
ftp://ftp.sra.ebi.ac.uk/vol1/fastq/SRR197/043/SRR19762443/SRR19762443_2.fastq.gz	2cb9820a027e7d8645309e12c5b00054	MAGE RNA-seq	sequence	mRNA	HG02851	Gambian in Western Division, The Gambia - Mandinka	https://ftp.1000genomes.ebi.ac.uk/vol1/ftp/data_collections/mage_rnaseq/
ftp://ftp.sra.ebi.ac.uk/vol1/fastq/SRR197/085/SRR19762885/SRR19762885_1.fastq.gz	0c9ba0bc822c958f95eadca9d13bd447	MAGE RNA-seq	sequence	mRNA	HG00596	Han Chinese South	https://ftp.1000genomes.ebi.ac.uk/vol1/ftp/data_collections/mage_rnaseq/
ftp://ftp.sra.ebi.ac.uk/vol1/fastq/SRR197/085/SRR19762885/SRR19762885_2.fastq.gz	0c9ba0bc822c958f95eadca9d13bd447	MAGE RNA-seq	sequence	mRNA	HG00596	Han Chinese South	https://ftp.1000genomes.ebi.ac.uk/vol1/ftp/data_collections/mage_rnaseq/
ftp://ftp.sra.ebi.ac.uk/vol1/fastq/SRR197/045/SRR19762445/SRR19762445_1.fastq.gz	6912e6be4408ed34c5f385a236b31ecc	MAGE RNA-seq	sequence	mRNA	HG02816	Gambian in Western Division, The Gambia - Mandinka	https://ftp.1000genomes.ebi.ac.uk/vol1/ftp/data_collections/mage_rnaseq/
ftp://ftp.sra.ebi.ac.uk/vol1/fastq/SRR197/045/SRR19762445/SRR19762445_2.fastq.gz	6912e6be4408ed34c5f385a236b31ecc	MAGE RNA-seq	sequence	mRNA	HG02816	Gambian in Western Division, The Gambia - Mandinka	https://ftp.1000genomes.ebi.ac.uk/vol1/ftp/data_collections/mage_rnaseq/
ftp://ftp.sra.ebi.ac.uk/vol1/fastq/SRR197/086/SRR19762886/SRR19762886_1.fastq.gz	0a01ab4c1694403535846a89f34bde17	MAGE RNA-seq	sequence	mRNA	HG00589	Han Chinese South	https://ftp.1000genomes.ebi.ac.uk/vol1/ftp/data_collections/mage_rnaseq/
ftp://ftp.sra.ebi.ac.uk/vol1/fastq/SRR197/086/SRR19762886/SRR19762886_2.fastq.gz	0a01ab4c1694403535846a89f34bde17	MAGE RNA-seq	sequence	mRNA	HG00589	Han Chinese South	https://ftp.1000genomes.ebi.ac.uk/vol1/ftp/data_collections/mage_rnaseq/
ftp://ftp.sra.ebi.ac.uk/vol1/fastq/SRR197/046/SRR19762446/SRR19762446_1.fastq.gz	a30dd9413f4cad9adeba42444012ef58	MAGE RNA-seq	sequence	mRNA	HG02814	Gambian in Western Division, The Gambia - Mandinka	https://ftp.1000genomes.ebi.ac.uk/vol1/ftp/data_collections/mage_rnaseq/
ftp://ftp.sra.ebi.ac.uk/vol1/fastq/SRR197/046/SRR19762446/SRR19762446_2.fastq.gz	a30dd9413f4cad9adeba42444012ef58	MAGE RNA-seq	sequence	mRNA	HG02814	Gambian in Western Division, The Gambia - Mandinka	https://ftp.1000genomes.ebi.ac.uk/vol1/ftp/data_collections/mage_rnaseq/
ftp://ftp.sra.ebi.ac.uk/vol1/fastq/SRR197/087/SRR19762887/SRR19762887_1.fastq.gz	84957d8b45e92763342c635473ec1936	MAGE RNA-seq	sequence	mRNA	HG00581	Han Chinese South	https://ftp.1000genomes.ebi.ac.uk/vol1/ftp/data_collections/mage_rnaseq/
ftp://ftp.sra.ebi.ac.uk/vol1/fastq/SRR197/087/SRR19762887/SRR19762887_2.fastq.gz	84957d8b45e92763342c635473ec1936	MAGE RNA-seq	sequence	mRNA	HG00581	Han Chinese South	https://ftp.1000genomes.ebi.ac.uk/vol1/ftp/data_collections/mage_rnaseq/
ftp://ftp.sra.ebi.ac.uk/vol1/fastq/SRR197/047/SRR19762447/SRR19762447_1.fastq.gz	971684b4d22732e5a7957bc29fe75d01	MAGE RNA-seq	sequence	mRNA	HG02804	Gambian in Western Division, The Gambia - Mandinka	https://ftp.1000genomes.ebi.ac.uk/vol1/ftp/data_collections/mage_rnaseq/
ftp://ftp.sra.ebi.ac.uk/vol1/fastq/SRR197/047/SRR19762447/SRR19762447_2.fastq.gz	971684b4d22732e5a7957bc29fe75d01	MAGE RNA-seq	sequence	mRNA	HG02804	Gambian in Western Division, The Gambia - Mandinka	https://ftp.1000genomes.ebi.ac.uk/vol1/ftp/data_collections/mage_rnaseq/
ftp://ftp.sra.ebi.ac.uk/vol1/fastq/SRR197/090/SRR19762890/SRR19762890_1.fastq.gz	f2ca4d1901e33325c75441a44c73dbb2	MAGE RNA-seq	sequence	mRNA	HG00590	Han Chinese South	https://ftp.1000genomes.ebi.ac.uk/vol1/ftp/data_collections/mage_rnaseq/
ftp://ftp.sra.ebi.ac.uk/vol1/fastq/SRR197/090/SRR19762890/SRR19762890_2.fastq.gz	f2ca4d1901e33325c75441a44c73dbb2	MAGE RNA-seq	sequence	mRNA	HG00590	Han Chinese South	https://ftp.1000genomes.ebi.ac.uk/vol1/ftp/data_collections/mage_rnaseq/
ftp://ftp.sra.ebi.ac.uk/vol1/fastq/SRR197/055/SRR19762455/SRR19762455_1.fastq.gz	7c51f1e55578e329cf049d2cb0b67e50	MAGE RNA-seq	sequence	mRNA	HG02623	Gambian in Western Division, The Gambia - Mandinka	https://ftp.1000genomes.ebi.ac.uk/vol1/ftp/data_collections/mage_rnaseq/
ftp://ftp.sra.ebi.ac.uk/vol1/fastq/SRR197/055/SRR19762455/SRR19762455_2.fastq.gz	7c51f1e55578e329cf049d2cb0b67e50	MAGE RNA-seq	sequence	mRNA	HG02623	Gambian in Western Division, The Gambia - Mandinka	https://ftp.1000genomes.ebi.ac.uk/vol1/ftp/data_collections/mage_rnaseq/
ftp://ftp.sra.ebi.ac.uk/vol1/fastq/SRR197/096/SRR19762896/SRR19762896_1.fastq.gz	ad829943cdb9701fadb50997dc714dba	MAGE RNA-seq	sequence	mRNA	NA20532	Toscani in Italy	https://ftp.1000genomes.ebi.ac.uk/vol1/ftp/data_collections/mage_rnaseq/
ftp://ftp.sra.ebi.ac.uk/vol1/fastq/SRR197/096/SRR19762896/SRR19762896_2.fastq.gz	ad829943cdb9701fadb50997dc714dba	MAGE RNA-seq	sequence	mRNA	NA20532	Toscani in Italy	https://ftp.1000genomes.ebi.ac.uk/vol1/ftp/data_collections/mage_rnaseq/
ftp://ftp.sra.ebi.ac.uk/vol1/fastq/SRR197/057/SRR19762457/SRR19762457_1.fastq.gz	5c6473fa40a714ecee8dc2eb24570da9	MAGE RNA-seq	sequence	mRNA	HG02624	Gambian in Western Division, The Gambia - Mandinka	https://ftp.1000genomes.ebi.ac.uk/vol1/ftp/data_collections/mage_rnaseq/
ftp://ftp.sra.ebi.ac.uk/vol1/fastq/SRR197/057/SRR19762457/SRR19762457_2.fastq.gz	5c6473fa40a714ecee8dc2eb24570da9	MAGE RNA-seq	sequence	mRNA	HG02624	Gambian in Western Division, The Gambia - Mandinka	https://ftp.1000genomes.ebi.ac.uk/vol1/ftp/data_collections/mage_rnaseq/
ftp://ftp.sra.ebi.ac.uk/vol1/fastq/SRR197/097/SRR19762897/SRR19762897_1.fastq.gz	2021f63b6ede31c9906792e366384329	MAGE RNA-seq	sequence	mRNA	NA20532	Toscani in Italy	https://ftp.1000genomes.ebi.ac.uk/vol1/ftp/data_collections/mage_rnaseq/
ftp://ftp.sra.ebi.ac.uk/vol1/fastq/SRR197/097/SRR19762897/SRR19762897_2.fastq.gz	2021f63b6ede31c9906792e366384329	MAGE RNA-seq	sequence	mRNA	NA20532	Toscani in Italy	https://ftp.1000genomes.ebi.ac.uk/vol1/ftp/data_collections/mage_rnaseq/
ftp://ftp.sra.ebi.ac.uk/vol1/fastq/SRR197/058/SRR19762458/SRR19762458_1.fastq.gz	29a331af4ece053c8edb4cd36d4be089	MAGE RNA-seq	sequence	mRNA	HG02628	Gambian in Western Division, The Gambia - Mandinka	https://ftp.1000genomes.ebi.ac.uk/vol1/ftp/data_collections/mage_rnaseq/
ftp://ftp.sra.ebi.ac.uk/vol1/fastq/SRR197/058/SRR19762458/SRR19762458_2.fastq.gz	29a331af4ece053c8edb4cd36d4be089	MAGE RNA-seq	sequence	mRNA	HG02628	Gambian in Western Division, The Gambia - Mandinka	https://ftp.1000genomes.ebi.ac.uk/vol1/ftp/data_collections/mage_rnaseq/
ftp://ftp.sra.ebi.ac.uk/vol1/fastq/SRR197/099/SRR19762899/SRR19762899_1.fastq.gz	556bcc45c231d8be53b3a071f4aa7b58	MAGE RNA-seq	sequence	mRNA	NA20525	Toscani in Italy	https://ftp.1000genomes.ebi.ac.uk/vol1/ftp/data_collections/mage_rnaseq/
ftp://ftp.sra.ebi.ac.uk/vol1/fastq/SRR197/099/SRR19762899/SRR19762899_2.fastq.gz	556bcc45c231d8be53b3a071f4aa7b58	MAGE RNA-seq	sequence	mRNA	NA20525	Toscani in Italy	https://ftp.1000genomes.ebi.ac.uk/vol1/ftp/data_collections/mage_rnaseq/
ftp://ftp.sra.ebi.ac.uk/vol1/fastq/SRR197/059/SRR19762459/SRR19762459_1.fastq.gz	e2cddb540ae6e5b6a1a7431b670b7051	MAGE RNA-seq	sequence	mRNA	HG02614	Gambian in Western Division, The Gambia - Mandinka	https://ftp.1000genomes.ebi.ac.uk/vol1/ftp/data_collections/mage_rnaseq/
ftp://ftp.sra.ebi.ac.uk/vol1/fastq/SRR197/059/SRR19762459/SRR19762459_2.fastq.gz	e2cddb540ae6e5b6a1a7431b670b7051	MAGE RNA-seq	sequence	mRNA	HG02614	Gambian in Western Division, The Gambia - Mandinka	https://ftp.1000genomes.ebi.ac.uk/vol1/ftp/data_collections/mage_rnaseq/
ftp://ftp.sra.ebi.ac.uk/vol1/fastq/SRR197/000/SRR19762900/SRR19762900_1.fastq.gz	f925a9a5f2eb2f375139c05ddd4931fe	MAGE RNA-seq	sequence	mRNA	NA20513	Toscani in Italy	https://ftp.1000genomes.ebi.ac.uk/vol1/ftp/data_collections/mage_rnaseq/
ftp://ftp.sra.ebi.ac.uk/vol1/fastq/SRR197/000/SRR19762900/SRR19762900_2.fastq.gz	f925a9a5f2eb2f375139c05ddd4931fe	MAGE RNA-seq	sequence	mRNA	NA20513	Toscani in Italy	https://ftp.1000genomes.ebi.ac.uk/vol1/ftp/data_collections/mage_rnaseq/
ftp://ftp.sra.ebi.ac.uk/vol1/fastq/SRR197/062/SRR19762462/SRR19762462_1.fastq.gz	fa3bf7fa3ff7d189600bab269c4b41ee	MAGE RNA-seq	sequence	mRNA	HG02583	Gambian in Western Division, The Gambia - Mandinka	https://ftp.1000genomes.ebi.ac.uk/vol1/ftp/data_collections/mage_rnaseq/
ftp://ftp.sra.ebi.ac.uk/vol1/fastq/SRR197/062/SRR19762462/SRR19762462_2.fastq.gz	fa3bf7fa3ff7d189600bab269c4b41ee	MAGE RNA-seq	sequence	mRNA	HG02583	Gambian in Western Division, The Gambia - Mandinka	https://ftp.1000genomes.ebi.ac.uk/vol1/ftp/data_collections/mage_rnaseq/
ftp://ftp.sra.ebi.ac.uk/vol1/fastq/SRR197/002/SRR19762902/SRR19762902_1.fastq.gz	d46ec25bbff63261c2c238f29b3e56ba	MAGE RNA-seq	sequence	mRNA	NA20502	Toscani in Italy	https://ftp.1000genomes.ebi.ac.uk/vol1/ftp/data_collections/mage_rnaseq/
ftp://ftp.sra.ebi.ac.uk/vol1/fastq/SRR197/002/SRR19762902/SRR19762902_2.fastq.gz	d46ec25bbff63261c2c238f29b3e56ba	MAGE RNA-seq	sequence	mRNA	NA20502	Toscani in Italy	https://ftp.1000genomes.ebi.ac.uk/vol1/ftp/data_collections/mage_rnaseq/
ftp://ftp.sra.ebi.ac.uk/vol1/fastq/SRR197/063/SRR19762463/SRR19762463_1.fastq.gz	6a4db6d2c510050e0aa881c9d4803d91	MAGE RNA-seq	sequence	mRNA	NA19116	Yoruba in Ibadan, Nigeria	https://ftp.1000genomes.ebi.ac.uk/vol1/ftp/data_collections/mage_rnaseq/
ftp://ftp.sra.ebi.ac.uk/vol1/fastq/SRR197/063/SRR19762463/SRR19762463_2.fastq.gz	6a4db6d2c510050e0aa881c9d4803d91	MAGE RNA-seq	sequence	mRNA	NA19116	Yoruba in Ibadan, Nigeria	https://ftp.1000genomes.ebi.ac.uk/vol1/ftp/data_collections/mage_rnaseq/
ftp://ftp.sra.ebi.ac.uk/vol1/fastq/SRR197/003/SRR19762903/SRR19762903_1.fastq.gz	bf800262d39c17ef8f731b34fbee1f7a	MAGE RNA-seq	sequence	mRNA	NA20511	Toscani in Italy	https://ftp.1000genomes.ebi.ac.uk/vol1/ftp/data_collections/mage_rnaseq/
ftp://ftp.sra.ebi.ac.uk/vol1/fastq/SRR197/003/SRR19762903/SRR19762903_2.fastq.gz	bf800262d39c17ef8f731b34fbee1f7a	MAGE RNA-seq	sequence	mRNA	NA20511	Toscani in Italy	https://ftp.1000genomes.ebi.ac.uk/vol1/ftp/data_collections/mage_rnaseq/
ftp://ftp.sra.ebi.ac.uk/vol1/fastq/SRR197/064/SRR19762464/SRR19762464_1.fastq.gz	7a1a210dda4e9b789adbdc22e20f00b6	MAGE RNA-seq	sequence	mRNA	HG00325	Finnish in Finland	https://ftp.1000genomes.ebi.ac.uk/vol1/ftp/data_collections/mage_rnaseq/
ftp://ftp.sra.ebi.ac.uk/vol1/fastq/SRR197/064/SRR19762464/SRR19762464_2.fastq.gz	7a1a210dda4e9b789adbdc22e20f00b6	MAGE RNA-seq	sequence	mRNA	HG00325	Finnish in Finland	https://ftp.1000genomes.ebi.ac.uk/vol1/ftp/data_collections/mage_rnaseq/
ftp://ftp.sra.ebi.ac.uk/vol1/fastq/SRR197/005/SRR19762905/SRR19762905_1.fastq.gz	ffcd409b11bec0b9dd2190eaeb69bcce	MAGE RNA-seq	sequence	mRNA	NA20502	Toscani in Italy	https://ftp.1000genomes.ebi.ac.uk/vol1/ftp/data_collections/mage_rnaseq/
ftp://ftp.sra.ebi.ac.uk/vol1/fastq/SRR197/005/SRR19762905/SRR19762905_2.fastq.gz	ffcd409b11bec0b9dd2190eaeb69bcce	MAGE RNA-seq	sequence	mRNA	NA20502	Toscani in Italy	https://ftp.1000genomes.ebi.ac.uk/vol1/ftp/data_collections/mage_rnaseq/
ftp://ftp.sra.ebi.ac.uk/vol1/fastq/SRR197/066/SRR19762466/SRR19762466_1.fastq.gz	ca97fb1d40aed518cb276171fa747f00	MAGE RNA-seq	sequence	mRNA	NA19129	Yoruba in Ibadan, Nigeria	https://ftp.1000genomes.ebi.ac.uk/vol1/ftp/data_collections/mage_rnaseq/
ftp://ftp.sra.ebi.ac.uk/vol1/fastq/SRR197/066/SRR19762466/SRR19762466_2.fastq.gz	ca97fb1d40aed518cb276171fa747f00	MAGE RNA-seq	sequence	mRNA	NA19129	Yoruba in Ibadan, Nigeria	https://ftp.1000genomes.ebi.ac.uk/vol1/ftp/data_collections/mage_rnaseq/
ftp://ftp.sra.ebi.ac.uk/vol1/fastq/SRR197/009/SRR19762909/SRR19762909_1.fastq.gz	2ab5321315caeeceda1c9553573b2951	MAGE RNA-seq	sequence	mRNA	NA19726	Mexican Ancestry in Los Angeles, California	https://ftp.1000genomes.ebi.ac.uk/vol1/ftp/data_collections/mage_rnaseq/
ftp://ftp.sra.ebi.ac.uk/vol1/fastq/SRR197/009/SRR19762909/SRR19762909_2.fastq.gz	2ab5321315caeeceda1c9553573b2951	MAGE RNA-seq	sequence	mRNA	NA19726	Mexican Ancestry in Los Angeles, California	https://ftp.1000genomes.ebi.ac.uk/vol1/ftp/data_collections/mage_rnaseq/
ftp://ftp.sra.ebi.ac.uk/vol1/fastq/SRR197/068/SRR19762468/SRR19762468_1.fastq.gz	649380a295134a2a95119934648271ec	MAGE RNA-seq	sequence	mRNA	NA19095	Yoruba in Ibadan, Nigeria	https://ftp.1000genomes.ebi.ac.uk/vol1/ftp/data_collections/mage_rnaseq/
ftp://ftp.sra.ebi.ac.uk/vol1/fastq/SRR197/068/SRR19762468/SRR19762468_2.fastq.gz	649380a295134a2a95119934648271ec	MAGE RNA-seq	sequence	mRNA	NA19095	Yoruba in Ibadan, Nigeria	https://ftp.1000genomes.ebi.ac.uk/vol1/ftp/data_collections/mage_rnaseq/
ftp://ftp.sra.ebi.ac.uk/vol1/fastq/SRR197/015/SRR19762915/SRR19762915_1.fastq.gz	6e0b6a85378f5e78b72a25718f64c6c7	MAGE RNA-seq	sequence	mRNA	HG00533	Han Chinese South	https://ftp.1000genomes.ebi.ac.uk/vol1/ftp/data_collections/mage_rnaseq/
ftp://ftp.sra.ebi.ac.uk/vol1/fastq/SRR197/015/SRR19762915/SRR19762915_2.fastq.gz	6e0b6a85378f5e78b72a25718f64c6c7	MAGE RNA-seq	sequence	mRNA	HG00533	Han Chinese South	https://ftp.1000genomes.ebi.ac.uk/vol1/ftp/data_collections/mage_rnaseq/
ftp://ftp.sra.ebi.ac.uk/vol1/fastq/SRR197/070/SRR19762470/SRR19762470_1.fastq.gz	b751e82e5a23e8175845ff468372e859	MAGE RNA-seq	sequence	mRNA	NA19080	Japanese in Tokyo, Japan	https://ftp.1000genomes.ebi.ac.uk/vol1/ftp/data_collections/mage_rnaseq/
ftp://ftp.sra.ebi.ac.uk/vol1/fastq/SRR197/070/SRR19762470/SRR19762470_2.fastq.gz	b751e82e5a23e8175845ff468372e859	MAGE RNA-seq	sequence	mRNA	NA19080	Japanese in Tokyo, Japan	https://ftp.1000genomes.ebi.ac.uk/vol1/ftp/data_collections/mage_rnaseq/
ftp://ftp.sra.ebi.ac.uk/vol1/fastq/SRR197/019/SRR19762919/SRR19762919_1.fastq.gz	4192f2a123cc9de2825de17aa9a38708	MAGE RNA-seq	sequence	mRNA	HG00513	Han Chinese South	https://ftp.1000genomes.ebi.ac.uk/vol1/ftp/data_collections/mage_rnaseq/
ftp://ftp.sra.ebi.ac.uk/vol1/fastq/SRR197/019/SRR19762919/SRR19762919_2.fastq.gz	4192f2a123cc9de2825de17aa9a38708	MAGE RNA-seq	sequence	mRNA	HG00513	Han Chinese South	https://ftp.1000genomes.ebi.ac.uk/vol1/ftp/data_collections/mage_rnaseq/
ftp://ftp.sra.ebi.ac.uk/vol1/fastq/SRR197/077/SRR19762477/SRR19762477_1.fastq.gz	5a0333825ea628333e4ac7039968fcbb	MAGE RNA-seq	sequence	mRNA	NA18861	Yoruba in Ibadan, Nigeria	https://ftp.1000genomes.ebi.ac.uk/vol1/ftp/data_collections/mage_rnaseq/
ftp://ftp.sra.ebi.ac.uk/vol1/fastq/SRR197/077/SRR19762477/SRR19762477_2.fastq.gz	5a0333825ea628333e4ac7039968fcbb	MAGE RNA-seq	sequence	mRNA	NA18861	Yoruba in Ibadan, Nigeria	https://ftp.1000genomes.ebi.ac.uk/vol1/ftp/data_collections/mage_rnaseq/
ftp://ftp.sra.ebi.ac.uk/vol1/fastq/SRR197/020/SRR19762920/SRR19762920_1.fastq.gz	1aa8709b2d95344849a921dbb03b39fe	MAGE RNA-seq	sequence	mRNA	HG00475	Han Chinese South	https://ftp.1000genomes.ebi.ac.uk/vol1/ftp/data_collections/mage_rnaseq/
ftp://ftp.sra.ebi.ac.uk/vol1/fastq/SRR197/020/SRR19762920/SRR19762920_2.fastq.gz	1aa8709b2d95344849a921dbb03b39fe	MAGE RNA-seq	sequence	mRNA	HG00475	Han Chinese South	https://ftp.1000genomes.ebi.ac.uk/vol1/ftp/data_collections/mage_rnaseq/
ftp://ftp.sra.ebi.ac.uk/vol1/fastq/SRR197/084/SRR19762484/SRR19762484_1.fastq.gz	516c6afa3021e2e73d99d431f0eb7c39	MAGE RNA-seq	sequence	mRNA	NA18645	Han Chinese in Beijing, China	https://ftp.1000genomes.ebi.ac.uk/vol1/ftp/data_collections/mage_rnaseq/
ftp://ftp.sra.ebi.ac.uk/vol1/fastq/SRR197/084/SRR19762484/SRR19762484_2.fastq.gz	516c6afa3021e2e73d99d431f0eb7c39	MAGE RNA-seq	sequence	mRNA	NA18645	Han Chinese in Beijing, China	https://ftp.1000genomes.ebi.ac.uk/vol1/ftp/data_collections/mage_rnaseq/
ftp://ftp.sra.ebi.ac.uk/vol1/fastq/SRR197/021/SRR19762921/SRR19762921_1.fastq.gz	ac9b8764cadb0d2bbd75ed245a2e1092	MAGE RNA-seq	sequence	mRNA	HG00114	British in England and Scotland	https://ftp.1000genomes.ebi.ac.uk/vol1/ftp/data_collections/mage_rnaseq/
ftp://ftp.sra.ebi.ac.uk/vol1/fastq/SRR197/021/SRR19762921/SRR19762921_2.fastq.gz	ac9b8764cadb0d2bbd75ed245a2e1092	MAGE RNA-seq	sequence	mRNA	HG00114	British in England and Scotland	https://ftp.1000genomes.ebi.ac.uk/vol1/ftp/data_collections/mage_rnaseq/
ftp://ftp.sra.ebi.ac.uk/vol1/fastq/SRR197/091/SRR19762491/SRR19762491_1.fastq.gz	f1fd0f35d43ca57bb87f1f2b1ac39266	MAGE RNA-seq	sequence	mRNA	NA12546	Utah residents (CEPH) with Northern and Western European ancestry	https://ftp.1000genomes.ebi.ac.uk/vol1/ftp/data_collections/mage_rnaseq/
ftp://ftp.sra.ebi.ac.uk/vol1/fastq/SRR197/091/SRR19762491/SRR19762491_2.fastq.gz	f1fd0f35d43ca57bb87f1f2b1ac39266	MAGE RNA-seq	sequence	mRNA	NA12546	Utah residents (CEPH) with Northern and Western European ancestry	https://ftp.1000genomes.ebi.ac.uk/vol1/ftp/data_collections/mage_rnaseq/
ftp://ftp.sra.ebi.ac.uk/vol1/fastq/SRR197/022/SRR19762922/SRR19762922_1.fastq.gz	ca4e6be6fc3b19a308a4a10e78dc3afe	MAGE RNA-seq	sequence	mRNA	HG00442	Han Chinese South	https://ftp.1000genomes.ebi.ac.uk/vol1/ftp/data_collections/mage_rnaseq/
ftp://ftp.sra.ebi.ac.uk/vol1/fastq/SRR197/022/SRR19762922/SRR19762922_2.fastq.gz	ca4e6be6fc3b19a308a4a10e78dc3afe	MAGE RNA-seq	sequence	mRNA	HG00442	Han Chinese South	https://ftp.1000genomes.ebi.ac.uk/vol1/ftp/data_collections/mage_rnaseq/
ftp://ftp.sra.ebi.ac.uk/vol1/fastq/SRR197/093/SRR19762493/SRR19762493_1.fastq.gz	69d34623a7383e38a21d42a8bdc4043b	MAGE RNA-seq	sequence	mRNA	NA12718	Utah residents (CEPH) with Northern and Western European ancestry	https://ftp.1000genomes.ebi.ac.uk/vol1/ftp/data_collections/mage_rnaseq/
ftp://ftp.sra.ebi.ac.uk/vol1/fastq/SRR197/093/SRR19762493/SRR19762493_2.fastq.gz	69d34623a7383e38a21d42a8bdc4043b	MAGE RNA-seq	sequence	mRNA	NA12718	Utah residents (CEPH) with Northern and Western European ancestry	https://ftp.1000genomes.ebi.ac.uk/vol1/ftp/data_collections/mage_rnaseq/
ftp://ftp.sra.ebi.ac.uk/vol1/fastq/SRR197/024/SRR19762924/SRR19762924_1.fastq.gz	1bca618860ce22010c82d816873f756d	MAGE RNA-seq	sequence	mRNA	HG00463	Han Chinese South	https://ftp.1000genomes.ebi.ac.uk/vol1/ftp/data_collections/mage_rnaseq/
ftp://ftp.sra.ebi.ac.uk/vol1/fastq/SRR197/024/SRR19762924/SRR19762924_2.fastq.gz	1bca618860ce22010c82d816873f756d	MAGE RNA-seq	sequence	mRNA	HG00463	Han Chinese South	https://ftp.1000genomes.ebi.ac.uk/vol1/ftp/data_collections/mage_rnaseq/
ftp://ftp.sra.ebi.ac.uk/vol1/fastq/SRR197/096/SRR19762496/SRR19762496_1.fastq.gz	605faf6b083675ba85f5a0322025cf74	MAGE RNA-seq	sequence	mRNA	NA12399	Utah residents (CEPH) with Northern and Western European ancestry	https://ftp.1000genomes.ebi.ac.uk/vol1/ftp/data_collections/mage_rnaseq/
ftp://ftp.sra.ebi.ac.uk/vol1/fastq/SRR197/096/SRR19762496/SRR19762496_2.fastq.gz	605faf6b083675ba85f5a0322025cf74	MAGE RNA-seq	sequence	mRNA	NA12399	Utah residents (CEPH) with Northern and Western European ancestry	https://ftp.1000genomes.ebi.ac.uk/vol1/ftp/data_collections/mage_rnaseq/
ftp://ftp.sra.ebi.ac.uk/vol1/fastq/SRR197/026/SRR19762926/SRR19762926_1.fastq.gz	0587d2cb85feba7f5460feee18591deb	MAGE RNA-seq	sequence	mRNA	NA21129	Gujarati Indians in Houston, TX	https://ftp.1000genomes.ebi.ac.uk/vol1/ftp/data_collections/mage_rnaseq/
ftp://ftp.sra.ebi.ac.uk/vol1/fastq/SRR197/026/SRR19762926/SRR19762926_2.fastq.gz	0587d2cb85feba7f5460feee18591deb	MAGE RNA-seq	sequence	mRNA	NA21129	Gujarati Indians in Houston, TX	https://ftp.1000genomes.ebi.ac.uk/vol1/ftp/data_collections/mage_rnaseq/
ftp://ftp.sra.ebi.ac.uk/vol1/fastq/SRR197/097/SRR19762497/SRR19762497_1.fastq.gz	d11e0739d17a3abbf7985ddb108fb88d	MAGE RNA-seq	sequence	mRNA	NA12287	Utah residents (CEPH) with Northern and Western European ancestry	https://ftp.1000genomes.ebi.ac.uk/vol1/ftp/data_collections/mage_rnaseq/
ftp://ftp.sra.ebi.ac.uk/vol1/fastq/SRR197/097/SRR19762497/SRR19762497_2.fastq.gz	d11e0739d17a3abbf7985ddb108fb88d	MAGE RNA-seq	sequence	mRNA	NA12287	Utah residents (CEPH) with Northern and Western European ancestry	https://ftp.1000genomes.ebi.ac.uk/vol1/ftp/data_collections/mage_rnaseq/
ftp://ftp.sra.ebi.ac.uk/vol1/fastq/SRR197/028/SRR19762928/SRR19762928_1.fastq.gz	10cca3e79f256a06822ac9e00a978102	MAGE RNA-seq	sequence	mRNA	NA20359	African Ancestry in Southwest US	https://ftp.1000genomes.ebi.ac.uk/vol1/ftp/data_collections/mage_rnaseq/
ftp://ftp.sra.ebi.ac.uk/vol1/fastq/SRR197/028/SRR19762928/SRR19762928_2.fastq.gz	10cca3e79f256a06822ac9e00a978102	MAGE RNA-seq	sequence	mRNA	NA20359	African Ancestry in Southwest US	https://ftp.1000genomes.ebi.ac.uk/vol1/ftp/data_collections/mage_rnaseq/
ftp://ftp.sra.ebi.ac.uk/vol1/fastq/SRR197/002/SRR19762502/SRR19762502_1.fastq.gz	a0488f76b069d68eefd91ecf3a7439ce	MAGE RNA-seq	sequence	mRNA	NA12154	Utah residents (CEPH) with Northern and Western European ancestry	https://ftp.1000genomes.ebi.ac.uk/vol1/ftp/data_collections/mage_rnaseq/
ftp://ftp.sra.ebi.ac.uk/vol1/fastq/SRR197/002/SRR19762502/SRR19762502_2.fastq.gz	a0488f76b069d68eefd91ecf3a7439ce	MAGE RNA-seq	sequence	mRNA	NA12154	Utah residents (CEPH) with Northern and Western European ancestry	https://ftp.1000genomes.ebi.ac.uk/vol1/ftp/data_collections/mage_rnaseq/
ftp://ftp.sra.ebi.ac.uk/vol1/fastq/SRR197/029/SRR19762929/SRR19762929_1.fastq.gz	4636e7adf93919d8857807e2dbfe51be	MAGE RNA-seq	sequence	mRNA	NA20351	African Ancestry in Southwest US	https://ftp.1000genomes.ebi.ac.uk/vol1/ftp/data_collections/mage_rnaseq/
ftp://ftp.sra.ebi.ac.uk/vol1/fastq/SRR197/029/SRR19762929/SRR19762929_2.fastq.gz	4636e7adf93919d8857807e2dbfe51be	MAGE RNA-seq	sequence	mRNA	NA20351	African Ancestry in Southwest US	https://ftp.1000genomes.ebi.ac.uk/vol1/ftp/data_collections/mage_rnaseq/
ftp://ftp.sra.ebi.ac.uk/vol1/fastq/SRR197/003/SRR19762503/SRR19762503_1.fastq.gz	687ec7ec76fe63653b1d6c6be593a844	MAGE RNA-seq	sequence	mRNA	HG03998	Sri Lankan Tamil in the UK	https://ftp.1000genomes.ebi.ac.uk/vol1/ftp/data_collections/mage_rnaseq/
ftp://ftp.sra.ebi.ac.uk/vol1/fastq/SRR197/003/SRR19762503/SRR19762503_2.fastq.gz	687ec7ec76fe63653b1d6c6be593a844	MAGE RNA-seq	sequence	mRNA	HG03998	Sri Lankan Tamil in the UK	https://ftp.1000genomes.ebi.ac.uk/vol1/ftp/data_collections/mage_rnaseq/
ftp://ftp.sra.ebi.ac.uk/vol1/fastq/SRR197/031/SRR19762931/SRR19762931_1.fastq.gz	9f00500895d32ab666acccc00857d4e2	MAGE RNA-seq	sequence	mRNA	HG00355	Finnish in Finland	https://ftp.1000genomes.ebi.ac.uk/vol1/ftp/data_collections/mage_rnaseq/
ftp://ftp.sra.ebi.ac.uk/vol1/fastq/SRR197/031/SRR19762931/SRR19762931_2.fastq.gz	9f00500895d32ab666acccc00857d4e2	MAGE RNA-seq	sequence	mRNA	HG00355	Finnish in Finland	https://ftp.1000genomes.ebi.ac.uk/vol1/ftp/data_collections/mage_rnaseq/
ftp://ftp.sra.ebi.ac.uk/vol1/fastq/SRR197/004/SRR19762504/SRR19762504_1.fastq.gz	e8fbc4467ff96693652cc47a0b89feff	MAGE RNA-seq	sequence	mRNA	HG00254	British in England and Scotland	https://ftp.1000genomes.ebi.ac.uk/vol1/ftp/data_collections/mage_rnaseq/
ftp://ftp.sra.ebi.ac.uk/vol1/fastq/SRR197/004/SRR19762504/SRR19762504_2.fastq.gz	e8fbc4467ff96693652cc47a0b89feff	MAGE RNA-seq	sequence	mRNA	HG00254	British in England and Scotland	https://ftp.1000genomes.ebi.ac.uk/vol1/ftp/data_collections/mage_rnaseq/
ftp://ftp.sra.ebi.ac.uk/vol1/fastq/SRR197/033/SRR19762933/SRR19762933_1.fastq.gz	bf821f79761f249be2ecf385378620bb	MAGE RNA-seq	sequence	mRNA	NA20334	African Ancestry in Southwest US	https://ftp.1000genomes.ebi.ac.uk/vol1/ftp/data_collections/mage_rnaseq/
ftp://ftp.sra.ebi.ac.uk/vol1/fastq/SRR197/033/SRR19762933/SRR19762933_2.fastq.gz	bf821f79761f249be2ecf385378620bb	MAGE RNA-seq	sequence	mRNA	NA20334	African Ancestry in Southwest US	https://ftp.1000genomes.ebi.ac.uk/vol1/ftp/data_collections/mage_rnaseq/
ftp://ftp.sra.ebi.ac.uk/vol1/fastq/SRR197/009/SRR19762509/SRR19762509_1.fastq.gz	6f3214a17b8a911878f796dc0c0c278f	MAGE RNA-seq	sequence	mRNA	HG03976	Indian Telugu in the UK	https://ftp.1000genomes.ebi.ac.uk/vol1/ftp/data_collections/mage_rnaseq/
ftp://ftp.sra.ebi.ac.uk/vol1/fastq/SRR197/009/SRR19762509/SRR19762509_2.fastq.gz	6f3214a17b8a911878f796dc0c0c278f	MAGE RNA-seq	sequence	mRNA	HG03976	Indian Telugu in the UK	https://ftp.1000genomes.ebi.ac.uk/vol1/ftp/data_collections/mage_rnaseq/
ftp://ftp.sra.ebi.ac.uk/vol1/fastq/SRR197/038/SRR19762938/SRR19762938_1.fastq.gz	2db18265454f168cc7092c42e7991848	MAGE RNA-seq	sequence	mRNA	NA20317	African Ancestry in Southwest US	https://ftp.1000genomes.ebi.ac.uk/vol1/ftp/data_collections/mage_rnaseq/
ftp://ftp.sra.ebi.ac.uk/vol1/fastq/SRR197/038/SRR19762938/SRR19762938_2.fastq.gz	2db18265454f168cc7092c42e7991848	MAGE RNA-seq	sequence	mRNA	NA20317	African Ancestry in Southwest US	https://ftp.1000genomes.ebi.ac.uk/vol1/ftp/data_collections/mage_rnaseq/
ftp://ftp.sra.ebi.ac.uk/vol1/fastq/SRR197/019/SRR19762519/SRR19762519_1.fastq.gz	e4d6244c450374729d1e64d76741b3fa	MAGE RNA-seq	sequence	mRNA	HG03604	Bengali in Bangladesh	https://ftp.1000genomes.ebi.ac.uk/vol1/ftp/data_collections/mage_rnaseq/
ftp://ftp.sra.ebi.ac.uk/vol1/fastq/SRR197/019/SRR19762519/SRR19762519_2.fastq.gz	e4d6244c450374729d1e64d76741b3fa	MAGE RNA-seq	sequence	mRNA	HG03604	Bengali in Bangladesh	https://ftp.1000genomes.ebi.ac.uk/vol1/ftp/data_collections/mage_rnaseq/
ftp://ftp.sra.ebi.ac.uk/vol1/fastq/SRR197/040/SRR19762940/SRR19762940_1.fastq.gz	b896dd3185ee6c89cea7357a77d21cfd	MAGE RNA-seq	sequence	mRNA	NA20294	African Ancestry in Southwest US	https://ftp.1000genomes.ebi.ac.uk/vol1/ftp/data_collections/mage_rnaseq/
ftp://ftp.sra.ebi.ac.uk/vol1/fastq/SRR197/040/SRR19762940/SRR19762940_2.fastq.gz	b896dd3185ee6c89cea7357a77d21cfd	MAGE RNA-seq	sequence	mRNA	NA20294	African Ancestry in Southwest US	https://ftp.1000genomes.ebi.ac.uk/vol1/ftp/data_collections/mage_rnaseq/
ftp://ftp.sra.ebi.ac.uk/vol1/fastq/SRR197/024/SRR19762524/SRR19762524_1.fastq.gz	53f911f0a7c115818be9da5ac52ae0fc	MAGE RNA-seq	sequence	mRNA	HG03594	Bengali in Bangladesh	https://ftp.1000genomes.ebi.ac.uk/vol1/ftp/data_collections/mage_rnaseq/
ftp://ftp.sra.ebi.ac.uk/vol1/fastq/SRR197/024/SRR19762524/SRR19762524_2.fastq.gz	53f911f0a7c115818be9da5ac52ae0fc	MAGE RNA-seq	sequence	mRNA	HG03594	Bengali in Bangladesh	https://ftp.1000genomes.ebi.ac.uk/vol1/ftp/data_collections/mage_rnaseq/
ftp://ftp.sra.ebi.ac.uk/vol1/fastq/SRR197/043/SRR19762943/SRR19762943_1.fastq.gz	a6ffd6761224c8bdfcbb09e96cd349ef	MAGE RNA-seq	sequence	mRNA	NA19117	Yoruba in Ibadan, Nigeria	https://ftp.1000genomes.ebi.ac.uk/vol1/ftp/data_collections/mage_rnaseq/
ftp://ftp.sra.ebi.ac.uk/vol1/fastq/SRR197/043/SRR19762943/SRR19762943_2.fastq.gz	a6ffd6761224c8bdfcbb09e96cd349ef	MAGE RNA-seq	sequence	mRNA	NA19117	Yoruba in Ibadan, Nigeria	https://ftp.1000genomes.ebi.ac.uk/vol1/ftp/data_collections/mage_rnaseq/
ftp://ftp.sra.ebi.ac.uk/vol1/fastq/SRR197/027/SRR19762527/SRR19762527_1.fastq.gz	b74ff79cc3cb755d57866eb346d99ba9	MAGE RNA-seq	sequence	mRNA	HG03585	Bengali in Bangladesh	https://ftp.1000genomes.ebi.ac.uk/vol1/ftp/data_collections/mage_rnaseq/
ftp://ftp.sra.ebi.ac.uk/vol1/fastq/SRR197/027/SRR19762527/SRR19762527_2.fastq.gz	b74ff79cc3cb755d57866eb346d99ba9	MAGE RNA-seq	sequence	mRNA	HG03585	Bengali in Bangladesh	https://ftp.1000genomes.ebi.ac.uk/vol1/ftp/data_collections/mage_rnaseq/
ftp://ftp.sra.ebi.ac.uk/vol1/fastq/SRR197/029/SRR19762529/SRR19762529_1.fastq.gz	426ef6548b0f977968f317abfa1d025f	MAGE RNA-seq	sequence	mRNA	HG03595	Bengali in Bangladesh	https://ftp.1000genomes.ebi.ac.uk/vol1/ftp/data_collections/mage_rnaseq/
ftp://ftp.sra.ebi.ac.uk/vol1/fastq/SRR197/029/SRR19762529/SRR19762529_2.fastq.gz	426ef6548b0f977968f317abfa1d025f	MAGE RNA-seq	sequence	mRNA	HG03595	Bengali in Bangladesh	https://ftp.1000genomes.ebi.ac.uk/vol1/ftp/data_collections/mage_rnaseq/
ftp://ftp.sra.ebi.ac.uk/vol1/fastq/SRR197/030/SRR19762530/SRR19762530_1.fastq.gz	7cefde0b48b7d68884cb1678f0122748	MAGE RNA-seq	sequence	mRNA	HG00237	British in England and Scotland	https://ftp.1000genomes.ebi.ac.uk/vol1/ftp/data_collections/mage_rnaseq/
ftp://ftp.sra.ebi.ac.uk/vol1/fastq/SRR197/030/SRR19762530/SRR19762530_2.fastq.gz	7cefde0b48b7d68884cb1678f0122748	MAGE RNA-seq	sequence	mRNA	HG00237	British in England and Scotland	https://ftp.1000genomes.ebi.ac.uk/vol1/ftp/data_collections/mage_rnaseq/
ftp://ftp.sra.ebi.ac.uk/vol1/fastq/SRR197/038/SRR19762538/SRR19762538_1.fastq.gz	9171376dbf5b51001181580f4b423fe6	MAGE RNA-seq	sequence	mRNA	HG03082	Mende in Sierra Leone	https://ftp.1000genomes.ebi.ac.uk/vol1/ftp/data_collections/mage_rnaseq/
ftp://ftp.sra.ebi.ac.uk/vol1/fastq/SRR197/038/SRR19762538/SRR19762538_2.fastq.gz	9171376dbf5b51001181580f4b423fe6	MAGE RNA-seq	sequence	mRNA	HG03082	Mende in Sierra Leone	https://ftp.1000genomes.ebi.ac.uk/vol1/ftp/data_collections/mage_rnaseq/
ftp://ftp.sra.ebi.ac.uk/vol1/fastq/SRR197/040/SRR19762540/SRR19762540_1.fastq.gz	7d8f1d787d4880d672b8a005312b7d81	MAGE RNA-seq	sequence	mRNA	HG03060	Mende in Sierra Leone	https://ftp.1000genomes.ebi.ac.uk/vol1/ftp/data_collections/mage_rnaseq/
ftp://ftp.sra.ebi.ac.uk/vol1/fastq/SRR197/040/SRR19762540/SRR19762540_2.fastq.gz	7d8f1d787d4880d672b8a005312b7d81	MAGE RNA-seq	sequence	mRNA	HG03060	Mende in Sierra Leone	https://ftp.1000genomes.ebi.ac.uk/vol1/ftp/data_collections/mage_rnaseq/
ftp://ftp.sra.ebi.ac.uk/vol1/fastq/SRR197/041/SRR19762541/SRR19762541_1.fastq.gz	020359021a79498ce19dcb1f1c05583b	MAGE RNA-seq	sequence	mRNA	HG03064	Mende in Sierra Leone	https://ftp.1000genomes.ebi.ac.uk/vol1/ftp/data_collections/mage_rnaseq/
ftp://ftp.sra.ebi.ac.uk/vol1/fastq/SRR197/041/SRR19762541/SRR19762541_2.fastq.gz	020359021a79498ce19dcb1f1c05583b	MAGE RNA-seq	sequence	mRNA	HG03064	Mende in Sierra Leone	https://ftp.1000genomes.ebi.ac.uk/vol1/ftp/data_collections/mage_rnaseq/
ftp://ftp.sra.ebi.ac.uk/vol1/fastq/SRR197/042/SRR19762542/SRR19762542_1.fastq.gz	12cccb48a8422ce7f86f4eb27c1857cc	MAGE RNA-seq	sequence	mRNA	HG03077	Mende in Sierra Leone	https://ftp.1000genomes.ebi.ac.uk/vol1/ftp/data_collections/mage_rnaseq/
ftp://ftp.sra.ebi.ac.uk/vol1/fastq/SRR197/042/SRR19762542/SRR19762542_2.fastq.gz	12cccb48a8422ce7f86f4eb27c1857cc	MAGE RNA-seq	sequence	mRNA	HG03077	Mende in Sierra Leone	https://ftp.1000genomes.ebi.ac.uk/vol1/ftp/data_collections/mage_rnaseq/
ftp://ftp.sra.ebi.ac.uk/vol1/fastq/SRR197/043/SRR19762543/SRR19762543_1.fastq.gz	e3daf6abe8c39d741cb04129587a7425	MAGE RNA-seq	sequence	mRNA	HG03084	Mende in Sierra Leone	https://ftp.1000genomes.ebi.ac.uk/vol1/ftp/data_collections/mage_rnaseq/
ftp://ftp.sra.ebi.ac.uk/vol1/fastq/SRR197/043/SRR19762543/SRR19762543_2.fastq.gz	e3daf6abe8c39d741cb04129587a7425	MAGE RNA-seq	sequence	mRNA	HG03084	Mende in Sierra Leone	https://ftp.1000genomes.ebi.ac.uk/vol1/ftp/data_collections/mage_rnaseq/
ftp://ftp.sra.ebi.ac.uk/vol1/fastq/SRR197/046/SRR19762546/SRR19762546_1.fastq.gz	64e1a1bd12a1e0679af29392c67c423c	MAGE RNA-seq	sequence	mRNA	HG02715	Gambian in Western Division, The Gambia - Mandinka	https://ftp.1000genomes.ebi.ac.uk/vol1/ftp/data_collections/mage_rnaseq/
ftp://ftp.sra.ebi.ac.uk/vol1/fastq/SRR197/046/SRR19762546/SRR19762546_2.fastq.gz	64e1a1bd12a1e0679af29392c67c423c	MAGE RNA-seq	sequence	mRNA	HG02715	Gambian in Western Division, The Gambia - Mandinka	https://ftp.1000genomes.ebi.ac.uk/vol1/ftp/data_collections/mage_rnaseq/
ftp://ftp.sra.ebi.ac.uk/vol1/fastq/SRR197/047/SRR19762547/SRR19762547_1.fastq.gz	e22b55601877d70caa9178209932ecea	MAGE RNA-seq	sequence	mRNA	HG02703	Gambian in Western Division, The Gambia - Mandinka	https://ftp.1000genomes.ebi.ac.uk/vol1/ftp/data_collections/mage_rnaseq/
ftp://ftp.sra.ebi.ac.uk/vol1/fastq/SRR197/047/SRR19762547/SRR19762547_2.fastq.gz	e22b55601877d70caa9178209932ecea	MAGE RNA-seq	sequence	mRNA	HG02703	Gambian in Western Division, The Gambia - Mandinka	https://ftp.1000genomes.ebi.ac.uk/vol1/ftp/data_collections/mage_rnaseq/
ftp://ftp.sra.ebi.ac.uk/vol1/fastq/SRR197/051/SRR19762551/SRR19762551_1.fastq.gz	4a81c1051e7d60425bfba55d94c90790	MAGE RNA-seq	sequence	mRNA	HG02697	Punjabi in Lahore, Pakistan	https://ftp.1000genomes.ebi.ac.uk/vol1/ftp/data_collections/mage_rnaseq/
ftp://ftp.sra.ebi.ac.uk/vol1/fastq/SRR197/051/SRR19762551/SRR19762551_2.fastq.gz	4a81c1051e7d60425bfba55d94c90790	MAGE RNA-seq	sequence	mRNA	HG02697	Punjabi in Lahore, Pakistan	https://ftp.1000genomes.ebi.ac.uk/vol1/ftp/data_collections/mage_rnaseq/
ftp://ftp.sra.ebi.ac.uk/vol1/fastq/SRR197/052/SRR19762552/SRR19762552_1.fastq.gz	d13473f4c481f65a0ccd08ea6276edf7	MAGE RNA-seq	sequence	mRNA	HG02681	Punjabi in Lahore, Pakistan	https://ftp.1000genomes.ebi.ac.uk/vol1/ftp/data_collections/mage_rnaseq/
ftp://ftp.sra.ebi.ac.uk/vol1/fastq/SRR197/052/SRR19762552/SRR19762552_2.fastq.gz	d13473f4c481f65a0ccd08ea6276edf7	MAGE RNA-seq	sequence	mRNA	HG02681	Punjabi in Lahore, Pakistan	https://ftp.1000genomes.ebi.ac.uk/vol1/ftp/data_collections/mage_rnaseq/
ftp://ftp.sra.ebi.ac.uk/vol1/fastq/SRR197/055/SRR19762555/SRR19762555_1.fastq.gz	7366a4c4c0489a11e9e24983d4d28991	MAGE RNA-seq	sequence	mRNA	HG02654	Punjabi in Lahore, Pakistan	https://ftp.1000genomes.ebi.ac.uk/vol1/ftp/data_collections/mage_rnaseq/
ftp://ftp.sra.ebi.ac.uk/vol1/fastq/SRR197/055/SRR19762555/SRR19762555_2.fastq.gz	7366a4c4c0489a11e9e24983d4d28991	MAGE RNA-seq	sequence	mRNA	HG02654	Punjabi in Lahore, Pakistan	https://ftp.1000genomes.ebi.ac.uk/vol1/ftp/data_collections/mage_rnaseq/
ftp://ftp.sra.ebi.ac.uk/vol1/fastq/SRR197/056/SRR19762556/SRR19762556_1.fastq.gz	627d3d57a93746b25925dc3668dfa85c	MAGE RNA-seq	sequence	mRNA	HG02678	Gambian in Western Division, The Gambia - Mandinka	https://ftp.1000genomes.ebi.ac.uk/vol1/ftp/data_collections/mage_rnaseq/
ftp://ftp.sra.ebi.ac.uk/vol1/fastq/SRR197/056/SRR19762556/SRR19762556_2.fastq.gz	627d3d57a93746b25925dc3668dfa85c	MAGE RNA-seq	sequence	mRNA	HG02678	Gambian in Western Division, The Gambia - Mandinka	https://ftp.1000genomes.ebi.ac.uk/vol1/ftp/data_collections/mage_rnaseq/
ftp://ftp.sra.ebi.ac.uk/vol1/fastq/SRR197/057/SRR19762557/SRR19762557_1.fastq.gz	4e55e4d86567bc0d5f0b8130cc2c2e1a	MAGE RNA-seq	sequence	mRNA	HG02694	Punjabi in Lahore, Pakistan	https://ftp.1000genomes.ebi.ac.uk/vol1/ftp/data_collections/mage_rnaseq/
ftp://ftp.sra.ebi.ac.uk/vol1/fastq/SRR197/057/SRR19762557/SRR19762557_2.fastq.gz	4e55e4d86567bc0d5f0b8130cc2c2e1a	MAGE RNA-seq	sequence	mRNA	HG02694	Punjabi in Lahore, Pakistan	https://ftp.1000genomes.ebi.ac.uk/vol1/ftp/data_collections/mage_rnaseq/
ftp://ftp.sra.ebi.ac.uk/vol1/fastq/SRR197/062/SRR19762562/SRR19762562_1.fastq.gz	72086d73c1ecb50c77d2b789cd046854	MAGE RNA-seq	sequence	mRNA	HG02511	African Caribbean in Barbados	https://ftp.1000genomes.ebi.ac.uk/vol1/ftp/data_collections/mage_rnaseq/
ftp://ftp.sra.ebi.ac.uk/vol1/fastq/SRR197/062/SRR19762562/SRR19762562_2.fastq.gz	72086d73c1ecb50c77d2b789cd046854	MAGE RNA-seq	sequence	mRNA	HG02511	African Caribbean in Barbados	https://ftp.1000genomes.ebi.ac.uk/vol1/ftp/data_collections/mage_rnaseq/
ftp://ftp.sra.ebi.ac.uk/vol1/fastq/SRR197/065/SRR19762565/SRR19762565_1.fastq.gz	f6a900a8132b5976877c18994e038621	MAGE RNA-seq	sequence	mRNA	HG02497	African Caribbean in Barbados	https://ftp.1000genomes.ebi.ac.uk/vol1/ftp/data_collections/mage_rnaseq/
ftp://ftp.sra.ebi.ac.uk/vol1/fastq/SRR197/065/SRR19762565/SRR19762565_2.fastq.gz	f6a900a8132b5976877c18994e038621	MAGE RNA-seq	sequence	mRNA	HG02497	African Caribbean in Barbados	https://ftp.1000genomes.ebi.ac.uk/vol1/ftp/data_collections/mage_rnaseq/
ftp://ftp.sra.ebi.ac.uk/vol1/fastq/SRR197/066/SRR19762566/SRR19762566_1.fastq.gz	784b20165aee58e581e0d2733cbfe38b	MAGE RNA-seq	sequence	mRNA	HG02491	Punjabi in Lahore, Pakistan	https://ftp.1000genomes.ebi.ac.uk/vol1/ftp/data_collections/mage_rnaseq/
ftp://ftp.sra.ebi.ac.uk/vol1/fastq/SRR197/066/SRR19762566/SRR19762566_2.fastq.gz	784b20165aee58e581e0d2733cbfe38b	MAGE RNA-seq	sequence	mRNA	HG02491	Punjabi in Lahore, Pakistan	https://ftp.1000genomes.ebi.ac.uk/vol1/ftp/data_collections/mage_rnaseq/
ftp://ftp.sra.ebi.ac.uk/vol1/fastq/SRR197/071/SRR19762571/SRR19762571_1.fastq.gz	28dc2f0998ad2655e260b24da745aca8	MAGE RNA-seq	sequence	mRNA	HG02494	Punjabi in Lahore, Pakistan	https://ftp.1000genomes.ebi.ac.uk/vol1/ftp/data_collections/mage_rnaseq/
ftp://ftp.sra.ebi.ac.uk/vol1/fastq/SRR197/071/SRR19762571/SRR19762571_2.fastq.gz	28dc2f0998ad2655e260b24da745aca8	MAGE RNA-seq	sequence	mRNA	HG02494	Punjabi in Lahore, Pakistan	https://ftp.1000genomes.ebi.ac.uk/vol1/ftp/data_collections/mage_rnaseq/
ftp://ftp.sra.ebi.ac.uk/vol1/fastq/SRR197/072/SRR19762572/SRR19762572_1.fastq.gz	028c522e630369cca66788012a7899a0	MAGE RNA-seq	sequence	mRNA	HG02479	African Caribbean in Barbados	https://ftp.1000genomes.ebi.ac.uk/vol1/ftp/data_collections/mage_rnaseq/
ftp://ftp.sra.ebi.ac.uk/vol1/fastq/SRR197/072/SRR19762572/SRR19762572_2.fastq.gz	028c522e630369cca66788012a7899a0	MAGE RNA-seq	sequence	mRNA	HG02479	African Caribbean in Barbados	https://ftp.1000genomes.ebi.ac.uk/vol1/ftp/data_collections/mage_rnaseq/
ftp://ftp.sra.ebi.ac.uk/vol1/fastq/SRR197/074/SRR19762574/SRR19762574_1.fastq.gz	2805aba8bee5c5e61d9cbcb7e8fa4d82	MAGE RNA-seq	sequence	mRNA	HG02165	Chinese Dai in Xishuangbanna, China	https://ftp.1000genomes.ebi.ac.uk/vol1/ftp/data_collections/mage_rnaseq/
ftp://ftp.sra.ebi.ac.uk/vol1/fastq/SRR197/074/SRR19762574/SRR19762574_2.fastq.gz	2805aba8bee5c5e61d9cbcb7e8fa4d82	MAGE RNA-seq	sequence	mRNA	HG02165	Chinese Dai in Xishuangbanna, China	https://ftp.1000genomes.ebi.ac.uk/vol1/ftp/data_collections/mage_rnaseq/
ftp://ftp.sra.ebi.ac.uk/vol1/fastq/SRR197/075/SRR19762575/SRR19762575_1.fastq.gz	aa6ef8820a20f4e3894d47b71e5c5031	MAGE RNA-seq	sequence	mRNA	HG02155	Chinese Dai in Xishuangbanna, China	https://ftp.1000genomes.ebi.ac.uk/vol1/ftp/data_collections/mage_rnaseq/
ftp://ftp.sra.ebi.ac.uk/vol1/fastq/SRR197/075/SRR19762575/SRR19762575_2.fastq.gz	aa6ef8820a20f4e3894d47b71e5c5031	MAGE RNA-seq	sequence	mRNA	HG02155	Chinese Dai in Xishuangbanna, China	https://ftp.1000genomes.ebi.ac.uk/vol1/ftp/data_collections/mage_rnaseq/
ftp://ftp.sra.ebi.ac.uk/vol1/fastq/SRR197/076/SRR19762576/SRR19762576_1.fastq.gz	aa2903e99b66eb9fbc4992e2651befd1	MAGE RNA-seq	sequence	mRNA	HG02156	Chinese Dai in Xishuangbanna, China	https://ftp.1000genomes.ebi.ac.uk/vol1/ftp/data_collections/mage_rnaseq/
ftp://ftp.sra.ebi.ac.uk/vol1/fastq/SRR197/076/SRR19762576/SRR19762576_2.fastq.gz	aa2903e99b66eb9fbc4992e2651befd1	MAGE RNA-seq	sequence	mRNA	HG02156	Chinese Dai in Xishuangbanna, China	https://ftp.1000genomes.ebi.ac.uk/vol1/ftp/data_collections/mage_rnaseq/
ftp://ftp.sra.ebi.ac.uk/vol1/fastq/SRR197/078/SRR19762578/SRR19762578_1.fastq.gz	05d38797dc48bcfebb9d406612fd44f8	MAGE RNA-seq	sequence	mRNA	HG02182	Chinese Dai in Xishuangbanna, China	https://ftp.1000genomes.ebi.ac.uk/vol1/ftp/data_collections/mage_rnaseq/
ftp://ftp.sra.ebi.ac.uk/vol1/fastq/SRR197/078/SRR19762578/SRR19762578_2.fastq.gz	05d38797dc48bcfebb9d406612fd44f8	MAGE RNA-seq	sequence	mRNA	HG02182	Chinese Dai in Xishuangbanna, China	https://ftp.1000genomes.ebi.ac.uk/vol1/ftp/data_collections/mage_rnaseq/
ftp://ftp.sra.ebi.ac.uk/vol1/fastq/SRR197/080/SRR19762580/SRR19762580_1.fastq.gz	a829f14837bc489d31ecc6f67648198f	MAGE RNA-seq	sequence	mRNA	HG02136	Kinh in Ho Chi Minh City, Vietnam	https://ftp.1000genomes.ebi.ac.uk/vol1/ftp/data_collections/mage_rnaseq/
ftp://ftp.sra.ebi.ac.uk/vol1/fastq/SRR197/080/SRR19762580/SRR19762580_2.fastq.gz	a829f14837bc489d31ecc6f67648198f	MAGE RNA-seq	sequence	mRNA	HG02136	Kinh in Ho Chi Minh City, Vietnam	https://ftp.1000genomes.ebi.ac.uk/vol1/ftp/data_collections/mage_rnaseq/
ftp://ftp.sra.ebi.ac.uk/vol1/fastq/SRR197/084/SRR19762584/SRR19762584_1.fastq.gz	49d387ec1b5a6c2a713873f618ee6d7b	MAGE RNA-seq	sequence	mRNA	HG00160	British in England and Scotland	https://ftp.1000genomes.ebi.ac.uk/vol1/ftp/data_collections/mage_rnaseq/
ftp://ftp.sra.ebi.ac.uk/vol1/fastq/SRR197/084/SRR19762584/SRR19762584_2.fastq.gz	49d387ec1b5a6c2a713873f618ee6d7b	MAGE RNA-seq	sequence	mRNA	HG00160	British in England and Scotland	https://ftp.1000genomes.ebi.ac.uk/vol1/ftp/data_collections/mage_rnaseq/
ftp://ftp.sra.ebi.ac.uk/vol1/fastq/SRR197/086/SRR19762586/SRR19762586_1.fastq.gz	21a604bd04ea59f7a4447467a28cf580	MAGE RNA-seq	sequence	mRNA	HG02105	Peruvian in Lima, Peru	https://ftp.1000genomes.ebi.ac.uk/vol1/ftp/data_collections/mage_rnaseq/
ftp://ftp.sra.ebi.ac.uk/vol1/fastq/SRR197/086/SRR19762586/SRR19762586_2.fastq.gz	21a604bd04ea59f7a4447467a28cf580	MAGE RNA-seq	sequence	mRNA	HG02105	Peruvian in Lima, Peru	https://ftp.1000genomes.ebi.ac.uk/vol1/ftp/data_collections/mage_rnaseq/
ftp://ftp.sra.ebi.ac.uk/vol1/fastq/SRR197/087/SRR19762587/SRR19762587_1.fastq.gz	ac0556ebb3d90deeb67d3ae797b95fae	MAGE RNA-seq	sequence	mRNA	HG01846	Kinh in Ho Chi Minh City, Vietnam	https://ftp.1000genomes.ebi.ac.uk/vol1/ftp/data_collections/mage_rnaseq/
ftp://ftp.sra.ebi.ac.uk/vol1/fastq/SRR197/087/SRR19762587/SRR19762587_2.fastq.gz	ac0556ebb3d90deeb67d3ae797b95fae	MAGE RNA-seq	sequence	mRNA	HG01846	Kinh in Ho Chi Minh City, Vietnam	https://ftp.1000genomes.ebi.ac.uk/vol1/ftp/data_collections/mage_rnaseq/
ftp://ftp.sra.ebi.ac.uk/vol1/fastq/SRR197/088/SRR19762588/SRR19762588_1.fastq.gz	9c67bf49349329c3a79c227ab4b2e0dc	MAGE RNA-seq	sequence	mRNA	HG01843	Kinh in Ho Chi Minh City, Vietnam	https://ftp.1000genomes.ebi.ac.uk/vol1/ftp/data_collections/mage_rnaseq/
ftp://ftp.sra.ebi.ac.uk/vol1/fastq/SRR197/088/SRR19762588/SRR19762588_2.fastq.gz	9c67bf49349329c3a79c227ab4b2e0dc	MAGE RNA-seq	sequence	mRNA	HG01843	Kinh in Ho Chi Minh City, Vietnam	https://ftp.1000genomes.ebi.ac.uk/vol1/ftp/data_collections/mage_rnaseq/
ftp://ftp.sra.ebi.ac.uk/vol1/fastq/SRR197/089/SRR19762589/SRR19762589_1.fastq.gz	5687ff8052dbb1c34219d77386bc13f2	MAGE RNA-seq	sequence	mRNA	HG01812	Chinese Dai in Xishuangbanna, China	https://ftp.1000genomes.ebi.ac.uk/vol1/ftp/data_collections/mage_rnaseq/
ftp://ftp.sra.ebi.ac.uk/vol1/fastq/SRR197/089/SRR19762589/SRR19762589_2.fastq.gz	5687ff8052dbb1c34219d77386bc13f2	MAGE RNA-seq	sequence	mRNA	HG01812	Chinese Dai in Xishuangbanna, China	https://ftp.1000genomes.ebi.ac.uk/vol1/ftp/data_collections/mage_rnaseq/
ftp://ftp.sra.ebi.ac.uk/vol1/fastq/SRR197/091/SRR19762591/SRR19762591_1.fastq.gz	919c6a8bb42ba24a786dddfff856829e	MAGE RNA-seq	sequence	mRNA	HG01844	Kinh in Ho Chi Minh City, Vietnam	https://ftp.1000genomes.ebi.ac.uk/vol1/ftp/data_collections/mage_rnaseq/
ftp://ftp.sra.ebi.ac.uk/vol1/fastq/SRR197/091/SRR19762591/SRR19762591_2.fastq.gz	919c6a8bb42ba24a786dddfff856829e	MAGE RNA-seq	sequence	mRNA	HG01844	Kinh in Ho Chi Minh City, Vietnam	https://ftp.1000genomes.ebi.ac.uk/vol1/ftp/data_collections/mage_rnaseq/
ftp://ftp.sra.ebi.ac.uk/vol1/fastq/SRR197/092/SRR19762592/SRR19762592_1.fastq.gz	f127758f4bc758a0450250828c588df6	MAGE RNA-seq	sequence	mRNA	HG01849	Kinh in Ho Chi Minh City, Vietnam	https://ftp.1000genomes.ebi.ac.uk/vol1/ftp/data_collections/mage_rnaseq/
ftp://ftp.sra.ebi.ac.uk/vol1/fastq/SRR197/092/SRR19762592/SRR19762592_2.fastq.gz	f127758f4bc758a0450250828c588df6	MAGE RNA-seq	sequence	mRNA	HG01849	Kinh in Ho Chi Minh City, Vietnam	https://ftp.1000genomes.ebi.ac.uk/vol1/ftp/data_collections/mage_rnaseq/
ftp://ftp.sra.ebi.ac.uk/vol1/fastq/SRR197/094/SRR19762594/SRR19762594_1.fastq.gz	9c0a7bf813a3cbf824000f1b9a2f4353	MAGE RNA-seq	sequence	mRNA	HG00146	British in England and Scotland	https://ftp.1000genomes.ebi.ac.uk/vol1/ftp/data_collections/mage_rnaseq/
ftp://ftp.sra.ebi.ac.uk/vol1/fastq/SRR197/094/SRR19762594/SRR19762594_2.fastq.gz	9c0a7bf813a3cbf824000f1b9a2f4353	MAGE RNA-seq	sequence	mRNA	HG00146	British in England and Scotland	https://ftp.1000genomes.ebi.ac.uk/vol1/ftp/data_collections/mage_rnaseq/
ftp://ftp.sra.ebi.ac.uk/vol1/fastq/SRR197/097/SRR19762597/SRR19762597_1.fastq.gz	ad8089a3ea17d799debb1941821e6ed7	MAGE RNA-seq	sequence	mRNA	HG01797	Chinese Dai in Xishuangbanna, China	https://ftp.1000genomes.ebi.ac.uk/vol1/ftp/data_collections/mage_rnaseq/
ftp://ftp.sra.ebi.ac.uk/vol1/fastq/SRR197/097/SRR19762597/SRR19762597_2.fastq.gz	ad8089a3ea17d799debb1941821e6ed7	MAGE RNA-seq	sequence	mRNA	HG01797	Chinese Dai in Xishuangbanna, China	https://ftp.1000genomes.ebi.ac.uk/vol1/ftp/data_collections/mage_rnaseq/
ftp://ftp.sra.ebi.ac.uk/vol1/fastq/SRR197/099/SRR19762599/SRR19762599_1.fastq.gz	f86307d6150519d1cc210abe0789dcf7	MAGE RNA-seq	sequence	mRNA	HG01806	Chinese Dai in Xishuangbanna, China	https://ftp.1000genomes.ebi.ac.uk/vol1/ftp/data_collections/mage_rnaseq/
ftp://ftp.sra.ebi.ac.uk/vol1/fastq/SRR197/099/SRR19762599/SRR19762599_2.fastq.gz	f86307d6150519d1cc210abe0789dcf7	MAGE RNA-seq	sequence	mRNA	HG01806	Chinese Dai in Xishuangbanna, China	https://ftp.1000genomes.ebi.ac.uk/vol1/ftp/data_collections/mage_rnaseq/
ftp://ftp.sra.ebi.ac.uk/vol1/fastq/SRR197/001/SRR19762601/SRR19762601_1.fastq.gz	f19eb7361a95539f68280940bc767ee7	MAGE RNA-seq	sequence	mRNA	HG01392	Puerto Rican in Puerto Rico	https://ftp.1000genomes.ebi.ac.uk/vol1/ftp/data_collections/mage_rnaseq/
ftp://ftp.sra.ebi.ac.uk/vol1/fastq/SRR197/001/SRR19762601/SRR19762601_2.fastq.gz	f19eb7361a95539f68280940bc767ee7	MAGE RNA-seq	sequence	mRNA	HG01392	Puerto Rican in Puerto Rico	https://ftp.1000genomes.ebi.ac.uk/vol1/ftp/data_collections/mage_rnaseq/
ftp://ftp.sra.ebi.ac.uk/vol1/fastq/SRR197/002/SRR19762602/SRR19762602_1.fastq.gz	2f78e1516e9822e2b08870783b4e7973	MAGE RNA-seq	sequence	mRNA	HG01393	Puerto Rican in Puerto Rico	https://ftp.1000genomes.ebi.ac.uk/vol1/ftp/data_collections/mage_rnaseq/
ftp://ftp.sra.ebi.ac.uk/vol1/fastq/SRR197/002/SRR19762602/SRR19762602_2.fastq.gz	2f78e1516e9822e2b08870783b4e7973	MAGE RNA-seq	sequence	mRNA	HG01393	Puerto Rican in Puerto Rico	https://ftp.1000genomes.ebi.ac.uk/vol1/ftp/data_collections/mage_rnaseq/
ftp://ftp.sra.ebi.ac.uk/vol1/fastq/SRR197/005/SRR19762605/SRR19762605_1.fastq.gz	5d3887c3048157ce43d5f2fed603ca2c	MAGE RNA-seq	sequence	mRNA	HG01390	Colombian in Medellin, Colombia	https://ftp.1000genomes.ebi.ac.uk/vol1/ftp/data_collections/mage_rnaseq/
ftp://ftp.sra.ebi.ac.uk/vol1/fastq/SRR197/005/SRR19762605/SRR19762605_2.fastq.gz	5d3887c3048157ce43d5f2fed603ca2c	MAGE RNA-seq	sequence	mRNA	HG01390	Colombian in Medellin, Colombia	https://ftp.1000genomes.ebi.ac.uk/vol1/ftp/data_collections/mage_rnaseq/
ftp://ftp.sra.ebi.ac.uk/vol1/fastq/SRR197/008/SRR19762608/SRR19762608_1.fastq.gz	00d3353df0f84184347bea8328d71ba0	MAGE RNA-seq	sequence	mRNA	HG01372	Colombian in Medellin, Colombia	https://ftp.1000genomes.ebi.ac.uk/vol1/ftp/data_collections/mage_rnaseq/
ftp://ftp.sra.ebi.ac.uk/vol1/fastq/SRR197/008/SRR19762608/SRR19762608_2.fastq.gz	00d3353df0f84184347bea8328d71ba0	MAGE RNA-seq	sequence	mRNA	HG01372	Colombian in Medellin, Colombia	https://ftp.1000genomes.ebi.ac.uk/vol1/ftp/data_collections/mage_rnaseq/
ftp://ftp.sra.ebi.ac.uk/vol1/fastq/SRR197/010/SRR19762610/SRR19762610_1.fastq.gz	9695988f72b529e84e8f4fdf8d5d080e	MAGE RNA-seq	sequence	mRNA	HG01348	Colombian in Medellin, Colombia	https://ftp.1000genomes.ebi.ac.uk/vol1/ftp/data_collections/mage_rnaseq/
ftp://ftp.sra.ebi.ac.uk/vol1/fastq/SRR197/010/SRR19762610/SRR19762610_2.fastq.gz	9695988f72b529e84e8f4fdf8d5d080e	MAGE RNA-seq	sequence	mRNA	HG01348	Colombian in Medellin, Colombia	https://ftp.1000genomes.ebi.ac.uk/vol1/ftp/data_collections/mage_rnaseq/
ftp://ftp.sra.ebi.ac.uk/vol1/fastq/SRR197/013/SRR19762613/SRR19762613_1.fastq.gz	dc98df0172b0e7f2a1d8231495432894	MAGE RNA-seq	sequence	mRNA	HG01365	Colombian in Medellin, Colombia	https://ftp.1000genomes.ebi.ac.uk/vol1/ftp/data_collections/mage_rnaseq/
ftp://ftp.sra.ebi.ac.uk/vol1/fastq/SRR197/013/SRR19762613/SRR19762613_2.fastq.gz	dc98df0172b0e7f2a1d8231495432894	MAGE RNA-seq	sequence	mRNA	HG01365	Colombian in Medellin, Colombia	https://ftp.1000genomes.ebi.ac.uk/vol1/ftp/data_collections/mage_rnaseq/
ftp://ftp.sra.ebi.ac.uk/vol1/fastq/SRR197/014/SRR19762614/SRR19762614_1.fastq.gz	96ceb66f5c5a192fa3703bec10c385cd	MAGE RNA-seq	sequence	mRNA	HG01342	Colombian in Medellin, Colombia	https://ftp.1000genomes.ebi.ac.uk/vol1/ftp/data_collections/mage_rnaseq/
ftp://ftp.sra.ebi.ac.uk/vol1/fastq/SRR197/014/SRR19762614/SRR19762614_2.fastq.gz	96ceb66f5c5a192fa3703bec10c385cd	MAGE RNA-seq	sequence	mRNA	HG01342	Colombian in Medellin, Colombia	https://ftp.1000genomes.ebi.ac.uk/vol1/ftp/data_collections/mage_rnaseq/
ftp://ftp.sra.ebi.ac.uk/vol1/fastq/SRR197/016/SRR19762616/SRR19762616_1.fastq.gz	2d8a35befadff37058a1c44fc4f69fd7	MAGE RNA-seq	sequence	mRNA	NA19062	Japanese in Tokyo, Japan	https://ftp.1000genomes.ebi.ac.uk/vol1/ftp/data_collections/mage_rnaseq/
ftp://ftp.sra.ebi.ac.uk/vol1/fastq/SRR197/016/SRR19762616/SRR19762616_2.fastq.gz	2d8a35befadff37058a1c44fc4f69fd7	MAGE RNA-seq	sequence	mRNA	NA19062	Japanese in Tokyo, Japan	https://ftp.1000genomes.ebi.ac.uk/vol1/ftp/data_collections/mage_rnaseq/
ftp://ftp.sra.ebi.ac.uk/vol1/fastq/SRR197/017/SRR19762617/SRR19762617_1.fastq.gz	c380538ed95bcebe9dd23a78b352a782	MAGE RNA-seq	sequence	mRNA	NA19068	Japanese in Tokyo, Japan	https://ftp.1000genomes.ebi.ac.uk/vol1/ftp/data_collections/mage_rnaseq/
ftp://ftp.sra.ebi.ac.uk/vol1/fastq/SRR197/017/SRR19762617/SRR19762617_2.fastq.gz	c380538ed95bcebe9dd23a78b352a782	MAGE RNA-seq	sequence	mRNA	NA19068	Japanese in Tokyo, Japan	https://ftp.1000genomes.ebi.ac.uk/vol1/ftp/data_collections/mage_rnaseq/
ftp://ftp.sra.ebi.ac.uk/vol1/fastq/SRR197/018/SRR19762618/SRR19762618_1.fastq.gz	1a153f7349071d28cf77d198cc6260a0	MAGE RNA-seq	sequence	mRNA	NA19075	Japanese in Tokyo, Japan	https://ftp.1000genomes.ebi.ac.uk/vol1/ftp/data_collections/mage_rnaseq/
ftp://ftp.sra.ebi.ac.uk/vol1/fastq/SRR197/018/SRR19762618/SRR19762618_2.fastq.gz	1a153f7349071d28cf77d198cc6260a0	MAGE RNA-seq	sequence	mRNA	NA19075	Japanese in Tokyo, Japan	https://ftp.1000genomes.ebi.ac.uk/vol1/ftp/data_collections/mage_rnaseq/
ftp://ftp.sra.ebi.ac.uk/vol1/fastq/SRR197/024/SRR19762624/SRR19762624_1.fastq.gz	cd93b91f79ac31512be6e01add5c9472	MAGE RNA-seq	sequence	mRNA	NA19026	Luhya in Webuye, Kenya	https://ftp.1000genomes.ebi.ac.uk/vol1/ftp/data_collections/mage_rnaseq/
ftp://ftp.sra.ebi.ac.uk/vol1/fastq/SRR197/024/SRR19762624/SRR19762624_2.fastq.gz	cd93b91f79ac31512be6e01add5c9472	MAGE RNA-seq	sequence	mRNA	NA19026	Luhya in Webuye, Kenya	https://ftp.1000genomes.ebi.ac.uk/vol1/ftp/data_collections/mage_rnaseq/
ftp://ftp.sra.ebi.ac.uk/vol1/fastq/SRR197/032/SRR19762632/SRR19762632_1.fastq.gz	489f66c3a4f5cec3a1ca08a9534fd3b9	MAGE RNA-seq	sequence	mRNA	NA18555	Han Chinese in Beijing, China	https://ftp.1000genomes.ebi.ac.uk/vol1/ftp/data_collections/mage_rnaseq/
ftp://ftp.sra.ebi.ac.uk/vol1/fastq/SRR197/032/SRR19762632/SRR19762632_2.fastq.gz	489f66c3a4f5cec3a1ca08a9534fd3b9	MAGE RNA-seq	sequence	mRNA	NA18555	Han Chinese in Beijing, China	https://ftp.1000genomes.ebi.ac.uk/vol1/ftp/data_collections/mage_rnaseq/
ftp://ftp.sra.ebi.ac.uk/vol1/fastq/SRR197/039/SRR19762639/SRR19762639_1.fastq.gz	5943f9888e0edf1acda38de6146c8300	MAGE RNA-seq	sequence	mRNA	NA18536	Han Chinese in Beijing, China	https://ftp.1000genomes.ebi.ac.uk/vol1/ftp/data_collections/mage_rnaseq/
ftp://ftp.sra.ebi.ac.uk/vol1/fastq/SRR197/039/SRR19762639/SRR19762639_2.fastq.gz	5943f9888e0edf1acda38de6146c8300	MAGE RNA-seq	sequence	mRNA	NA18536	Han Chinese in Beijing, China	https://ftp.1000genomes.ebi.ac.uk/vol1/ftp/data_collections/mage_rnaseq/
ftp://ftp.sra.ebi.ac.uk/vol1/fastq/SRR197/044/SRR19762644/SRR19762644_1.fastq.gz	f3cb9171ab453b2d0d35c71cb23a7762	MAGE RNA-seq	sequence	mRNA	NA11933	Utah residents (CEPH) with Northern and Western European ancestry	https://ftp.1000genomes.ebi.ac.uk/vol1/ftp/data_collections/mage_rnaseq/
ftp://ftp.sra.ebi.ac.uk/vol1/fastq/SRR197/044/SRR19762644/SRR19762644_2.fastq.gz	f3cb9171ab453b2d0d35c71cb23a7762	MAGE RNA-seq	sequence	mRNA	NA11933	Utah residents (CEPH) with Northern and Western European ancestry	https://ftp.1000genomes.ebi.ac.uk/vol1/ftp/data_collections/mage_rnaseq/
ftp://ftp.sra.ebi.ac.uk/vol1/fastq/SRR197/045/SRR19762645/SRR19762645_1.fastq.gz	fd9b076229eacbd1e1c3b6f3267cd666	MAGE RNA-seq	sequence	mRNA	NA12046	Utah residents (CEPH) with Northern and Western European ancestry	https://ftp.1000genomes.ebi.ac.uk/vol1/ftp/data_collections/mage_rnaseq/
ftp://ftp.sra.ebi.ac.uk/vol1/fastq/SRR197/045/SRR19762645/SRR19762645_2.fastq.gz	fd9b076229eacbd1e1c3b6f3267cd666	MAGE RNA-seq	sequence	mRNA	NA12046	Utah residents (CEPH) with Northern and Western European ancestry	https://ftp.1000genomes.ebi.ac.uk/vol1/ftp/data_collections/mage_rnaseq/
ftp://ftp.sra.ebi.ac.uk/vol1/fastq/SRR197/050/SRR19762650/SRR19762650_1.fastq.gz	365f2e70b80a4e8c24c949d731792de1	MAGE RNA-seq	sequence	mRNA	HG04235	Indian Telugu in the UK	https://ftp.1000genomes.ebi.ac.uk/vol1/ftp/data_collections/mage_rnaseq/
ftp://ftp.sra.ebi.ac.uk/vol1/fastq/SRR197/050/SRR19762650/SRR19762650_2.fastq.gz	365f2e70b80a4e8c24c949d731792de1	MAGE RNA-seq	sequence	mRNA	HG04235	Indian Telugu in the UK	https://ftp.1000genomes.ebi.ac.uk/vol1/ftp/data_collections/mage_rnaseq/
ftp://ftp.sra.ebi.ac.uk/vol1/fastq/SRR197/061/SRR19762661/SRR19762661_1.fastq.gz	807637bc072606c9f4939c2e209696e7	MAGE RNA-seq	sequence	mRNA	HG03868	Indian Telugu in the UK	https://ftp.1000genomes.ebi.ac.uk/vol1/ftp/data_collections/mage_rnaseq/
ftp://ftp.sra.ebi.ac.uk/vol1/fastq/SRR197/061/SRR19762661/SRR19762661_2.fastq.gz	807637bc072606c9f4939c2e209696e7	MAGE RNA-seq	sequence	mRNA	HG03868	Indian Telugu in the UK	https://ftp.1000genomes.ebi.ac.uk/vol1/ftp/data_collections/mage_rnaseq/
ftp://ftp.sra.ebi.ac.uk/vol1/fastq/SRR197/063/SRR19762663/SRR19762663_1.fastq.gz	80cbd8707fa0dbc993c1e68e33c42f98	MAGE RNA-seq	sequence	mRNA	HG03862	Indian Telugu in the UK	https://ftp.1000genomes.ebi.ac.uk/vol1/ftp/data_collections/mage_rnaseq/
ftp://ftp.sra.ebi.ac.uk/vol1/fastq/SRR197/063/SRR19762663/SRR19762663_2.fastq.gz	80cbd8707fa0dbc993c1e68e33c42f98	MAGE RNA-seq	sequence	mRNA	HG03862	Indian Telugu in the UK	https://ftp.1000genomes.ebi.ac.uk/vol1/ftp/data_collections/mage_rnaseq/
ftp://ftp.sra.ebi.ac.uk/vol1/fastq/SRR197/064/SRR19762664/SRR19762664_1.fastq.gz	cc91c722ca5af3a85f602286371c487a	MAGE RNA-seq	sequence	mRNA	HG03858	Sri Lankan Tamil in the UK	https://ftp.1000genomes.ebi.ac.uk/vol1/ftp/data_collections/mage_rnaseq/
ftp://ftp.sra.ebi.ac.uk/vol1/fastq/SRR197/064/SRR19762664/SRR19762664_2.fastq.gz	cc91c722ca5af3a85f602286371c487a	MAGE RNA-seq	sequence	mRNA	HG03858	Sri Lankan Tamil in the UK	https://ftp.1000genomes.ebi.ac.uk/vol1/ftp/data_collections/mage_rnaseq/
ftp://ftp.sra.ebi.ac.uk/vol1/fastq/SRR197/065/SRR19762665/SRR19762665_1.fastq.gz	d6f68601a1773b755fa374ff2629c28d	MAGE RNA-seq	sequence	mRNA	HG00244	British in England and Scotland	https://ftp.1000genomes.ebi.ac.uk/vol1/ftp/data_collections/mage_rnaseq/
ftp://ftp.sra.ebi.ac.uk/vol1/fastq/SRR197/065/SRR19762665/SRR19762665_2.fastq.gz	d6f68601a1773b755fa374ff2629c28d	MAGE RNA-seq	sequence	mRNA	HG00244	British in England and Scotland	https://ftp.1000genomes.ebi.ac.uk/vol1/ftp/data_collections/mage_rnaseq/
ftp://ftp.sra.ebi.ac.uk/vol1/fastq/SRR197/067/SRR19762667/SRR19762667_1.fastq.gz	426207ed4c8c9f66aadde3fb5de9f33b	MAGE RNA-seq	sequence	mRNA	HG03864	Indian Telugu in the UK	https://ftp.1000genomes.ebi.ac.uk/vol1/ftp/data_collections/mage_rnaseq/
ftp://ftp.sra.ebi.ac.uk/vol1/fastq/SRR197/067/SRR19762667/SRR19762667_2.fastq.gz	426207ed4c8c9f66aadde3fb5de9f33b	MAGE RNA-seq	sequence	mRNA	HG03864	Indian Telugu in the UK	https://ftp.1000genomes.ebi.ac.uk/vol1/ftp/data_collections/mage_rnaseq/
ftp://ftp.sra.ebi.ac.uk/vol1/fastq/SRR197/081/SRR19762681/SRR19762681_1.fastq.gz	b44201924dc990f20b3628bff3530f64	MAGE RNA-seq	sequence	mRNA	HG03514	Esan in Nigeria	https://ftp.1000genomes.ebi.ac.uk/vol1/ftp/data_collections/mage_rnaseq/
ftp://ftp.sra.ebi.ac.uk/vol1/fastq/SRR197/081/SRR19762681/SRR19762681_2.fastq.gz	b44201924dc990f20b3628bff3530f64	MAGE RNA-seq	sequence	mRNA	HG03514	Esan in Nigeria	https://ftp.1000genomes.ebi.ac.uk/vol1/ftp/data_collections/mage_rnaseq/
ftp://ftp.sra.ebi.ac.uk/vol1/fastq/SRR197/082/SRR19762682/SRR19762682_1.fastq.gz	5adf5303462c5c9fbef501cf9697c263	MAGE RNA-seq	sequence	mRNA	HG03485	Mende in Sierra Leone	https://ftp.1000genomes.ebi.ac.uk/vol1/ftp/data_collections/mage_rnaseq/
ftp://ftp.sra.ebi.ac.uk/vol1/fastq/SRR197/082/SRR19762682/SRR19762682_2.fastq.gz	5adf5303462c5c9fbef501cf9697c263	MAGE RNA-seq	sequence	mRNA	HG03485	Mende in Sierra Leone	https://ftp.1000genomes.ebi.ac.uk/vol1/ftp/data_collections/mage_rnaseq/
ftp://ftp.sra.ebi.ac.uk/vol1/fastq/SRR197/084/SRR19762684/SRR19762684_1.fastq.gz	da58f977460b4830bdcc34cf2a4d7e5e	MAGE RNA-seq	sequence	mRNA	HG03019	Punjabi in Lahore, Pakistan	https://ftp.1000genomes.ebi.ac.uk/vol1/ftp/data_collections/mage_rnaseq/
ftp://ftp.sra.ebi.ac.uk/vol1/fastq/SRR197/084/SRR19762684/SRR19762684_2.fastq.gz	da58f977460b4830bdcc34cf2a4d7e5e	MAGE RNA-seq	sequence	mRNA	HG03019	Punjabi in Lahore, Pakistan	https://ftp.1000genomes.ebi.ac.uk/vol1/ftp/data_collections/mage_rnaseq/
ftp://ftp.sra.ebi.ac.uk/vol1/fastq/SRR197/086/SRR19762686/SRR19762686_1.fastq.gz	bce682ae751c26e31aa7a144a36fb98d	MAGE RNA-seq	sequence	mRNA	HG02981	Esan in Nigeria	https://ftp.1000genomes.ebi.ac.uk/vol1/ftp/data_collections/mage_rnaseq/
ftp://ftp.sra.ebi.ac.uk/vol1/fastq/SRR197/086/SRR19762686/SRR19762686_2.fastq.gz	bce682ae751c26e31aa7a144a36fb98d	MAGE RNA-seq	sequence	mRNA	HG02981	Esan in Nigeria	https://ftp.1000genomes.ebi.ac.uk/vol1/ftp/data_collections/mage_rnaseq/
ftp://ftp.sra.ebi.ac.uk/vol1/fastq/SRR197/091/SRR19762691/SRR19762691_1.fastq.gz	d25ecdc4ad9478bff01b8affd652b7cd	MAGE RNA-seq	sequence	mRNA	HG02968	Esan in Nigeria	https://ftp.1000genomes.ebi.ac.uk/vol1/ftp/data_collections/mage_rnaseq/
ftp://ftp.sra.ebi.ac.uk/vol1/fastq/SRR197/091/SRR19762691/SRR19762691_2.fastq.gz	d25ecdc4ad9478bff01b8affd652b7cd	MAGE RNA-seq	sequence	mRNA	HG02968	Esan in Nigeria	https://ftp.1000genomes.ebi.ac.uk/vol1/ftp/data_collections/mage_rnaseq/
ftp://ftp.sra.ebi.ac.uk/vol1/fastq/SRR197/098/SRR19762698/SRR19762698_1.fastq.gz	3166df4f8907edff1c7714a10d7382b0	MAGE RNA-seq	sequence	mRNA	HG02450	African Caribbean in Barbados	https://ftp.1000genomes.ebi.ac.uk/vol1/ftp/data_collections/mage_rnaseq/
ftp://ftp.sra.ebi.ac.uk/vol1/fastq/SRR197/098/SRR19762698/SRR19762698_2.fastq.gz	3166df4f8907edff1c7714a10d7382b0	MAGE RNA-seq	sequence	mRNA	HG02450	African Caribbean in Barbados	https://ftp.1000genomes.ebi.ac.uk/vol1/ftp/data_collections/mage_rnaseq/
ftp://ftp.sra.ebi.ac.uk/vol1/fastq/SRR197/099/SRR19762699/SRR19762699_1.fastq.gz	c7fbf4697eb0feb6d789a40f197d3274	MAGE RNA-seq	sequence	mRNA	HG02439	African Caribbean in Barbados	https://ftp.1000genomes.ebi.ac.uk/vol1/ftp/data_collections/mage_rnaseq/
ftp://ftp.sra.ebi.ac.uk/vol1/fastq/SRR197/099/SRR19762699/SRR19762699_2.fastq.gz	c7fbf4697eb0feb6d789a40f197d3274	MAGE RNA-seq	sequence	mRNA	HG02439	African Caribbean in Barbados	https://ftp.1000genomes.ebi.ac.uk/vol1/ftp/data_collections/mage_rnaseq/
ftp://ftp.sra.ebi.ac.uk/vol1/fastq/SRR197/000/SRR19762700/SRR19762700_1.fastq.gz	96d3c93551a008bd1ce5af148e32b96f	MAGE RNA-seq	sequence	mRNA	HG02429	African Caribbean in Barbados	https://ftp.1000genomes.ebi.ac.uk/vol1/ftp/data_collections/mage_rnaseq/
ftp://ftp.sra.ebi.ac.uk/vol1/fastq/SRR197/000/SRR19762700/SRR19762700_2.fastq.gz	96d3c93551a008bd1ce5af148e32b96f	MAGE RNA-seq	sequence	mRNA	HG02429	African Caribbean in Barbados	https://ftp.1000genomes.ebi.ac.uk/vol1/ftp/data_collections/mage_rnaseq/
ftp://ftp.sra.ebi.ac.uk/vol1/fastq/SRR197/001/SRR19762701/SRR19762701_1.fastq.gz	4f608e8389699b9030d59e6e7ad2a270	MAGE RNA-seq	sequence	mRNA	HG02449	African Caribbean in Barbados	https://ftp.1000genomes.ebi.ac.uk/vol1/ftp/data_collections/mage_rnaseq/
ftp://ftp.sra.ebi.ac.uk/vol1/fastq/SRR197/001/SRR19762701/SRR19762701_2.fastq.gz	4f608e8389699b9030d59e6e7ad2a270	MAGE RNA-seq	sequence	mRNA	HG02449	African Caribbean in Barbados	https://ftp.1000genomes.ebi.ac.uk/vol1/ftp/data_collections/mage_rnaseq/
ftp://ftp.sra.ebi.ac.uk/vol1/fastq/SRR197/005/SRR19762705/SRR19762705_1.fastq.gz	2e36ae793f6b6c6cd86d0a8dcf0a07ab	MAGE RNA-seq	sequence	mRNA	HG02396	Chinese Dai in Xishuangbanna, China	https://ftp.1000genomes.ebi.ac.uk/vol1/ftp/data_collections/mage_rnaseq/
ftp://ftp.sra.ebi.ac.uk/vol1/fastq/SRR197/005/SRR19762705/SRR19762705_2.fastq.gz	2e36ae793f6b6c6cd86d0a8dcf0a07ab	MAGE RNA-seq	sequence	mRNA	HG02396	Chinese Dai in Xishuangbanna, China	https://ftp.1000genomes.ebi.ac.uk/vol1/ftp/data_collections/mage_rnaseq/
ftp://ftp.sra.ebi.ac.uk/vol1/fastq/SRR197/006/SRR19762706/SRR19762706_1.fastq.gz	2176d05d288b45341c9b396d4ebe1837	MAGE RNA-seq	sequence	mRNA	HG02389	Chinese Dai in Xishuangbanna, China	https://ftp.1000genomes.ebi.ac.uk/vol1/ftp/data_collections/mage_rnaseq/
ftp://ftp.sra.ebi.ac.uk/vol1/fastq/SRR197/006/SRR19762706/SRR19762706_2.fastq.gz	2176d05d288b45341c9b396d4ebe1837	MAGE RNA-seq	sequence	mRNA	HG02389	Chinese Dai in Xishuangbanna, China	https://ftp.1000genomes.ebi.ac.uk/vol1/ftp/data_collections/mage_rnaseq/
ftp://ftp.sra.ebi.ac.uk/vol1/fastq/SRR197/008/SRR19762708/SRR19762708_1.fastq.gz	b082230d8d66b31569e030e8dbed7e1e	MAGE RNA-seq	sequence	mRNA	HG02394	Chinese Dai in Xishuangbanna, China	https://ftp.1000genomes.ebi.ac.uk/vol1/ftp/data_collections/mage_rnaseq/
ftp://ftp.sra.ebi.ac.uk/vol1/fastq/SRR197/008/SRR19762708/SRR19762708_2.fastq.gz	b082230d8d66b31569e030e8dbed7e1e	MAGE RNA-seq	sequence	mRNA	HG02394	Chinese Dai in Xishuangbanna, China	https://ftp.1000genomes.ebi.ac.uk/vol1/ftp/data_collections/mage_rnaseq/
ftp://ftp.sra.ebi.ac.uk/vol1/fastq/SRR197/019/SRR19762719/SRR19762719_1.fastq.gz	007aa68d25e1963b73cbc189cb0e6bfe	MAGE RNA-seq	sequence	mRNA	HG02053	African Caribbean in Barbados	https://ftp.1000genomes.ebi.ac.uk/vol1/ftp/data_collections/mage_rnaseq/
ftp://ftp.sra.ebi.ac.uk/vol1/fastq/SRR197/019/SRR19762719/SRR19762719_2.fastq.gz	007aa68d25e1963b73cbc189cb0e6bfe	MAGE RNA-seq	sequence	mRNA	HG02053	African Caribbean in Barbados	https://ftp.1000genomes.ebi.ac.uk/vol1/ftp/data_collections/mage_rnaseq/
ftp://ftp.sra.ebi.ac.uk/vol1/fastq/SRR197/021/SRR19762721/SRR19762721_1.fastq.gz	9e2bf8d974d1a4870860e2f141dffa43	MAGE RNA-seq	sequence	mRNA	HG02026	Kinh in Ho Chi Minh City, Vietnam	https://ftp.1000genomes.ebi.ac.uk/vol1/ftp/data_collections/mage_rnaseq/
ftp://ftp.sra.ebi.ac.uk/vol1/fastq/SRR197/021/SRR19762721/SRR19762721_2.fastq.gz	9e2bf8d974d1a4870860e2f141dffa43	MAGE RNA-seq	sequence	mRNA	HG02026	Kinh in Ho Chi Minh City, Vietnam	https://ftp.1000genomes.ebi.ac.uk/vol1/ftp/data_collections/mage_rnaseq/
ftp://ftp.sra.ebi.ac.uk/vol1/fastq/SRR197/022/SRR19762722/SRR19762722_1.fastq.gz	52441def14f0e00e4733b1248be98e85	MAGE RNA-seq	sequence	mRNA	HG02052	African Caribbean in Barbados	https://ftp.1000genomes.ebi.ac.uk/vol1/ftp/data_collections/mage_rnaseq/
ftp://ftp.sra.ebi.ac.uk/vol1/fastq/SRR197/022/SRR19762722/SRR19762722_2.fastq.gz	52441def14f0e00e4733b1248be98e85	MAGE RNA-seq	sequence	mRNA	HG02052	African Caribbean in Barbados	https://ftp.1000genomes.ebi.ac.uk/vol1/ftp/data_collections/mage_rnaseq/
ftp://ftp.sra.ebi.ac.uk/vol1/fastq/SRR197/024/SRR19762724/SRR19762724_1.fastq.gz	606f08789a54438765100354a1ab212c	MAGE RNA-seq	sequence	mRNA	HG02025	Kinh in Ho Chi Minh City, Vietnam	https://ftp.1000genomes.ebi.ac.uk/vol1/ftp/data_collections/mage_rnaseq/
ftp://ftp.sra.ebi.ac.uk/vol1/fastq/SRR197/024/SRR19762724/SRR19762724_2.fastq.gz	606f08789a54438765100354a1ab212c	MAGE RNA-seq	sequence	mRNA	HG02025	Kinh in Ho Chi Minh City, Vietnam	https://ftp.1000genomes.ebi.ac.uk/vol1/ftp/data_collections/mage_rnaseq/
ftp://ftp.sra.ebi.ac.uk/vol1/fastq/SRR197/025/SRR19762725/SRR19762725_1.fastq.gz	cd20fe02d65b7c92c13d98432c1ff825	MAGE RNA-seq	sequence	mRNA	HG02023	Kinh in Ho Chi Minh City, Vietnam	https://ftp.1000genomes.ebi.ac.uk/vol1/ftp/data_collections/mage_rnaseq/
ftp://ftp.sra.ebi.ac.uk/vol1/fastq/SRR197/025/SRR19762725/SRR19762725_2.fastq.gz	cd20fe02d65b7c92c13d98432c1ff825	MAGE RNA-seq	sequence	mRNA	HG02023	Kinh in Ho Chi Minh City, Vietnam	https://ftp.1000genomes.ebi.ac.uk/vol1/ftp/data_collections/mage_rnaseq/
ftp://ftp.sra.ebi.ac.uk/vol1/fastq/SRR197/026/SRR19762726/SRR19762726_1.fastq.gz	c50430532a6d160720222926e470e815	MAGE RNA-seq	sequence	mRNA	HG01765	Iberian populations in Spain	https://ftp.1000genomes.ebi.ac.uk/vol1/ftp/data_collections/mage_rnaseq/
ftp://ftp.sra.ebi.ac.uk/vol1/fastq/SRR197/026/SRR19762726/SRR19762726_2.fastq.gz	c50430532a6d160720222926e470e815	MAGE RNA-seq	sequence	mRNA	HG01765	Iberian populations in Spain	https://ftp.1000genomes.ebi.ac.uk/vol1/ftp/data_collections/mage_rnaseq/
ftp://ftp.sra.ebi.ac.uk/vol1/fastq/SRR197/027/SRR19762727/SRR19762727_1.fastq.gz	f78c82eb7ce791011429f584d7da96c0	MAGE RNA-seq	sequence	mRNA	HG01695	Iberian populations in Spain	https://ftp.1000genomes.ebi.ac.uk/vol1/ftp/data_collections/mage_rnaseq/
ftp://ftp.sra.ebi.ac.uk/vol1/fastq/SRR197/027/SRR19762727/SRR19762727_2.fastq.gz	f78c82eb7ce791011429f584d7da96c0	MAGE RNA-seq	sequence	mRNA	HG01695	Iberian populations in Spain	https://ftp.1000genomes.ebi.ac.uk/vol1/ftp/data_collections/mage_rnaseq/
ftp://ftp.sra.ebi.ac.uk/vol1/fastq/SRR197/028/SRR19762728/SRR19762728_1.fastq.gz	1e0ea3a6435f1e70ffaee24d87e4df6d	MAGE RNA-seq	sequence	mRNA	HG01686	Iberian populations in Spain	https://ftp.1000genomes.ebi.ac.uk/vol1/ftp/data_collections/mage_rnaseq/
ftp://ftp.sra.ebi.ac.uk/vol1/fastq/SRR197/028/SRR19762728/SRR19762728_2.fastq.gz	1e0ea3a6435f1e70ffaee24d87e4df6d	MAGE RNA-seq	sequence	mRNA	HG01686	Iberian populations in Spain	https://ftp.1000genomes.ebi.ac.uk/vol1/ftp/data_collections/mage_rnaseq/
ftp://ftp.sra.ebi.ac.uk/vol1/fastq/SRR197/031/SRR19762731/SRR19762731_1.fastq.gz	dc6376a319e64d4eb5f9b3570d962d6f	MAGE RNA-seq	sequence	mRNA	HG01684	Iberian populations in Spain	https://ftp.1000genomes.ebi.ac.uk/vol1/ftp/data_collections/mage_rnaseq/
ftp://ftp.sra.ebi.ac.uk/vol1/fastq/SRR197/031/SRR19762731/SRR19762731_2.fastq.gz	dc6376a319e64d4eb5f9b3570d962d6f	MAGE RNA-seq	sequence	mRNA	HG01684	Iberian populations in Spain	https://ftp.1000genomes.ebi.ac.uk/vol1/ftp/data_collections/mage_rnaseq/
ftp://ftp.sra.ebi.ac.uk/vol1/fastq/SRR197/033/SRR19762733/SRR19762733_1.fastq.gz	e0fca43179cc62ac25990eb0b88b27af	MAGE RNA-seq	sequence	mRNA	HG01669	Iberian populations in Spain	https://ftp.1000genomes.ebi.ac.uk/vol1/ftp/data_collections/mage_rnaseq/
ftp://ftp.sra.ebi.ac.uk/vol1/fastq/SRR197/033/SRR19762733/SRR19762733_2.fastq.gz	e0fca43179cc62ac25990eb0b88b27af	MAGE RNA-seq	sequence	mRNA	HG01669	Iberian populations in Spain	https://ftp.1000genomes.ebi.ac.uk/vol1/ftp/data_collections/mage_rnaseq/
ftp://ftp.sra.ebi.ac.uk/vol1/fastq/SRR197/034/SRR19762734/SRR19762734_1.fastq.gz	2fd4b0ce6cc323234f32b5bcf0504e94	MAGE RNA-seq	sequence	mRNA	HG01615	Iberian populations in Spain	https://ftp.1000genomes.ebi.ac.uk/vol1/ftp/data_collections/mage_rnaseq/
ftp://ftp.sra.ebi.ac.uk/vol1/fastq/SRR197/034/SRR19762734/SRR19762734_2.fastq.gz	2fd4b0ce6cc323234f32b5bcf0504e94	MAGE RNA-seq	sequence	mRNA	HG01615	Iberian populations in Spain	https://ftp.1000genomes.ebi.ac.uk/vol1/ftp/data_collections/mage_rnaseq/
ftp://ftp.sra.ebi.ac.uk/vol1/fastq/SRR197/035/SRR19762735/SRR19762735_1.fastq.gz	521c7315384531e153115e81d2cb7d1a	MAGE RNA-seq	sequence	mRNA	HG01613	Iberian populations in Spain	https://ftp.1000genomes.ebi.ac.uk/vol1/ftp/data_collections/mage_rnaseq/
ftp://ftp.sra.ebi.ac.uk/vol1/fastq/SRR197/035/SRR19762735/SRR19762735_2.fastq.gz	521c7315384531e153115e81d2cb7d1a	MAGE RNA-seq	sequence	mRNA	HG01613	Iberian populations in Spain	https://ftp.1000genomes.ebi.ac.uk/vol1/ftp/data_collections/mage_rnaseq/
ftp://ftp.sra.ebi.ac.uk/vol1/fastq/SRR197/040/SRR19762740/SRR19762740_1.fastq.gz	1e7983fd556f10a35b6020c2fb259381	MAGE RNA-seq	sequence	mRNA	HG01284	Colombian in Medellin, Colombia	https://ftp.1000genomes.ebi.ac.uk/vol1/ftp/data_collections/mage_rnaseq/
ftp://ftp.sra.ebi.ac.uk/vol1/fastq/SRR197/040/SRR19762740/SRR19762740_2.fastq.gz	1e7983fd556f10a35b6020c2fb259381	MAGE RNA-seq	sequence	mRNA	HG01284	Colombian in Medellin, Colombia	https://ftp.1000genomes.ebi.ac.uk/vol1/ftp/data_collections/mage_rnaseq/
ftp://ftp.sra.ebi.ac.uk/vol1/fastq/SRR197/046/SRR19762746/SRR19762746_1.fastq.gz	31287258352f7c59434d023cb97ea714	MAGE RNA-seq	sequence	mRNA	HG00130	British in England and Scotland	https://ftp.1000genomes.ebi.ac.uk/vol1/ftp/data_collections/mage_rnaseq/
ftp://ftp.sra.ebi.ac.uk/vol1/fastq/SRR197/046/SRR19762746/SRR19762746_2.fastq.gz	31287258352f7c59434d023cb97ea714	MAGE RNA-seq	sequence	mRNA	HG00130	British in England and Scotland	https://ftp.1000genomes.ebi.ac.uk/vol1/ftp/data_collections/mage_rnaseq/
ftp://ftp.sra.ebi.ac.uk/vol1/fastq/SRR197/047/SRR19762747/SRR19762747_1.fastq.gz	6902933d688a2ad6cacc78a5107d1121	MAGE RNA-seq	sequence	mRNA	HG01250	Colombian in Medellin, Colombia	https://ftp.1000genomes.ebi.ac.uk/vol1/ftp/data_collections/mage_rnaseq/
ftp://ftp.sra.ebi.ac.uk/vol1/fastq/SRR197/047/SRR19762747/SRR19762747_2.fastq.gz	6902933d688a2ad6cacc78a5107d1121	MAGE RNA-seq	sequence	mRNA	HG01250	Colombian in Medellin, Colombia	https://ftp.1000genomes.ebi.ac.uk/vol1/ftp/data_collections/mage_rnaseq/
ftp://ftp.sra.ebi.ac.uk/vol1/fastq/SRR197/049/SRR19762749/SRR19762749_1.fastq.gz	bd9eda34d8904613e1db79eb1bf4fc52	MAGE RNA-seq	sequence	mRNA	HG01204	Puerto Rican in Puerto Rico	https://ftp.1000genomes.ebi.ac.uk/vol1/ftp/data_collections/mage_rnaseq/
ftp://ftp.sra.ebi.ac.uk/vol1/fastq/SRR197/049/SRR19762749/SRR19762749_2.fastq.gz	bd9eda34d8904613e1db79eb1bf4fc52	MAGE RNA-seq	sequence	mRNA	HG01204	Puerto Rican in Puerto Rico	https://ftp.1000genomes.ebi.ac.uk/vol1/ftp/data_collections/mage_rnaseq/
ftp://ftp.sra.ebi.ac.uk/vol1/fastq/SRR197/050/SRR19762750/SRR19762750_1.fastq.gz	a49ca4657b8d918fd85b9edd4ca78a4c	MAGE RNA-seq	sequence	mRNA	HG01190	Puerto Rican in Puerto Rico	https://ftp.1000genomes.ebi.ac.uk/vol1/ftp/data_collections/mage_rnaseq/
ftp://ftp.sra.ebi.ac.uk/vol1/fastq/SRR197/050/SRR19762750/SRR19762750_2.fastq.gz	a49ca4657b8d918fd85b9edd4ca78a4c	MAGE RNA-seq	sequence	mRNA	HG01190	Puerto Rican in Puerto Rico	https://ftp.1000genomes.ebi.ac.uk/vol1/ftp/data_collections/mage_rnaseq/
ftp://ftp.sra.ebi.ac.uk/vol1/fastq/SRR197/052/SRR19762752/SRR19762752_1.fastq.gz	8a75740fa7725cfcfc087aabd2b6164f	MAGE RNA-seq	sequence	mRNA	HG01174	Puerto Rican in Puerto Rico	https://ftp.1000genomes.ebi.ac.uk/vol1/ftp/data_collections/mage_rnaseq/
ftp://ftp.sra.ebi.ac.uk/vol1/fastq/SRR197/052/SRR19762752/SRR19762752_2.fastq.gz	8a75740fa7725cfcfc087aabd2b6164f	MAGE RNA-seq	sequence	mRNA	HG01174	Puerto Rican in Puerto Rico	https://ftp.1000genomes.ebi.ac.uk/vol1/ftp/data_collections/mage_rnaseq/
ftp://ftp.sra.ebi.ac.uk/vol1/fastq/SRR197/057/SRR19762757/SRR19762757_1.fastq.gz	b55479e5aaf18c542abdb5c7ec3fbf41	MAGE RNA-seq	sequence	mRNA	HG00121	British in England and Scotland	https://ftp.1000genomes.ebi.ac.uk/vol1/ftp/data_collections/mage_rnaseq/
ftp://ftp.sra.ebi.ac.uk/vol1/fastq/SRR197/057/SRR19762757/SRR19762757_2.fastq.gz	b55479e5aaf18c542abdb5c7ec3fbf41	MAGE RNA-seq	sequence	mRNA	HG00121	British in England and Scotland	https://ftp.1000genomes.ebi.ac.uk/vol1/ftp/data_collections/mage_rnaseq/
ftp://ftp.sra.ebi.ac.uk/vol1/fastq/SRR197/060/SRR19762760/SRR19762760_1.fastq.gz	5f1aa6508ef002192f519f68a1cf9efc	MAGE RNA-seq	sequence	mRNA	HG00663	Han Chinese South	https://ftp.1000genomes.ebi.ac.uk/vol1/ftp/data_collections/mage_rnaseq/
ftp://ftp.sra.ebi.ac.uk/vol1/fastq/SRR197/060/SRR19762760/SRR19762760_2.fastq.gz	5f1aa6508ef002192f519f68a1cf9efc	MAGE RNA-seq	sequence	mRNA	HG00663	Han Chinese South	https://ftp.1000genomes.ebi.ac.uk/vol1/ftp/data_collections/mage_rnaseq/
ftp://ftp.sra.ebi.ac.uk/vol1/fastq/SRR197/061/SRR19762761/SRR19762761_1.fastq.gz	0c4c014027f91d6f06cca2d2dc1a46d8	MAGE RNA-seq	sequence	mRNA	HG00653	Han Chinese South	https://ftp.1000genomes.ebi.ac.uk/vol1/ftp/data_collections/mage_rnaseq/
ftp://ftp.sra.ebi.ac.uk/vol1/fastq/SRR197/061/SRR19762761/SRR19762761_2.fastq.gz	0c4c014027f91d6f06cca2d2dc1a46d8	MAGE RNA-seq	sequence	mRNA	HG00653	Han Chinese South	https://ftp.1000genomes.ebi.ac.uk/vol1/ftp/data_collections/mage_rnaseq/
ftp://ftp.sra.ebi.ac.uk/vol1/fastq/SRR197/067/SRR19762767/SRR19762767_1.fastq.gz	e5b7b52bb0d40018455af4cda3f9adad	MAGE RNA-seq	sequence	mRNA	HG02580	African Caribbean in Barbados	https://ftp.1000genomes.ebi.ac.uk/vol1/ftp/data_collections/mage_rnaseq/
ftp://ftp.sra.ebi.ac.uk/vol1/fastq/SRR197/067/SRR19762767/SRR19762767_2.fastq.gz	e5b7b52bb0d40018455af4cda3f9adad	MAGE RNA-seq	sequence	mRNA	HG02580	African Caribbean in Barbados	https://ftp.1000genomes.ebi.ac.uk/vol1/ftp/data_collections/mage_rnaseq/
ftp://ftp.sra.ebi.ac.uk/vol1/fastq/SRR197/073/SRR19762773/SRR19762773_1.fastq.gz	0492fe2c18c9cb86a8801f4ce7e8120e	MAGE RNA-seq	sequence	mRNA	HG02332	African Caribbean in Barbados	https://ftp.1000genomes.ebi.ac.uk/vol1/ftp/data_collections/mage_rnaseq/
ftp://ftp.sra.ebi.ac.uk/vol1/fastq/SRR197/073/SRR19762773/SRR19762773_2.fastq.gz	0492fe2c18c9cb86a8801f4ce7e8120e	MAGE RNA-seq	sequence	mRNA	HG02332	African Caribbean in Barbados	https://ftp.1000genomes.ebi.ac.uk/vol1/ftp/data_collections/mage_rnaseq/
ftp://ftp.sra.ebi.ac.uk/vol1/fastq/SRR197/075/SRR19762775/SRR19762775_1.fastq.gz	269ad1b9ecb6aa5dedfabb4925a88e4b	MAGE RNA-seq	sequence	mRNA	HG02334	African Caribbean in Barbados	https://ftp.1000genomes.ebi.ac.uk/vol1/ftp/data_collections/mage_rnaseq/
ftp://ftp.sra.ebi.ac.uk/vol1/fastq/SRR197/075/SRR19762775/SRR19762775_2.fastq.gz	269ad1b9ecb6aa5dedfabb4925a88e4b	MAGE RNA-seq	sequence	mRNA	HG02334	African Caribbean in Barbados	https://ftp.1000genomes.ebi.ac.uk/vol1/ftp/data_collections/mage_rnaseq/
ftp://ftp.sra.ebi.ac.uk/vol1/fastq/SRR197/078/SRR19762778/SRR19762778_1.fastq.gz	9a8cb3f95e6b179b1edef8602fba3506	MAGE RNA-seq	sequence	mRNA	HG02312	Peruvian in Lima, Peru	https://ftp.1000genomes.ebi.ac.uk/vol1/ftp/data_collections/mage_rnaseq/
ftp://ftp.sra.ebi.ac.uk/vol1/fastq/SRR197/078/SRR19762778/SRR19762778_2.fastq.gz	9a8cb3f95e6b179b1edef8602fba3506	MAGE RNA-seq	sequence	mRNA	HG02312	Peruvian in Lima, Peru	https://ftp.1000genomes.ebi.ac.uk/vol1/ftp/data_collections/mage_rnaseq/
ftp://ftp.sra.ebi.ac.uk/vol1/fastq/SRR197/083/SRR19762783/SRR19762783_1.fastq.gz	6d7499be477a517d86fb0e907d667e30	MAGE RNA-seq	sequence	mRNA	HG02307	African Caribbean in Barbados	https://ftp.1000genomes.ebi.ac.uk/vol1/ftp/data_collections/mage_rnaseq/
ftp://ftp.sra.ebi.ac.uk/vol1/fastq/SRR197/083/SRR19762783/SRR19762783_2.fastq.gz	6d7499be477a517d86fb0e907d667e30	MAGE RNA-seq	sequence	mRNA	HG02307	African Caribbean in Barbados	https://ftp.1000genomes.ebi.ac.uk/vol1/ftp/data_collections/mage_rnaseq/
ftp://ftp.sra.ebi.ac.uk/vol1/fastq/SRR197/090/SRR19762790/SRR19762790_1.fastq.gz	039d1ac664200319da062b2980d2443c	MAGE RNA-seq	sequence	mRNA	HG01988	African Caribbean in Barbados	https://ftp.1000genomes.ebi.ac.uk/vol1/ftp/data_collections/mage_rnaseq/
ftp://ftp.sra.ebi.ac.uk/vol1/fastq/SRR197/090/SRR19762790/SRR19762790_2.fastq.gz	039d1ac664200319da062b2980d2443c	MAGE RNA-seq	sequence	mRNA	HG01988	African Caribbean in Barbados	https://ftp.1000genomes.ebi.ac.uk/vol1/ftp/data_collections/mage_rnaseq/
ftp://ftp.sra.ebi.ac.uk/vol1/fastq/SRR197/096/SRR19762796/SRR19762796_1.fastq.gz	3e8ebdecd56072b3e30edc912381c744	MAGE RNA-seq	sequence	mRNA	HG01939	Peruvian in Lima, Peru	https://ftp.1000genomes.ebi.ac.uk/vol1/ftp/data_collections/mage_rnaseq/
ftp://ftp.sra.ebi.ac.uk/vol1/fastq/SRR197/096/SRR19762796/SRR19762796_2.fastq.gz	3e8ebdecd56072b3e30edc912381c744	MAGE RNA-seq	sequence	mRNA	HG01939	Peruvian in Lima, Peru	https://ftp.1000genomes.ebi.ac.uk/vol1/ftp/data_collections/mage_rnaseq/
ftp://ftp.sra.ebi.ac.uk/vol1/fastq/SRR197/098/SRR19762798/SRR19762798_1.fastq.gz	cbb7ce31ef48120bbe106eae389706bc	MAGE RNA-seq	sequence	mRNA	HG01920	Peruvian in Lima, Peru	https://ftp.1000genomes.ebi.ac.uk/vol1/ftp/data_collections/mage_rnaseq/
ftp://ftp.sra.ebi.ac.uk/vol1/fastq/SRR197/098/SRR19762798/SRR19762798_2.fastq.gz	cbb7ce31ef48120bbe106eae389706bc	MAGE RNA-seq	sequence	mRNA	HG01920	Peruvian in Lima, Peru	https://ftp.1000genomes.ebi.ac.uk/vol1/ftp/data_collections/mage_rnaseq/
ftp://ftp.sra.ebi.ac.uk/vol1/fastq/SRR197/000/SRR19762800/SRR19762800_1.fastq.gz	57d46b4fe2b8a672b31954b8b311d8af	MAGE RNA-seq	sequence	mRNA	HG01606	Iberian populations in Spain	https://ftp.1000genomes.ebi.ac.uk/vol1/ftp/data_collections/mage_rnaseq/
ftp://ftp.sra.ebi.ac.uk/vol1/fastq/SRR197/000/SRR19762800/SRR19762800_2.fastq.gz	57d46b4fe2b8a672b31954b8b311d8af	MAGE RNA-seq	sequence	mRNA	HG01606	Iberian populations in Spain	https://ftp.1000genomes.ebi.ac.uk/vol1/ftp/data_collections/mage_rnaseq/
ftp://ftp.sra.ebi.ac.uk/vol1/fastq/SRR197/001/SRR19762801/SRR19762801_1.fastq.gz	e7972745c4078d0ca0f55341ca7c85d1	MAGE RNA-seq	sequence	mRNA	HG01600	Kinh in Ho Chi Minh City, Vietnam	https://ftp.1000genomes.ebi.ac.uk/vol1/ftp/data_collections/mage_rnaseq/
ftp://ftp.sra.ebi.ac.uk/vol1/fastq/SRR197/001/SRR19762801/SRR19762801_2.fastq.gz	e7972745c4078d0ca0f55341ca7c85d1	MAGE RNA-seq	sequence	mRNA	HG01600	Kinh in Ho Chi Minh City, Vietnam	https://ftp.1000genomes.ebi.ac.uk/vol1/ftp/data_collections/mage_rnaseq/
ftp://ftp.sra.ebi.ac.uk/vol1/fastq/SRR197/003/SRR19762803/SRR19762803_1.fastq.gz	70459f7978ab1deb253e2c94bb309e23	MAGE RNA-seq	sequence	mRNA	HG01597	Kinh in Ho Chi Minh City, Vietnam	https://ftp.1000genomes.ebi.ac.uk/vol1/ftp/data_collections/mage_rnaseq/
ftp://ftp.sra.ebi.ac.uk/vol1/fastq/SRR197/003/SRR19762803/SRR19762803_2.fastq.gz	70459f7978ab1deb253e2c94bb309e23	MAGE RNA-seq	sequence	mRNA	HG01597	Kinh in Ho Chi Minh City, Vietnam	https://ftp.1000genomes.ebi.ac.uk/vol1/ftp/data_collections/mage_rnaseq/
ftp://ftp.sra.ebi.ac.uk/vol1/fastq/SRR197/005/SRR19762805/SRR19762805_1.fastq.gz	afb2b7dee6ca381c563ffd73f9b8f44b	MAGE RNA-seq	sequence	mRNA	HG01527	Iberian populations in Spain	https://ftp.1000genomes.ebi.ac.uk/vol1/ftp/data_collections/mage_rnaseq/
ftp://ftp.sra.ebi.ac.uk/vol1/fastq/SRR197/005/SRR19762805/SRR19762805_2.fastq.gz	afb2b7dee6ca381c563ffd73f9b8f44b	MAGE RNA-seq	sequence	mRNA	HG01527	Iberian populations in Spain	https://ftp.1000genomes.ebi.ac.uk/vol1/ftp/data_collections/mage_rnaseq/
ftp://ftp.sra.ebi.ac.uk/vol1/fastq/SRR197/006/SRR19762806/SRR19762806_1.fastq.gz	bc4763c530c4475c0950585db4066593	MAGE RNA-seq	sequence	mRNA	HG01578	Peruvian in Lima, Peru	https://ftp.1000genomes.ebi.ac.uk/vol1/ftp/data_collections/mage_rnaseq/
ftp://ftp.sra.ebi.ac.uk/vol1/fastq/SRR197/006/SRR19762806/SRR19762806_2.fastq.gz	bc4763c530c4475c0950585db4066593	MAGE RNA-seq	sequence	mRNA	HG01578	Peruvian in Lima, Peru	https://ftp.1000genomes.ebi.ac.uk/vol1/ftp/data_collections/mage_rnaseq/
ftp://ftp.sra.ebi.ac.uk/vol1/fastq/SRR197/007/SRR19762807/SRR19762807_1.fastq.gz	8a32f3447e5df9c1d9fcf4cd07835493	MAGE RNA-seq	sequence	mRNA	HG01593	Punjabi in Lahore, Pakistan	https://ftp.1000genomes.ebi.ac.uk/vol1/ftp/data_collections/mage_rnaseq/
ftp://ftp.sra.ebi.ac.uk/vol1/fastq/SRR197/007/SRR19762807/SRR19762807_2.fastq.gz	8a32f3447e5df9c1d9fcf4cd07835493	MAGE RNA-seq	sequence	mRNA	HG01593	Punjabi in Lahore, Pakistan	https://ftp.1000genomes.ebi.ac.uk/vol1/ftp/data_collections/mage_rnaseq/
ftp://ftp.sra.ebi.ac.uk/vol1/fastq/SRR197/008/SRR19762808/SRR19762808_1.fastq.gz	96f3262b2cd36bd876e7b94862c11a0f	MAGE RNA-seq	sequence	mRNA	HG00141	British in England and Scotland	https://ftp.1000genomes.ebi.ac.uk/vol1/ftp/data_collections/mage_rnaseq/
ftp://ftp.sra.ebi.ac.uk/vol1/fastq/SRR197/008/SRR19762808/SRR19762808_2.fastq.gz	96f3262b2cd36bd876e7b94862c11a0f	MAGE RNA-seq	sequence	mRNA	HG00141	British in England and Scotland	https://ftp.1000genomes.ebi.ac.uk/vol1/ftp/data_collections/mage_rnaseq/
ftp://ftp.sra.ebi.ac.uk/vol1/fastq/SRR197/010/SRR19762810/SRR19762810_1.fastq.gz	440df1cb05150555519a5220e10cd3c6	MAGE RNA-seq	sequence	mRNA	HG01518	Iberian populations in Spain	https://ftp.1000genomes.ebi.ac.uk/vol1/ftp/data_collections/mage_rnaseq/
ftp://ftp.sra.ebi.ac.uk/vol1/fastq/SRR197/010/SRR19762810/SRR19762810_2.fastq.gz	440df1cb05150555519a5220e10cd3c6	MAGE RNA-seq	sequence	mRNA	HG01518	Iberian populations in Spain	https://ftp.1000genomes.ebi.ac.uk/vol1/ftp/data_collections/mage_rnaseq/
ftp://ftp.sra.ebi.ac.uk/vol1/fastq/SRR197/012/SRR19762812/SRR19762812_1.fastq.gz	0b3097ec1d63e008a0e47b153d5c85f2	MAGE RNA-seq	sequence	mRNA	HG01170	Puerto Rican in Puerto Rico	https://ftp.1000genomes.ebi.ac.uk/vol1/ftp/data_collections/mage_rnaseq/
ftp://ftp.sra.ebi.ac.uk/vol1/fastq/SRR197/012/SRR19762812/SRR19762812_2.fastq.gz	0b3097ec1d63e008a0e47b153d5c85f2	MAGE RNA-seq	sequence	mRNA	HG01170	Puerto Rican in Puerto Rico	https://ftp.1000genomes.ebi.ac.uk/vol1/ftp/data_collections/mage_rnaseq/
ftp://ftp.sra.ebi.ac.uk/vol1/fastq/SRR197/013/SRR19762813/SRR19762813_1.fastq.gz	4ae043d98c4a7c6a175fff83c93fa927	MAGE RNA-seq	sequence	mRNA	HG01162	Puerto Rican in Puerto Rico	https://ftp.1000genomes.ebi.ac.uk/vol1/ftp/data_collections/mage_rnaseq/
ftp://ftp.sra.ebi.ac.uk/vol1/fastq/SRR197/013/SRR19762813/SRR19762813_2.fastq.gz	4ae043d98c4a7c6a175fff83c93fa927	MAGE RNA-seq	sequence	mRNA	HG01162	Puerto Rican in Puerto Rico	https://ftp.1000genomes.ebi.ac.uk/vol1/ftp/data_collections/mage_rnaseq/
ftp://ftp.sra.ebi.ac.uk/vol1/fastq/SRR197/017/SRR19762817/SRR19762817_1.fastq.gz	c095853428a828257e7e68392c70b810	MAGE RNA-seq	sequence	mRNA	HG01173	Puerto Rican in Puerto Rico	https://ftp.1000genomes.ebi.ac.uk/vol1/ftp/data_collections/mage_rnaseq/
ftp://ftp.sra.ebi.ac.uk/vol1/fastq/SRR197/017/SRR19762817/SRR19762817_2.fastq.gz	c095853428a828257e7e68392c70b810	MAGE RNA-seq	sequence	mRNA	HG01173	Puerto Rican in Puerto Rico	https://ftp.1000genomes.ebi.ac.uk/vol1/ftp/data_collections/mage_rnaseq/
ftp://ftp.sra.ebi.ac.uk/vol1/fastq/SRR197/018/SRR19762818/SRR19762818_1.fastq.gz	cb4653eeddc488a696ba84c3dc280ff1	MAGE RNA-seq	sequence	mRNA	HG01137	Colombian in Medellin, Colombia	https://ftp.1000genomes.ebi.ac.uk/vol1/ftp/data_collections/mage_rnaseq/
ftp://ftp.sra.ebi.ac.uk/vol1/fastq/SRR197/018/SRR19762818/SRR19762818_2.fastq.gz	cb4653eeddc488a696ba84c3dc280ff1	MAGE RNA-seq	sequence	mRNA	HG01137	Colombian in Medellin, Colombia	https://ftp.1000genomes.ebi.ac.uk/vol1/ftp/data_collections/mage_rnaseq/
ftp://ftp.sra.ebi.ac.uk/vol1/fastq/SRR197/020/SRR19762820/SRR19762820_1.fastq.gz	0f4ea9bb13efe66c1bf0130fd803c085	MAGE RNA-seq	sequence	mRNA	HG01108	Puerto Rican in Puerto Rico	https://ftp.1000genomes.ebi.ac.uk/vol1/ftp/data_collections/mage_rnaseq/
ftp://ftp.sra.ebi.ac.uk/vol1/fastq/SRR197/020/SRR19762820/SRR19762820_2.fastq.gz	0f4ea9bb13efe66c1bf0130fd803c085	MAGE RNA-seq	sequence	mRNA	HG01108	Puerto Rican in Puerto Rico	https://ftp.1000genomes.ebi.ac.uk/vol1/ftp/data_collections/mage_rnaseq/
ftp://ftp.sra.ebi.ac.uk/vol1/fastq/SRR197/025/SRR19762825/SRR19762825_1.fastq.gz	6cebe31236e0505a0f3dcde41addc47c	MAGE RNA-seq	sequence	mRNA	HG01061	Puerto Rican in Puerto Rico	https://ftp.1000genomes.ebi.ac.uk/vol1/ftp/data_collections/mage_rnaseq/
ftp://ftp.sra.ebi.ac.uk/vol1/fastq/SRR197/025/SRR19762825/SRR19762825_2.fastq.gz	6cebe31236e0505a0f3dcde41addc47c	MAGE RNA-seq	sequence	mRNA	HG01061	Puerto Rican in Puerto Rico	https://ftp.1000genomes.ebi.ac.uk/vol1/ftp/data_collections/mage_rnaseq/
ftp://ftp.sra.ebi.ac.uk/vol1/fastq/SRR197/026/SRR19762826/SRR19762826_1.fastq.gz	758936bdab8ada3b916d206ad6cd4fb9	MAGE RNA-seq	sequence	mRNA	HG00179	Finnish in Finland	https://ftp.1000genomes.ebi.ac.uk/vol1/ftp/data_collections/mage_rnaseq/
ftp://ftp.sra.ebi.ac.uk/vol1/fastq/SRR197/026/SRR19762826/SRR19762826_2.fastq.gz	758936bdab8ada3b916d206ad6cd4fb9	MAGE RNA-seq	sequence	mRNA	HG00179	Finnish in Finland	https://ftp.1000genomes.ebi.ac.uk/vol1/ftp/data_collections/mage_rnaseq/
ftp://ftp.sra.ebi.ac.uk/vol1/fastq/SRR197/028/SRR19762828/SRR19762828_1.fastq.gz	1c331ebaad33a20741a05eb1918a714d	MAGE RNA-seq	sequence	mRNA	HG02232	Iberian populations in Spain	https://ftp.1000genomes.ebi.ac.uk/vol1/ftp/data_collections/mage_rnaseq/
ftp://ftp.sra.ebi.ac.uk/vol1/fastq/SRR197/028/SRR19762828/SRR19762828_2.fastq.gz	1c331ebaad33a20741a05eb1918a714d	MAGE RNA-seq	sequence	mRNA	HG02232	Iberian populations in Spain	https://ftp.1000genomes.ebi.ac.uk/vol1/ftp/data_collections/mage_rnaseq/
ftp://ftp.sra.ebi.ac.uk/vol1/fastq/SRR197/033/SRR19762833/SRR19762833_1.fastq.gz	3d8ae68121c918548e5027c771874820	MAGE RNA-seq	sequence	mRNA	HG02215	British in England and Scotland	https://ftp.1000genomes.ebi.ac.uk/vol1/ftp/data_collections/mage_rnaseq/
ftp://ftp.sra.ebi.ac.uk/vol1/fastq/SRR197/033/SRR19762833/SRR19762833_2.fastq.gz	3d8ae68121c918548e5027c771874820	MAGE RNA-seq	sequence	mRNA	HG02215	British in England and Scotland	https://ftp.1000genomes.ebi.ac.uk/vol1/ftp/data_collections/mage_rnaseq/
ftp://ftp.sra.ebi.ac.uk/vol1/fastq/SRR197/034/SRR19762834/SRR19762834_1.fastq.gz	dd79da3452a64ddfad9914e7668bfbaa	MAGE RNA-seq	sequence	mRNA	HG02215	British in England and Scotland	https://ftp.1000genomes.ebi.ac.uk/vol1/ftp/data_collections/mage_rnaseq/
ftp://ftp.sra.ebi.ac.uk/vol1/fastq/SRR197/034/SRR19762834/SRR19762834_2.fastq.gz	dd79da3452a64ddfad9914e7668bfbaa	MAGE RNA-seq	sequence	mRNA	HG02215	British in England and Scotland	https://ftp.1000genomes.ebi.ac.uk/vol1/ftp/data_collections/mage_rnaseq/
ftp://ftp.sra.ebi.ac.uk/vol1/fastq/SRR197/035/SRR19762835/SRR19762835_1.fastq.gz	3a92105d2d73993e20d7c00a795409f6	MAGE RNA-seq	sequence	mRNA	HG00177	Finnish in Finland	https://ftp.1000genomes.ebi.ac.uk/vol1/ftp/data_collections/mage_rnaseq/
ftp://ftp.sra.ebi.ac.uk/vol1/fastq/SRR197/035/SRR19762835/SRR19762835_2.fastq.gz	3a92105d2d73993e20d7c00a795409f6	MAGE RNA-seq	sequence	mRNA	HG00177	Finnish in Finland	https://ftp.1000genomes.ebi.ac.uk/vol1/ftp/data_collections/mage_rnaseq/
ftp://ftp.sra.ebi.ac.uk/vol1/fastq/SRR197/040/SRR19762840/SRR19762840_1.fastq.gz	6ab1f01a04686511784fc69496906d69	MAGE RNA-seq	sequence	mRNA	HG01912	African Caribbean in Barbados	https://ftp.1000genomes.ebi.ac.uk/vol1/ftp/data_collections/mage_rnaseq/
ftp://ftp.sra.ebi.ac.uk/vol1/fastq/SRR197/040/SRR19762840/SRR19762840_2.fastq.gz	6ab1f01a04686511784fc69496906d69	MAGE RNA-seq	sequence	mRNA	HG01912	African Caribbean in Barbados	https://ftp.1000genomes.ebi.ac.uk/vol1/ftp/data_collections/mage_rnaseq/
ftp://ftp.sra.ebi.ac.uk/vol1/fastq/SRR197/046/SRR19762846/SRR19762846_1.fastq.gz	05950832e761b0d5eded12a0c2c0829f	MAGE RNA-seq	sequence	mRNA	HG01872	Kinh in Ho Chi Minh City, Vietnam	https://ftp.1000genomes.ebi.ac.uk/vol1/ftp/data_collections/mage_rnaseq/
ftp://ftp.sra.ebi.ac.uk/vol1/fastq/SRR197/046/SRR19762846/SRR19762846_2.fastq.gz	05950832e761b0d5eded12a0c2c0829f	MAGE RNA-seq	sequence	mRNA	HG01872	Kinh in Ho Chi Minh City, Vietnam	https://ftp.1000genomes.ebi.ac.uk/vol1/ftp/data_collections/mage_rnaseq/
ftp://ftp.sra.ebi.ac.uk/vol1/fastq/SRR197/048/SRR19762848/SRR19762848_1.fastq.gz	0bda57089af8784c3c4a7bf47b116530	MAGE RNA-seq	sequence	mRNA	HG01858	Kinh in Ho Chi Minh City, Vietnam	https://ftp.1000genomes.ebi.ac.uk/vol1/ftp/data_collections/mage_rnaseq/
ftp://ftp.sra.ebi.ac.uk/vol1/fastq/SRR197/048/SRR19762848/SRR19762848_2.fastq.gz	0bda57089af8784c3c4a7bf47b116530	MAGE RNA-seq	sequence	mRNA	HG01858	Kinh in Ho Chi Minh City, Vietnam	https://ftp.1000genomes.ebi.ac.uk/vol1/ftp/data_collections/mage_rnaseq/
ftp://ftp.sra.ebi.ac.uk/vol1/fastq/SRR197/055/SRR19762855/SRR19762855_1.fastq.gz	82a8d547ec0fe443fd051757c0a40f15	MAGE RNA-seq	sequence	mRNA	HG00132	British in England and Scotland	https://ftp.1000genomes.ebi.ac.uk/vol1/ftp/data_collections/mage_rnaseq/
ftp://ftp.sra.ebi.ac.uk/vol1/fastq/SRR197/055/SRR19762855/SRR19762855_2.fastq.gz	82a8d547ec0fe443fd051757c0a40f15	MAGE RNA-seq	sequence	mRNA	HG00132	British in England and Scotland	https://ftp.1000genomes.ebi.ac.uk/vol1/ftp/data_collections/mage_rnaseq/
ftp://ftp.sra.ebi.ac.uk/vol1/fastq/SRR197/056/SRR19762856/SRR19762856_1.fastq.gz	da79d7c491d050111a5cdbf39b46ba87	MAGE RNA-seq	sequence	mRNA	HG01515	Iberian populations in Spain	https://ftp.1000genomes.ebi.ac.uk/vol1/ftp/data_collections/mage_rnaseq/
ftp://ftp.sra.ebi.ac.uk/vol1/fastq/SRR197/056/SRR19762856/SRR19762856_2.fastq.gz	da79d7c491d050111a5cdbf39b46ba87	MAGE RNA-seq	sequence	mRNA	HG01515	Iberian populations in Spain	https://ftp.1000genomes.ebi.ac.uk/vol1/ftp/data_collections/mage_rnaseq/
ftp://ftp.sra.ebi.ac.uk/vol1/fastq/SRR197/063/SRR19762863/SRR19762863_1.fastq.gz	084f19e6b256cec1fd20ba67b057b3d5	MAGE RNA-seq	sequence	mRNA	HG01492	Colombian in Medellin, Colombia	https://ftp.1000genomes.ebi.ac.uk/vol1/ftp/data_collections/mage_rnaseq/
ftp://ftp.sra.ebi.ac.uk/vol1/fastq/SRR197/063/SRR19762863/SRR19762863_2.fastq.gz	084f19e6b256cec1fd20ba67b057b3d5	MAGE RNA-seq	sequence	mRNA	HG01492	Colombian in Medellin, Colombia	https://ftp.1000genomes.ebi.ac.uk/vol1/ftp/data_collections/mage_rnaseq/
ftp://ftp.sra.ebi.ac.uk/vol1/fastq/SRR197/065/SRR19762865/SRR19762865_1.fastq.gz	41bb1ab8ad83608d9a5658863cd71118	MAGE RNA-seq	sequence	mRNA	HG01468	Colombian in Medellin, Colombia	https://ftp.1000genomes.ebi.ac.uk/vol1/ftp/data_collections/mage_rnaseq/
ftp://ftp.sra.ebi.ac.uk/vol1/fastq/SRR197/065/SRR19762865/SRR19762865_2.fastq.gz	41bb1ab8ad83608d9a5658863cd71118	MAGE RNA-seq	sequence	mRNA	HG01468	Colombian in Medellin, Colombia	https://ftp.1000genomes.ebi.ac.uk/vol1/ftp/data_collections/mage_rnaseq/
ftp://ftp.sra.ebi.ac.uk/vol1/fastq/SRR197/066/SRR19762866/SRR19762866_1.fastq.gz	6dab5b9cc032add40a98377576600485	MAGE RNA-seq	sequence	mRNA	HG00130	British in England and Scotland	https://ftp.1000genomes.ebi.ac.uk/vol1/ftp/data_collections/mage_rnaseq/
ftp://ftp.sra.ebi.ac.uk/vol1/fastq/SRR197/066/SRR19762866/SRR19762866_2.fastq.gz	6dab5b9cc032add40a98377576600485	MAGE RNA-seq	sequence	mRNA	HG00130	British in England and Scotland	https://ftp.1000genomes.ebi.ac.uk/vol1/ftp/data_collections/mage_rnaseq/
ftp://ftp.sra.ebi.ac.uk/vol1/fastq/SRR197/069/SRR19762869/SRR19762869_1.fastq.gz	1a0c87a93a27dfa02dc4e940874b45dc	MAGE RNA-seq	sequence	mRNA	HG00122	British in England and Scotland	https://ftp.1000genomes.ebi.ac.uk/vol1/ftp/data_collections/mage_rnaseq/
ftp://ftp.sra.ebi.ac.uk/vol1/fastq/SRR197/069/SRR19762869/SRR19762869_2.fastq.gz	1a0c87a93a27dfa02dc4e940874b45dc	MAGE RNA-seq	sequence	mRNA	HG00122	British in England and Scotland	https://ftp.1000genomes.ebi.ac.uk/vol1/ftp/data_collections/mage_rnaseq/
ftp://ftp.sra.ebi.ac.uk/vol1/fastq/SRR197/071/SRR19762871/SRR19762871_1.fastq.gz	25fb6a2983c93db9213db7f5a29407e0	MAGE RNA-seq	sequence	mRNA	HG01052	Puerto Rican in Puerto Rico	https://ftp.1000genomes.ebi.ac.uk/vol1/ftp/data_collections/mage_rnaseq/
ftp://ftp.sra.ebi.ac.uk/vol1/fastq/SRR197/071/SRR19762871/SRR19762871_2.fastq.gz	25fb6a2983c93db9213db7f5a29407e0	MAGE RNA-seq	sequence	mRNA	HG01052	Puerto Rican in Puerto Rico	https://ftp.1000genomes.ebi.ac.uk/vol1/ftp/data_collections/mage_rnaseq/
ftp://ftp.sra.ebi.ac.uk/vol1/fastq/SRR197/072/SRR19762872/SRR19762872_1.fastq.gz	32bacc92c7c3c6368e5c349f3ebd2eb6	MAGE RNA-seq	sequence	mRNA	HG01047	Puerto Rican in Puerto Rico	https://ftp.1000genomes.ebi.ac.uk/vol1/ftp/data_collections/mage_rnaseq/
ftp://ftp.sra.ebi.ac.uk/vol1/fastq/SRR197/072/SRR19762872/SRR19762872_2.fastq.gz	32bacc92c7c3c6368e5c349f3ebd2eb6	MAGE RNA-seq	sequence	mRNA	HG01047	Puerto Rican in Puerto Rico	https://ftp.1000genomes.ebi.ac.uk/vol1/ftp/data_collections/mage_rnaseq/
ftp://ftp.sra.ebi.ac.uk/vol1/fastq/SRR197/075/SRR19762875/SRR19762875_1.fastq.gz	2fe212eb035608ad4674e7d494c8d299	MAGE RNA-seq	sequence	mRNA	HG00978	Chinese Dai in Xishuangbanna, China	https://ftp.1000genomes.ebi.ac.uk/vol1/ftp/data_collections/mage_rnaseq/
ftp://ftp.sra.ebi.ac.uk/vol1/fastq/SRR197/075/SRR19762875/SRR19762875_2.fastq.gz	2fe212eb035608ad4674e7d494c8d299	MAGE RNA-seq	sequence	mRNA	HG00978	Chinese Dai in Xishuangbanna, China	https://ftp.1000genomes.ebi.ac.uk/vol1/ftp/data_collections/mage_rnaseq/
ftp://ftp.sra.ebi.ac.uk/vol1/fastq/SRR197/082/SRR19762882/SRR19762882_1.fastq.gz	5147b3f9c56ba2a4c306ddff802b2169	MAGE RNA-seq	sequence	mRNA	HG00625	Han Chinese South	https://ftp.1000genomes.ebi.ac.uk/vol1/ftp/data_collections/mage_rnaseq/
ftp://ftp.sra.ebi.ac.uk/vol1/fastq/SRR197/082/SRR19762882/SRR19762882_2.fastq.gz	5147b3f9c56ba2a4c306ddff802b2169	MAGE RNA-seq	sequence	mRNA	HG00625	Han Chinese South	https://ftp.1000genomes.ebi.ac.uk/vol1/ftp/data_collections/mage_rnaseq/
ftp://ftp.sra.ebi.ac.uk/vol1/fastq/SRR197/083/SRR19762883/SRR19762883_1.fastq.gz	94f7c02219ddd21d0257612fbbcbe7c3	MAGE RNA-seq	sequence	mRNA	HG00631	Han Chinese South	https://ftp.1000genomes.ebi.ac.uk/vol1/ftp/data_collections/mage_rnaseq/
ftp://ftp.sra.ebi.ac.uk/vol1/fastq/SRR197/083/SRR19762883/SRR19762883_2.fastq.gz	94f7c02219ddd21d0257612fbbcbe7c3	MAGE RNA-seq	sequence	mRNA	HG00631	Han Chinese South	https://ftp.1000genomes.ebi.ac.uk/vol1/ftp/data_collections/mage_rnaseq/
ftp://ftp.sra.ebi.ac.uk/vol1/fastq/SRR197/084/SRR19762884/SRR19762884_1.fastq.gz	e02b6cac7356c6c22868cd1afa2c6a92	MAGE RNA-seq	sequence	mRNA	HG00607	Han Chinese South	https://ftp.1000genomes.ebi.ac.uk/vol1/ftp/data_collections/mage_rnaseq/
ftp://ftp.sra.ebi.ac.uk/vol1/fastq/SRR197/084/SRR19762884/SRR19762884_2.fastq.gz	e02b6cac7356c6c22868cd1afa2c6a92	MAGE RNA-seq	sequence	mRNA	HG00607	Han Chinese South	https://ftp.1000genomes.ebi.ac.uk/vol1/ftp/data_collections/mage_rnaseq/
ftp://ftp.sra.ebi.ac.uk/vol1/fastq/SRR197/089/SRR19762889/SRR19762889_1.fastq.gz	e175ced870750c5d7be258d21c444376	MAGE RNA-seq	sequence	mRNA	HG00583	Han Chinese South	https://ftp.1000genomes.ebi.ac.uk/vol1/ftp/data_collections/mage_rnaseq/
ftp://ftp.sra.ebi.ac.uk/vol1/fastq/SRR197/089/SRR19762889/SRR19762889_2.fastq.gz	e175ced870750c5d7be258d21c444376	MAGE RNA-seq	sequence	mRNA	HG00583	Han Chinese South	https://ftp.1000genomes.ebi.ac.uk/vol1/ftp/data_collections/mage_rnaseq/
ftp://ftp.sra.ebi.ac.uk/vol1/fastq/SRR197/093/SRR19762893/SRR19762893_1.fastq.gz	ab4737fe9db761d3fc146abf5d361c35	MAGE RNA-seq	sequence	mRNA	NA20532	Toscani in Italy	https://ftp.1000genomes.ebi.ac.uk/vol1/ftp/data_collections/mage_rnaseq/
ftp://ftp.sra.ebi.ac.uk/vol1/fastq/SRR197/093/SRR19762893/SRR19762893_2.fastq.gz	ab4737fe9db761d3fc146abf5d361c35	MAGE RNA-seq	sequence	mRNA	NA20532	Toscani in Italy	https://ftp.1000genomes.ebi.ac.uk/vol1/ftp/data_collections/mage_rnaseq/
ftp://ftp.sra.ebi.ac.uk/vol1/fastq/SRR197/094/SRR19762894/SRR19762894_1.fastq.gz	c6b4b76e3af8cde9181a5a909ca88579	MAGE RNA-seq	sequence	mRNA	NA20525	Toscani in Italy	https://ftp.1000genomes.ebi.ac.uk/vol1/ftp/data_collections/mage_rnaseq/
ftp://ftp.sra.ebi.ac.uk/vol1/fastq/SRR197/094/SRR19762894/SRR19762894_2.fastq.gz	c6b4b76e3af8cde9181a5a909ca88579	MAGE RNA-seq	sequence	mRNA	NA20525	Toscani in Italy	https://ftp.1000genomes.ebi.ac.uk/vol1/ftp/data_collections/mage_rnaseq/
ftp://ftp.sra.ebi.ac.uk/vol1/fastq/SRR197/098/SRR19762898/SRR19762898_1.fastq.gz	f1379220fedb9a53cbb2b2df8fc4df55	MAGE RNA-seq	sequence	mRNA	HG00360	Finnish in Finland	https://ftp.1000genomes.ebi.ac.uk/vol1/ftp/data_collections/mage_rnaseq/
ftp://ftp.sra.ebi.ac.uk/vol1/fastq/SRR197/098/SRR19762898/SRR19762898_2.fastq.gz	f1379220fedb9a53cbb2b2df8fc4df55	MAGE RNA-seq	sequence	mRNA	HG00360	Finnish in Finland	https://ftp.1000genomes.ebi.ac.uk/vol1/ftp/data_collections/mage_rnaseq/
ftp://ftp.sra.ebi.ac.uk/vol1/fastq/SRR197/008/SRR19762908/SRR19762908_1.fastq.gz	590c1dee12b1ce20682f8c9c7454c179	MAGE RNA-seq	sequence	mRNA	NA19731	Mexican Ancestry in Los Angeles, California	https://ftp.1000genomes.ebi.ac.uk/vol1/ftp/data_collections/mage_rnaseq/
ftp://ftp.sra.ebi.ac.uk/vol1/fastq/SRR197/008/SRR19762908/SRR19762908_2.fastq.gz	590c1dee12b1ce20682f8c9c7454c179	MAGE RNA-seq	sequence	mRNA	NA19731	Mexican Ancestry in Los Angeles, California	https://ftp.1000genomes.ebi.ac.uk/vol1/ftp/data_collections/mage_rnaseq/
ftp://ftp.sra.ebi.ac.uk/vol1/fastq/SRR197/010/SRR19762910/SRR19762910_1.fastq.gz	9808b808060834b2c54faea3d0c910da	MAGE RNA-seq	sequence	mRNA	NA19732	Mexican Ancestry in Los Angeles, California	https://ftp.1000genomes.ebi.ac.uk/vol1/ftp/data_collections/mage_rnaseq/
ftp://ftp.sra.ebi.ac.uk/vol1/fastq/SRR197/010/SRR19762910/SRR19762910_2.fastq.gz	9808b808060834b2c54faea3d0c910da	MAGE RNA-seq	sequence	mRNA	NA19732	Mexican Ancestry in Los Angeles, California	https://ftp.1000genomes.ebi.ac.uk/vol1/ftp/data_collections/mage_rnaseq/
ftp://ftp.sra.ebi.ac.uk/vol1/fastq/SRR197/016/SRR19762916/SRR19762916_1.fastq.gz	5c31e788c265c9d342f850765f228762	MAGE RNA-seq	sequence	mRNA	HG00525	Han Chinese South	https://ftp.1000genomes.ebi.ac.uk/vol1/ftp/data_collections/mage_rnaseq/
ftp://ftp.sra.ebi.ac.uk/vol1/fastq/SRR197/016/SRR19762916/SRR19762916_2.fastq.gz	5c31e788c265c9d342f850765f228762	MAGE RNA-seq	sequence	mRNA	HG00525	Han Chinese South	https://ftp.1000genomes.ebi.ac.uk/vol1/ftp/data_collections/mage_rnaseq/
ftp://ftp.sra.ebi.ac.uk/vol1/fastq/SRR197/025/SRR19762925/SRR19762925_1.fastq.gz	1d706d443121e6642de15d4b25ce7304	MAGE RNA-seq	sequence	mRNA	HG00473	Han Chinese South	https://ftp.1000genomes.ebi.ac.uk/vol1/ftp/data_collections/mage_rnaseq/
ftp://ftp.sra.ebi.ac.uk/vol1/fastq/SRR197/025/SRR19762925/SRR19762925_2.fastq.gz	1d706d443121e6642de15d4b25ce7304	MAGE RNA-seq	sequence	mRNA	HG00473	Han Chinese South	https://ftp.1000genomes.ebi.ac.uk/vol1/ftp/data_collections/mage_rnaseq/
ftp://ftp.sra.ebi.ac.uk/vol1/fastq/SRR197/027/SRR19762927/SRR19762927_1.fastq.gz	293f5b57ddbe28152427c106ad881d66	MAGE RNA-seq	sequence	mRNA	NA21127	Gujarati Indians in Houston, TX	https://ftp.1000genomes.ebi.ac.uk/vol1/ftp/data_collections/mage_rnaseq/
ftp://ftp.sra.ebi.ac.uk/vol1/fastq/SRR197/027/SRR19762927/SRR19762927_2.fastq.gz	293f5b57ddbe28152427c106ad881d66	MAGE RNA-seq	sequence	mRNA	NA21127	Gujarati Indians in Houston, TX	https://ftp.1000genomes.ebi.ac.uk/vol1/ftp/data_collections/mage_rnaseq/
ftp://ftp.sra.ebi.ac.uk/vol1/fastq/SRR197/030/SRR19762930/SRR19762930_1.fastq.gz	432b2e32f48500a1db7a9e508a3488a9	MAGE RNA-seq	sequence	mRNA	NA20342	African Ancestry in Southwest US	https://ftp.1000genomes.ebi.ac.uk/vol1/ftp/data_collections/mage_rnaseq/
ftp://ftp.sra.ebi.ac.uk/vol1/fastq/SRR197/030/SRR19762930/SRR19762930_2.fastq.gz	432b2e32f48500a1db7a9e508a3488a9	MAGE RNA-seq	sequence	mRNA	NA20342	African Ancestry in Southwest US	https://ftp.1000genomes.ebi.ac.uk/vol1/ftp/data_collections/mage_rnaseq/
ftp://ftp.sra.ebi.ac.uk/vol1/fastq/SRR197/032/SRR19762932/SRR19762932_1.fastq.gz	05d8b7c75bb8b231889fe13ba0a6bb72	MAGE RNA-seq	sequence	mRNA	NA20412	African Ancestry in Southwest US	https://ftp.1000genomes.ebi.ac.uk/vol1/ftp/data_collections/mage_rnaseq/
ftp://ftp.sra.ebi.ac.uk/vol1/fastq/SRR197/032/SRR19762932/SRR19762932_2.fastq.gz	05d8b7c75bb8b231889fe13ba0a6bb72	MAGE RNA-seq	sequence	mRNA	NA20412	African Ancestry in Southwest US	https://ftp.1000genomes.ebi.ac.uk/vol1/ftp/data_collections/mage_rnaseq/
ftp://ftp.sra.ebi.ac.uk/vol1/fastq/SRR197/035/SRR19762935/SRR19762935_1.fastq.gz	340d2f3c56fbfd3e8c52c374603f0084	MAGE RNA-seq	sequence	mRNA	NA20318	African Ancestry in Southwest US	https://ftp.1000genomes.ebi.ac.uk/vol1/ftp/data_collections/mage_rnaseq/
ftp://ftp.sra.ebi.ac.uk/vol1/fastq/SRR197/035/SRR19762935/SRR19762935_2.fastq.gz	340d2f3c56fbfd3e8c52c374603f0084	MAGE RNA-seq	sequence	mRNA	NA20318	African Ancestry in Southwest US	https://ftp.1000genomes.ebi.ac.uk/vol1/ftp/data_collections/mage_rnaseq/
ftp://ftp.sra.ebi.ac.uk/vol1/fastq/SRR197/037/SRR19762937/SRR19762937_1.fastq.gz	aa869c776445d9f39648d2c7158e666f	MAGE RNA-seq	sequence	mRNA	NA20298	African Ancestry in Southwest US	https://ftp.1000genomes.ebi.ac.uk/vol1/ftp/data_collections/mage_rnaseq/
ftp://ftp.sra.ebi.ac.uk/vol1/fastq/SRR197/037/SRR19762937/SRR19762937_2.fastq.gz	aa869c776445d9f39648d2c7158e666f	MAGE RNA-seq	sequence	mRNA	NA20298	African Ancestry in Southwest US	https://ftp.1000genomes.ebi.ac.uk/vol1/ftp/data_collections/mage_rnaseq/
ftp://ftp.sra.ebi.ac.uk/vol1/fastq/SRR197/039/SRR19762939/SRR19762939_1.fastq.gz	156b5209b1c970428bc3b6853167461a	MAGE RNA-seq	sequence	mRNA	NA20320	African Ancestry in Southwest US	https://ftp.1000genomes.ebi.ac.uk/vol1/ftp/data_collections/mage_rnaseq/
ftp://ftp.sra.ebi.ac.uk/vol1/fastq/SRR197/039/SRR19762939/SRR19762939_2.fastq.gz	156b5209b1c970428bc3b6853167461a	MAGE RNA-seq	sequence	mRNA	NA20320	African Ancestry in Southwest US	https://ftp.1000genomes.ebi.ac.uk/vol1/ftp/data_collections/mage_rnaseq/
